invoice_id,purchase_date,customer_id
536365,2014-12-01,17850
536366,2014-12-01,17850
536367,2014-12-01,13047
536368,2014-12-01,13047
536369,2014-12-01,13047
536370,2014-12-01,12583
536371,2014-12-01,13748
536372,2014-12-01,17850
536373,2014-12-01,17850
536374,2014-12-01,15100
536375,2014-12-01,17850
536376,2014-12-01,15291
536377,2014-12-01,17850
536378,2014-12-01,14688
536380,2014-12-01,17809
536381,2014-12-01,15311
536382,2014-12-01,16098
536384,2014-12-01,18074
536385,2014-12-01,17420
536386,2014-12-01,16029
536387,2014-12-01,16029
536388,2014-12-01,16250
536389,2014-12-01,12431
536390,2014-12-01,17511
536392,2014-12-01,13705
536393,2014-12-01,13747
536394,2014-12-01,13408
536395,2014-12-01,13767
536396,2014-12-01,17850
536397,2014-12-01,17924
536398,2014-12-01,13448
536399,2014-12-01,17850
536400,2014-12-01,13448
536401,2014-12-01,15862
536402,2014-12-01,15513
536403,2014-12-01,12791
536404,2014-12-01,16218
536405,2014-12-01,14045
536406,2014-12-01,17850
536407,2014-12-01,17850
536408,2014-12-01,14307
536409,2014-12-01,17908
536412,2014-12-01,17920
536415,2014-12-01,12838
536416,2014-12-01,13255
536420,2014-12-01,16583
536423,2014-12-01,18085
536425,2014-12-01,13758
536437,2014-12-01,13694
536446,2014-12-01,15983
536460,2014-12-01,14849
536463,2014-12-01,14849
536464,2014-12-01,17968
536466,2014-12-01,14849
536477,2014-12-01,16210
536488,2014-12-01,17897
536500,2014-12-01,17377
536502,2014-12-01,16552
536508,2014-12-01,17181
536514,2014-12-01,17951
536520,2014-12-01,14729
536521,2014-12-01,12748
536522,2014-12-01,15012
536523,2014-12-01,12868
536524,2014-12-01,17572
536525,2014-12-01,14078
536526,2014-12-01,14001
536527,2014-12-01,12662
536528,2014-12-01,15525
536529,2014-12-01,14237
536530,2014-12-01,17905
536531,2014-12-01,15485
536532,2014-12-01,12433
536533,2014-12-01,16955
536534,2014-12-01,15350
536535,2014-12-01,15605
536536,2014-12-01,18144
536537,2014-12-01,15922
536538,2014-12-01,14594
536539,2014-12-01,15165
536540,2014-12-01,14911
536541,2014-12-01,14911
536542,2014-12-01,16456
536551,2014-12-01,17346
536556,2014-12-01,17643
536557,2014-12-01,17841
536559,2014-12-01,17873
536560,2014-12-01,13093
536561,2014-12-01,12921
536562,2014-12-01,13468
536563,2014-12-01,17760
536564,2014-12-01,13468
536566,2014-12-01,16928
536567,2014-12-01,16048
536568,2014-12-01,16048
536569,2014-12-01,16274
536570,2014-12-01,14496
536571,2014-12-01,14696
536572,2014-12-01,16539
536573,2014-12-01,17025
536574,2014-12-01,17025
536575,2014-12-01,13777
536576,2014-12-01,13777
536577,2014-12-01,13777
536578,2014-12-01,17690
536579,2014-12-01,13777
536580,2014-12-01,17690
536581,2014-12-01,13777
536582,2014-12-01,12947
536583,2014-12-01,13777
536584,2014-12-01,13777
536585,2014-12-01,17460
536586,2014-12-01,18229
536587,2014-12-01,14142
536588,2014-12-01,17069
536590,2014-12-01,13065
536591,2014-12-01,14606
536593,2014-12-01,16835
536594,2014-12-01,15235
536595,2014-12-01,13576
536597,2014-12-01,18011
536598,2014-12-02,13090
536599,2014-12-02,15694
536600,2014-12-02,17850
536601,2014-12-02,17850
536602,2014-12-02,17850
536603,2014-12-02,17850
536604,2014-12-02,14741
536605,2014-12-02,13715
536607,2014-12-02,17732
536608,2014-12-02,12855
536609,2014-12-02,17850
536610,2014-12-02,17850
536611,2014-12-02,15752
536612,2014-12-02,17850
536613,2014-12-02,17855
536614,2014-12-02,17850
536615,2014-12-02,14047
536616,2014-12-02,17925
536617,2014-12-02,13941
536618,2014-12-02,17017
536619,2014-12-02,17017
536620,2014-12-02,14135
536621,2014-12-02,13108
536623,2014-12-02,15601
536624,2014-12-02,13418
536626,2014-12-02,13418
536627,2014-12-02,15658
536628,2014-12-02,17850
536629,2014-12-02,17850
536630,2014-12-02,17850
536631,2014-12-02,17850
536632,2014-12-02,14388
536633,2014-12-02,14901
536634,2014-12-02,18041
536635,2014-12-02,15955
536636,2014-12-02,15070
536637,2014-12-02,18041
536638,2014-12-02,16244
536639,2014-12-02,15111
536641,2014-12-02,12748
536643,2014-12-02,14390
536663,2014-12-02,16546
536667,2014-12-02,15260
536670,2014-12-02,15260
536671,2014-12-02,13305
536672,2014-12-02,14491
536673,2014-12-02,14060
536674,2014-12-02,15923
536676,2014-12-02,16752
536681,2014-12-02,17287
536685,2014-12-02,17850
536688,2014-12-02,17850
536690,2014-12-02,17850
536693,2014-12-02,17850
536698,2014-12-02,15363
536707,2014-12-02,12915
536732,2014-12-02,15544
536733,2014-12-02,15738
536735,2014-12-02,17381
536736,2014-12-02,17381
536738,2014-12-02,15827
536739,2014-12-02,14180
536740,2014-12-02,15827
536741,2014-12-02,13117
536742,2014-12-02,16916
536743,2014-12-02,17964
536744,2014-12-02,14466
536745,2014-12-02,17235
536746,2014-12-02,16510
536747,2014-12-02,17802
536748,2014-12-02,15107
536749,2014-12-02,17976
536750,2014-12-02,17850
536751,2014-12-02,17850
536752,2014-12-02,17850
536753,2014-12-02,17850
536754,2014-12-02,14449
536759,2014-12-02,16781
536761,2014-12-02,13491
536762,2014-12-02,16186
536763,2014-12-02,17685
536769,2014-12-02,17581
536771,2014-12-02,17581
536777,2014-12-02,15732
536778,2014-12-02,13138
536779,2014-12-02,15823
536781,2014-12-02,17460
536782,2014-12-02,17567
536783,2014-12-02,15061
536784,2014-12-02,15061
536785,2014-12-02,15061
536786,2014-12-02,15061
536787,2014-12-02,17850
536788,2014-12-02,15061
536789,2014-12-02,17850
536790,2014-12-02,17850
536791,2014-12-02,17850
536792,2014-12-02,15061
536793,2014-12-02,16203
536794,2014-12-02,13767
536795,2014-12-02,15640
536796,2014-12-02,15574
536797,2014-12-02,16770
536798,2014-12-02,17838
536799,2014-12-02,17228
536800,2014-12-02,14829
536802,2014-12-02,17412
536803,2014-12-02,14911
536804,2014-12-02,14031
536805,2014-12-02,14775
536806,2014-12-02,12971
536808,2014-12-02,17659
536809,2014-12-02,15299
536810,2014-12-02,15299
536811,2014-12-02,15299
536813,2014-12-02,15646
536819,2014-12-02,13402
536821,2014-12-02,17757
536823,2014-12-02,13011
536824,2014-12-02,13798
536830,2014-12-02,16754
536831,2014-12-02,16029
536832,2014-12-02,16634
536833,2014-12-02,18239
536834,2014-12-02,14576
536835,2014-12-02,13145
536836,2014-12-02,18168
536837,2014-12-02,14395
536838,2014-12-02,14865
536839,2014-12-02,15093
536840,2014-12-02,12738
536841,2014-12-02,16150
536842,2014-12-02,17552
536843,2014-12-02,17552
536844,2014-12-02,14236
536845,2014-12-02,17961
536846,2014-12-02,14573
536847,2014-12-03,17135
536848,2014-12-03,13408
536849,2014-12-03,17396
536851,2014-12-03,12967
536852,2014-12-03,12686
536856,2014-12-03,13370
536857,2014-12-03,16883
536858,2014-12-03,13520
536859,2014-12-03,12841
536860,2014-12-03,16905
536861,2014-12-03,12427
536863,2014-12-03,17967
536874,2014-12-03,16891
536884,2014-12-03,14589
536890,2014-12-03,14156
536938,2014-12-03,14680
536943,2014-12-03,17884
536944,2014-12-03,12557
536945,2014-12-03,14083
536946,2014-12-03,13013
536947,2014-12-03,13013
536954,2014-12-03,17809
536956,2014-12-03,14210
536957,2014-12-03,17809
536960,2014-12-03,16477
536967,2014-12-03,12600
536968,2014-12-03,16013
536969,2014-12-03,16013
536970,2014-12-03,17949
536971,2014-12-03,12779
536972,2014-12-03,16926
536973,2014-12-03,17787
536974,2014-12-03,12682
536975,2014-12-03,14911
536976,2014-12-03,14723
536977,2014-12-03,17954
536980,2014-12-03,17819
536981,2014-12-03,14723
536983,2014-12-03,12712
536984,2014-12-03,17841
536985,2014-12-03,15373
536986,2014-12-03,16140
536987,2014-12-03,17198
536988,2014-12-03,17238
536989,2014-12-03,17238
536990,2014-12-03,12793
536992,2014-12-03,15769
536993,2014-12-03,14396
536994,2014-12-03,14898
537022,2014-12-03,12725
537023,2014-12-03,16725
537026,2014-12-03,12395
537030,2014-12-03,16455
537031,2014-12-03,16455
537034,2014-12-03,13081
537035,2014-12-03,13081
537036,2014-12-03,15545
537037,2014-12-05,17243
537038,2014-12-05,15465
537040,2014-12-05,13089
537041,2014-12-05,16033
537042,2014-12-05,13838
537044,2014-12-05,18055
537045,2014-12-05,15038
537046,2014-12-05,18109
537047,2014-12-05,13069
537048,2014-12-05,13069
537049,2014-12-05,16241
537050,2014-12-05,14800
537051,2014-12-05,15708
537052,2014-12-05,16839
537053,2014-12-05,16168
537054,2014-12-05,16931
537055,2014-12-05,16814
537057,2014-12-05,15351
537058,2014-12-05,13269
537059,2014-12-05,14813
537065,2014-12-05,12567
537067,2014-12-05,14813
537077,2014-12-05,17062
537081,2014-12-05,15332
537086,2014-12-05,15332
537090,2014-12-05,15332
537111,2014-12-05,14810
537117,2014-12-05,16353
537126,2014-12-05,18118
537127,2014-12-05,13831
537128,2014-12-05,12841
537129,2014-12-05,13506
537130,2014-12-05,17796
537131,2014-12-05,15716
537133,2014-12-05,18156
537134,2014-12-05,16983
537135,2014-12-05,17059
537136,2014-12-05,12748
537137,2014-12-05,16327
537138,2014-12-05,17211
537139,2014-12-05,17026
537140,2014-12-05,12748
537141,2014-12-05,15570
537142,2014-12-05,12748
537144,2014-12-05,15880
537153,2014-12-05,16718
537154,2014-12-05,15808
537155,2014-12-05,12748
537156,2014-12-05,17858
537158,2014-12-05,16393
537159,2014-12-05,14527
537160,2014-12-05,14161
537163,2014-12-05,17863
537176,2014-12-05,16411
537179,2014-12-05,13767
537192,2014-12-05,16402
537193,2014-12-05,15023
537194,2014-12-05,17402
537195,2014-12-05,15311
537196,2014-12-05,15426
537197,2014-12-05,12647
537198,2014-12-05,12647
537199,2014-12-05,15894
537200,2014-12-05,15867
537201,2014-12-05,12472
537202,2014-12-05,14506
537204,2014-12-05,15555
537205,2014-12-05,13034
537206,2014-12-05,15235
537207,2014-12-05,17402
537208,2014-12-05,15889
537209,2014-12-05,14606
537210,2014-12-05,15953
537211,2014-12-05,16143
537212,2014-12-05,12720
537213,2014-12-05,12748
537214,2014-12-05,16422
537215,2014-12-05,12747
537216,2014-12-05,15502
537217,2014-12-05,15502
537218,2014-12-05,12763
537219,2014-12-05,14081
537221,2014-12-05,17965
537222,2014-12-05,14404
537223,2014-12-05,13579
537224,2014-12-05,13174
537225,2014-12-05,12748
537226,2014-12-06,15987
537227,2014-12-06,17677
537228,2014-12-06,17677
537229,2014-12-06,17677
537231,2014-12-06,13652
537233,2014-12-06,17428
537235,2014-12-06,17381
537236,2014-12-06,16858
537238,2014-12-06,16161
537239,2014-12-06,18219
537241,2014-12-06,14293
537242,2014-12-06,14748
537243,2014-12-06,16638
537244,2014-12-06,17674
537245,2014-12-06,14748
537246,2014-12-06,12808
537247,2014-12-06,13094
537248,2014-12-06,15899
537249,2014-12-06,16955
537250,2014-12-06,12708
537254,2014-12-06,15898
537255,2014-12-06,14443
537256,2014-12-06,16210
537257,2014-12-06,17691
537258,2014-12-06,17227
537262,2014-12-06,15039
537265,2014-12-06,15919
537298,2014-12-06,13497
537301,2014-12-06,15860
537312,2014-12-06,14189
537313,2014-12-06,15304
537332,2014-12-06,14344
537334,2014-12-06,16719
537335,2014-12-06,15048
537346,2014-12-06,15301
537350,2014-12-06,14708
537351,2014-12-06,16898
537354,2014-12-06,12748
537359,2014-12-06,14825
537360,2014-12-06,18113
537362,2014-12-06,17596
537365,2014-12-06,15078
537366,2014-12-06,14085
537367,2014-12-06,15078
537368,2014-12-06,14911
537369,2014-12-06,17860
537370,2014-12-06,13155
537371,2014-12-06,15028
537372,2014-12-06,16919
537374,2014-12-06,17259
537375,2014-12-06,17019
537376,2014-12-06,16722
537377,2014-12-06,15882
537378,2014-12-06,14911
537380,2014-12-06,15882
537381,2014-12-06,14667
537382,2014-12-06,16710
537384,2014-12-06,15984
537385,2014-12-06,14487
537386,2014-12-06,14911
537387,2014-12-06,13468
537388,2014-12-06,17682
537389,2014-12-06,17757
537390,2014-12-06,16658
537391,2014-12-06,16550
537392,2014-12-06,17068
537393,2014-12-06,13089
537394,2014-12-06,13089
537395,2014-12-06,15356
537396,2014-12-06,17223
537397,2014-12-06,16817
537399,2014-12-06,13030
537400,2014-12-06,17191
537403,2014-12-06,17191
537404,2014-12-06,17191
537405,2014-12-06,17841
537407,2014-12-06,15502
537409,2014-12-06,15194
537410,2014-12-06,14409
537412,2014-12-06,14409
537415,2014-12-06,16654
537418,2014-12-06,17884
537419,2014-12-06,13495
537420,2014-12-06,17519
537421,2014-12-06,17218
537422,2014-12-06,17812
537423,2014-12-06,14215
537424,2014-12-06,15602
537428,2014-12-06,17320
537429,2014-12-06,12748
537433,2014-12-06,12913
537435,2014-12-06,17920
537440,2014-12-06,17869
537441,2014-12-06,13564
537446,2014-12-07,18055
537447,2014-12-07,13963
537448,2014-12-07,17450
537456,2014-12-07,17450
537457,2014-12-07,17511
537458,2014-12-07,17091
537459,2014-12-07,17470
537460,2014-12-07,17616
537461,2014-12-07,15649
537462,2014-12-07,17228
537463,2014-12-07,12681
537464,2014-12-07,14907
537465,2014-12-07,17735
537467,2014-12-07,16059
537468,2014-12-07,12567
537469,2014-12-07,17720
537470,2014-12-07,15018
537471,2014-12-07,14344
537472,2014-12-07,12971
537476,2014-12-07,15838
537484,2014-12-07,14733
537489,2014-12-07,17017
537509,2014-12-07,13756
537523,2014-12-07,14176
537538,2014-12-07,15353
537567,2014-12-07,18119
537592,2014-12-07,17491
537593,2014-12-07,14282
537594,2014-12-07,12647
537595,2014-12-07,13569
537598,2014-12-07,14135
537599,2014-12-07,17954
537601,2014-12-07,17287
537603,2014-12-07,14673
537604,2014-12-07,13488
537605,2014-12-07,16221
537606,2014-12-07,15002
537607,2014-12-07,15965
537608,2014-12-07,15024
537609,2014-12-07,17675
537612,2014-12-07,13769
537614,2014-12-07,16904
537615,2014-12-07,15898
537616,2014-12-07,16904
537617,2014-12-07,16086
537618,2014-12-07,15061
537619,2014-12-07,13786
537620,2014-12-07,13880
537622,2014-12-07,13173
537623,2014-12-07,15858
537624,2014-12-07,12748
537625,2014-12-07,15180
537626,2014-12-07,12347
537627,2014-12-07,14739
537628,2014-12-07,16293
537629,2014-12-07,17419
537631,2014-12-07,17419
537634,2014-12-07,16775
537635,2014-12-07,16306
537636,2014-12-07,16950
537646,2014-12-07,17591
537648,2014-12-07,12839
537649,2014-12-07,13807
537650,2014-12-07,16125
537653,2014-12-07,17897
537655,2014-12-07,15081
537657,2014-12-07,18102
537658,2014-12-07,18102
537659,2014-12-07,18102
537664,2014-12-07,15024
537665,2014-12-07,16365
537667,2014-12-08,17870
537668,2014-12-08,14821
537669,2014-12-08,16863
537670,2014-12-08,13078
537671,2014-12-08,13267
537672,2014-12-08,13050
537673,2014-12-08,12709
537674,2014-12-08,15628
537676,2014-12-08,12386
537678,2014-12-08,16779
537680,2014-12-08,13599
537681,2014-12-08,13329
537682,2014-12-08,13599
537683,2014-12-08,12921
537685,2014-12-08,18077
537686,2014-12-08,14744
537688,2014-12-08,17406
537689,2014-12-08,15750
537690,2014-12-08,13983
537691,2014-12-08,13842
537692,2014-12-08,14796
537693,2014-12-08,12441
537694,2014-12-08,14901
537698,2014-12-08,13199
537700,2014-12-08,18229
537707,2014-12-08,14032
537738,2014-12-08,17706
537743,2014-12-08,17706
537751,2014-12-08,17706
537754,2014-12-08,16081
537755,2014-12-08,16525
537757,2014-12-08,17975
537758,2014-12-08,16122
537759,2014-12-08,13126
537760,2014-12-08,15973
537761,2014-12-08,13126
537762,2014-12-08,16558
537764,2014-12-08,16893
537765,2014-12-08,14606
537766,2014-12-08,17677
537767,2014-12-08,15100
537768,2014-12-08,15750
537769,2014-12-08,15021
537770,2014-12-08,15529
537771,2014-12-08,15498
537772,2014-12-08,18043
537773,2014-12-08,16016
537774,2014-12-08,14060
537775,2014-12-08,17722
537780,2014-12-08,17324
537781,2014-12-08,17341
537789,2014-12-08,14051
537791,2014-12-08,16233
537792,2014-12-08,16385
537793,2014-12-08,15032
537794,2014-12-08,16713
537795,2014-12-08,17213
537796,2014-12-08,18061
537799,2014-12-08,15916
537800,2014-12-08,12748
537801,2014-12-08,15221
537802,2014-12-08,13455
537803,2014-12-08,15916
537804,2014-12-08,12748
537806,2014-12-08,13113
537808,2014-12-08,15311
537809,2014-12-08,14217
537810,2014-12-08,15032
537811,2014-12-08,17262
537813,2014-12-08,18259
537815,2014-12-08,17676
537816,2014-12-08,16679
537817,2014-12-08,18269
537818,2014-12-08,12766
537819,2014-12-08,15298
537822,2014-12-08,13523
537825,2014-12-08,15005
537826,2014-12-08,15581
537827,2014-12-08,15332
537828,2014-12-08,15680
537829,2014-12-08,15498
537830,2014-12-08,13649
537831,2014-12-08,17894
537833,2014-12-08,13270
537836,2014-12-08,14866
537837,2014-12-08,13077
537840,2014-12-08,13531
537841,2014-12-08,13848
537842,2014-12-08,13140
537843,2014-12-08,15713
537844,2014-12-08,17999
537845,2014-12-08,17690
537846,2014-12-08,15347
537847,2014-12-08,14766
537848,2014-12-08,13777
537849,2014-12-08,13777
537850,2014-12-08,16722
537851,2014-12-08,13758
537852,2014-12-08,17340
537854,2014-12-08,13984
537855,2014-12-08,15996
537859,2014-12-08,14030
537861,2014-12-08,16596
537862,2014-12-08,12971
537863,2014-12-08,14030
537864,2014-12-08,16700
537865,2014-12-08,16011
537866,2014-12-08,17655
537867,2014-12-08,16717
537868,2014-12-08,12433
537871,2014-12-08,12748
537879,2014-12-09,14243
537880,2014-12-09,12963
537881,2014-12-09,15513
537882,2014-12-09,15079
537883,2014-12-09,14437
537884,2014-12-09,15694
537885,2014-12-09,12942
537886,2014-12-09,15660
537887,2014-12-09,18092
537888,2014-12-09,15358
537889,2014-12-09,13319
537890,2014-12-09,15358
537891,2014-12-09,13319
537892,2014-12-09,12481
537894,2014-12-09,12621
537895,2014-12-09,14299
537896,2014-12-09,18071
537897,2014-12-09,12683
537898,2014-12-09,17377
537899,2014-12-09,12755
537900,2014-12-09,15983
537901,2014-12-09,13854
537915,2014-12-09,12797
537955,2014-12-09,16782
537963,2014-12-09,13369
537967,2014-12-09,12494
537981,2014-12-09,17857
537995,2014-12-09,12712
538000,2014-12-09,12748
538002,2014-12-09,14932
538003,2014-12-09,12429
538005,2014-12-09,13090
538006,2014-12-09,14987
538007,2014-12-09,14355
538008,2014-12-09,12683
538009,2014-12-09,14911
538010,2014-12-09,17526
538011,2014-12-09,14896
538012,2014-12-09,14527
538013,2014-12-09,17062
538014,2014-12-09,14440
538015,2014-12-09,13240
538032,2014-12-09,14479
538035,2014-12-09,16065
538037,2014-12-09,17430
538040,2014-12-09,16520
538048,2014-12-09,15945
538049,2014-12-09,12748
538050,2014-12-09,12748
538051,2014-12-09,18041
538053,2014-12-09,15856
538056,2014-12-09,17198
538057,2014-12-09,13102
538063,2014-12-09,18102
538064,2014-12-09,15271
538065,2014-12-09,13982
538067,2014-12-09,15288
538068,2014-12-09,17978
538069,2014-12-09,16795
538070,2014-12-09,16519
538073,2014-12-09,17816
538076,2014-12-09,15311
538077,2014-12-09,14667
538078,2014-12-09,16255
538079,2014-12-09,17671
538080,2014-12-09,17646
538086,2014-12-09,12872
538087,2014-12-09,17339
538093,2014-12-09,12682
538094,2014-12-09,13117
538095,2014-12-09,17097
538097,2014-12-09,15192
538101,2014-12-09,15380
538104,2014-12-09,17950
538106,2014-12-09,17950
538107,2014-12-09,12826
538108,2014-12-09,17456
538113,2014-12-09,15811
538116,2014-12-09,13327
538117,2014-12-09,13327
538120,2014-12-09,17017
538125,2014-12-09,18225
538126,2014-12-09,17838
538145,2014-12-09,15211
538146,2014-12-09,15596
538147,2014-12-09,13090
538151,2014-12-09,16163
538155,2014-12-09,16907
538156,2014-12-09,15555
538157,2014-12-09,17576
538163,2014-12-09,17841
538165,2014-12-09,14031
538166,2014-12-09,17965
538167,2014-12-09,14713
538168,2014-12-09,14702
538169,2014-12-09,13230
538170,2014-12-09,13969
538171,2014-12-09,17530
538172,2014-12-10,15805
538174,2014-12-10,12471
538175,2014-12-10,12471
538176,2014-12-10,17675
538178,2014-12-10,17696
538179,2014-12-10,17696
538180,2014-12-10,13418
538181,2014-12-10,17076
538182,2014-12-10,17827
538183,2014-12-10,16265
538184,2014-12-10,17880
538185,2014-12-10,16265
538186,2014-12-10,13000
538187,2014-12-10,16499
538190,2014-12-10,17790
538191,2014-12-10,15061
538192,2014-12-10,15061
538193,2014-12-10,15061
538194,2014-12-10,17790
538195,2014-12-10,15061
538196,2014-12-10,12731
538197,2014-12-10,14419
538198,2014-12-10,17827
538199,2014-12-10,14082
538200,2014-12-10,17912
538201,2014-12-10,15723
538202,2014-12-10,14667
538203,2014-12-10,13767
538204,2014-12-10,16656
538205,2014-12-10,12748
538206,2014-12-10,17827
538207,2014-12-10,12748
538208,2014-12-10,14037
538209,2014-12-10,12748
538210,2014-12-10,14256
538211,2014-12-10,17690
538216,2014-12-10,14543
538240,2014-12-10,16062
538248,2014-12-10,18116
538250,2014-12-10,18118
538252,2014-12-10,16019
538255,2014-12-10,14911
538260,2014-12-10,18178
538263,2014-12-10,18065
538268,2014-12-10,18065
538279,2014-12-10,14952
538280,2014-12-10,12748
538283,2014-12-10,12748
538288,2014-12-10,12748
538296,2014-12-10,13148
538306,2014-12-10,12989
538307,2014-12-10,14667
538308,2014-12-10,14107
538309,2014-12-10,15881
538310,2014-12-10,15529
538311,2014-12-10,12785
538312,2014-12-10,16727
538313,2014-12-10,15514
538327,2014-12-10,15514
538342,2014-12-10,15514
538343,2014-12-10,13448
538345,2014-12-10,13787
538346,2014-12-10,17865
538347,2014-12-10,17220
538352,2014-12-10,16565
538353,2014-12-10,13798
538354,2014-12-10,16873
538355,2014-12-10,17912
538356,2014-12-10,14062
538361,2014-12-10,17757
538363,2014-12-10,18016
538364,2014-12-10,14448
538365,2014-12-12,17243
538366,2014-12-12,18109
538367,2014-12-12,14800
538368,2014-12-12,15503
538369,2014-12-12,17251
538370,2014-12-12,16923
538371,2014-12-12,15570
538374,2014-12-12,14159
538378,2014-12-12,14577
538379,2014-12-12,17126
538382,2014-12-12,17218
538397,2014-12-12,12753
538403,2014-12-12,17211
538409,2014-12-12,17236
538417,2014-12-12,16393
538418,2014-12-12,17372
538419,2014-12-12,16367
538420,2014-12-12,12875
538421,2014-12-12,17917
538437,2014-12-12,16010
538449,2014-12-12,17085
538453,2014-12-12,16779
538470,2014-12-12,15224
538473,2014-12-12,13668
538488,2014-12-12,13715
538497,2014-12-12,14684
538499,2014-12-12,17819
538501,2014-12-12,13715
538503,2014-12-12,17188
538504,2014-12-12,16011
538507,2014-12-12,15547
538508,2014-12-12,15998
538509,2014-12-12,14413
538510,2014-12-12,18004
538511,2014-12-12,13959
538512,2014-12-12,16665
538513,2014-12-12,15454
538514,2014-12-12,15044
538515,2014-12-12,17937
538516,2014-12-12,14608
538517,2014-12-12,17618
538518,2014-12-12,14505
538519,2014-12-12,18037
538521,2014-12-13,14180
538522,2014-12-13,16210
538523,2014-12-13,13198
538525,2014-12-13,12540
538526,2014-12-13,13225
538527,2014-12-13,15361
538528,2014-12-13,15689
538529,2014-12-13,14290
538532,2014-12-13,13209
538533,2014-12-13,14796
538534,2014-12-13,15881
538535,2014-12-13,17790
538537,2014-12-13,12747
538541,2014-12-13,17428
538557,2014-12-13,17790
538558,2014-12-13,13069
538565,2014-12-13,13069
538567,2014-12-13,13999
538576,2014-12-13,14498
538591,2014-12-13,14741
538592,2014-12-13,15854
538593,2014-12-13,16701
538594,2014-12-13,16927
538596,2014-12-13,17990
538597,2014-12-13,15555
538625,2014-12-13,14544
538626,2014-12-13,17338
538629,2014-12-13,17799
538630,2014-12-13,14565
538631,2014-12-13,13408
538633,2014-12-13,16726
538634,2014-12-13,14085
538635,2014-12-13,17303
538636,2014-12-13,14639
538637,2014-12-13,17611
538638,2014-12-13,17231
538639,2014-12-13,17179
538640,2014-12-13,17524
538641,2014-12-13,15640
538644,2014-12-13,12476
538645,2014-12-13,13269
538646,2014-12-13,17293
538648,2014-12-13,17937
538651,2014-12-13,15311
538652,2014-12-13,17890
538653,2014-12-13,13089
538654,2014-12-13,13089
538655,2014-12-13,17375
538656,2014-12-13,17371
538657,2014-12-13,15867
538658,2014-12-13,17969
538659,2014-12-13,14625
538660,2014-12-13,15808
538661,2014-12-13,15194
538662,2014-12-13,15159
538663,2014-12-13,15159
538664,2014-12-13,14733
538665,2014-12-13,17576
538667,2014-12-13,12748
538668,2014-12-13,13211
538669,2014-12-13,12748
538671,2014-12-13,15777
538679,2014-12-13,16455
538683,2014-12-13,14525
538685,2014-12-14,15694
538687,2014-12-14,13324
538688,2014-12-14,14829
538689,2014-12-14,13050
538697,2014-12-14,13948
538706,2014-12-14,14667
538707,2014-12-14,17894
538708,2014-12-14,16202
538709,2014-12-14,16442
538710,2014-12-14,18075
538714,2014-12-14,14524
538715,2014-12-14,14907
538716,2014-12-14,14907
538719,2014-12-14,15602
538721,2014-12-14,17526
538722,2014-12-14,17975
538744,2014-12-14,15356
538753,2014-12-14,14901
538783,2014-12-14,14961
538785,2014-12-14,14961
538795,2014-12-14,13267
538796,2014-12-14,17041
538797,2014-12-14,17685
538799,2014-12-14,15039
538800,2014-12-14,16458
538801,2014-12-14,16083
538807,2014-12-14,17194
538808,2014-12-14,14057
538809,2014-12-14,15514
538810,2014-12-14,14871
538811,2014-12-14,13178
538812,2014-12-14,18044
538814,2014-12-14,15983
538815,2014-12-14,18219
538816,2014-12-14,16812
538817,2014-12-14,16191
538826,2014-12-14,12370
538827,2014-12-14,14298
538828,2014-12-14,14298
538829,2014-12-14,16191
538830,2014-12-14,14298
538831,2014-12-14,18144
538832,2014-12-14,17158
538836,2014-12-14,12748
538839,2014-12-14,14606
538841,2014-12-14,16899
538843,2014-12-14,16033
538844,2014-12-14,14680
538845,2014-12-14,16531
538846,2014-12-14,14606
538848,2014-12-14,17404
538849,2014-12-14,14415
538850,2014-12-14,16499
538851,2014-12-14,16556
538852,2014-12-14,17372
538853,2014-12-14,16805
538854,2014-12-14,13102
538855,2014-12-14,16503
538856,2014-12-14,14057
538857,2014-12-14,15311
538858,2014-12-14,16553
538859,2014-12-14,16553
538860,2014-12-14,17757
538862,2014-12-14,16710
538863,2014-12-14,16919
538864,2014-12-14,17739
538865,2014-12-14,13238
538866,2014-12-14,17841
538868,2014-12-14,17017
538869,2014-12-14,15107
538870,2014-12-14,12829
538871,2014-12-14,14051
538872,2014-12-14,13097
538875,2014-12-14,13756
538878,2014-12-14,13767
538879,2014-12-14,15392
538886,2014-12-14,13846
538888,2014-12-14,17912
538890,2014-12-14,12867
538892,2014-12-14,16422
538894,2014-12-14,16161
538895,2014-12-15,14401
538896,2014-12-15,16145
538899,2014-12-15,16817
538900,2014-12-15,13078
538901,2014-12-15,17629
538902,2014-12-15,14150
538903,2014-12-15,13496
538905,2014-12-15,13611
538907,2014-12-15,15373
538908,2014-12-15,16954
538909,2014-12-15,13491
538910,2014-12-15,17454
538917,2014-12-15,17449
538935,2014-12-15,18168
538942,2014-12-15,17346
538943,2014-12-15,14060
538944,2014-12-15,13295
538945,2014-12-15,17230
538951,2014-12-15,16782
538967,2014-12-15,13495
538968,2014-12-15,15384
538991,2014-12-15,17511
538992,2014-12-15,15950
538993,2014-12-15,15512
538994,2014-12-15,17525
538995,2014-12-15,13458
538996,2014-12-15,15465
538998,2014-12-15,15061
538999,2014-12-15,16003
539000,2014-12-15,13092
539001,2014-12-15,16353
539002,2014-12-15,14527
539004,2014-12-15,13426
539005,2014-12-15,16638
539006,2014-12-15,15101
539007,2014-12-15,17894
539008,2014-12-15,17033
539009,2014-12-15,13221
539010,2014-12-15,15005
539011,2014-12-15,14201
539012,2014-12-15,17858
539014,2014-12-15,17692
539015,2014-12-15,15822
539016,2014-12-15,13418
539017,2014-12-15,13418
539018,2014-12-15,16134
539019,2014-12-15,17551
539030,2014-12-15,13089
539032,2014-12-15,18050
539033,2014-12-15,16365
539034,2014-12-15,16161
539036,2014-12-15,14913
539038,2014-12-15,15641
539039,2014-12-15,13124
539040,2014-12-15,17214
539041,2014-12-15,15456
539042,2014-12-15,15062
539043,2014-12-15,12928
539044,2014-12-15,15727
539046,2014-12-15,17980
539047,2014-12-15,15290
539048,2014-12-15,17752
539049,2014-12-15,15615
539050,2014-12-15,12577
539051,2014-12-15,15615
539052,2014-12-15,15615
539053,2014-12-15,16725
539056,2014-12-15,16725
539064,2014-12-15,17912
539075,2014-12-15,17189
539076,2014-12-16,16525
539077,2014-12-16,13089
539078,2014-12-16,13408
539079,2014-12-16,17496
539080,2014-12-16,16607
539082,2014-12-16,13317
539083,2014-12-16,13317
539084,2014-12-16,13890
539085,2014-12-16,12748
539086,2014-12-16,17001
539087,2014-12-16,13093
539088,2014-12-16,13093
539089,2014-12-16,15246
539091,2014-12-16,13756
539092,2014-12-16,15482
539093,2014-12-16,15482
539094,2014-12-16,13021
539095,2014-12-16,16037
539096,2014-12-16,13089
539098,2014-12-16,14841
539099,2014-12-16,16670
539101,2014-12-16,16029
539102,2014-12-16,16029
539103,2014-12-16,16985
539105,2014-12-16,14825
539106,2014-12-16,16705
539107,2014-12-16,16705
539108,2014-12-16,16013
539109,2014-12-16,16013
539111,2014-12-16,14414
539112,2014-12-16,13468
539113,2014-12-16,12494
539118,2014-12-16,15563
539142,2014-12-16,14849
539143,2014-12-16,14849
539144,2014-12-16,12980
539160,2014-12-16,16746
539181,2014-12-16,12748
539185,2014-12-16,16470
539196,2014-12-16,18055
539201,2014-12-16,14878
539211,2014-12-16,16743
539212,2014-12-16,17146
539213,2014-12-16,12877
539214,2014-12-16,17062
539215,2014-12-16,15574
539216,2014-12-16,12748
539217,2014-12-16,15394
539218,2014-12-16,15574
539219,2014-12-16,17951
539222,2014-12-16,14621
539225,2014-12-16,15379
539226,2014-12-16,14309
539240,2014-12-16,15194
539243,2014-12-16,18116
539246,2014-12-16,14606
539247,2014-12-16,15311
539248,2014-12-16,17288
539249,2014-12-16,14709
539250,2014-12-16,15157
539252,2014-12-16,17744
539254,2014-12-16,13199
539255,2014-12-16,16316
539256,2014-12-16,15601
539257,2014-12-16,16210
539259,2014-12-16,13050
539261,2014-12-16,15620
539262,2014-12-16,15789
539263,2014-12-16,16560
539264,2014-12-16,15224
539266,2014-12-16,17068
539267,2014-12-16,13534
539268,2014-12-16,13534
539269,2014-12-16,17580
539272,2014-12-16,15759
539275,2014-12-16,13408
539280,2014-12-16,14373
539281,2014-12-16,18176
539282,2014-12-16,16770
539283,2014-12-16,14092
539285,2014-12-16,15366
539286,2014-12-16,14735
539288,2014-12-16,17857
539290,2014-12-16,16271
539292,2014-12-16,16539
539293,2014-12-16,18223
539294,2014-12-16,15532
539295,2014-12-16,13767
539296,2014-12-16,16816
539297,2014-12-16,17691
539298,2014-12-16,14180
539299,2014-12-16,14180
539303,2014-12-16,16684
539304,2014-12-16,16684
539305,2014-12-16,14334
539306,2014-12-16,17659
539307,2014-12-16,13694
539308,2014-12-16,17412
539309,2014-12-16,16945
539310,2014-12-16,14344
539311,2014-12-16,14643
539312,2014-12-16,15197
539313,2014-12-16,14220
539314,2014-12-16,13874
539315,2014-12-16,18260
539316,2014-12-16,17848
539317,2014-12-16,17392
539318,2014-12-16,12348
539319,2014-12-16,12967
539320,2014-12-16,14911
539321,2014-12-16,14723
539322,2014-12-16,14713
539324,2014-12-16,14985
539325,2014-12-17,13004
539326,2014-12-17,14560
539327,2014-12-17,12600
539328,2014-12-17,13854
539330,2014-12-17,12370
539331,2014-12-17,16013
539332,2014-12-17,12931
539333,2014-12-17,13627
539334,2014-12-17,12748
539335,2014-12-17,15291
539336,2014-12-17,17790
539338,2014-12-17,17404
539351,2014-12-17,12551
539353,2014-12-17,12782
539374,2014-12-17,14769
539379,2014-12-17,15780
539391,2014-12-17,12417
539395,2014-12-17,12471
539398,2014-12-17,12471
539400,2014-12-17,12971
539401,2014-12-17,12709
539403,2014-12-17,12647
539404,2014-12-17,17315
539405,2014-12-17,12621
539406,2014-12-17,16711
539407,2014-12-17,12726
539408,2014-12-17,12720
539410,2014-12-17,16353
539411,2014-12-17,14243
539414,2014-12-17,16931
539415,2014-12-17,15204
539416,2014-12-17,17888
539417,2014-12-17,17007
539418,2014-12-17,17007
539419,2014-12-17,12431
539420,2014-12-17,15160
539421,2014-12-17,14016
539422,2014-12-17,13033
539423,2014-12-17,15811
539435,2014-12-17,12691
539439,2014-12-17,13869
539440,2014-12-17,16607
539442,2014-12-17,16558
539443,2014-12-17,14031
539444,2014-12-17,14146
539445,2014-12-17,17865
539446,2014-12-17,12705
539447,2014-12-17,12395
539450,2014-12-17,15570
539452,2014-12-17,15856
539454,2014-12-17,17377
539455,2014-12-17,12748
539456,2014-12-17,16885
539459,2014-12-17,12839
539460,2014-12-17,12931
539461,2014-12-19,17243
539462,2014-12-19,14032
539463,2014-12-19,18077
539464,2014-12-19,17913
539465,2014-12-19,16684
539466,2014-12-19,12668
539468,2014-12-19,15044
539469,2014-12-19,17841
539470,2014-12-19,14472
539471,2014-12-19,17358
539472,2014-12-19,15581
539473,2014-12-19,14911
539474,2014-12-19,15581
539475,2014-12-19,16686
539477,2014-12-19,18245
539478,2014-12-19,17343
539483,2014-12-19,17218
539484,2014-12-19,15640
539487,2014-12-20,16153
539488,2014-12-20,12377
539489,2014-12-20,16684
539490,2014-12-20,17069
539491,2014-12-20,14646
539496,2014-12-20,13050
539497,2014-12-20,12944
539498,2014-12-20,15279
539501,2014-12-20,17085
539502,2014-12-20,14099
539551,2014-12-20,12721
539561,2014-12-20,16422
539564,2014-12-20,18092
539567,2014-12-20,13104
539570,2014-12-20,15078
539571,2014-12-20,15078
539572,2014-12-20,14113
539578,2014-12-20,13027
539579,2014-12-20,16713
539580,2014-12-20,15312
539581,2014-12-20,16143
539586,2014-12-20,14298
539587,2014-12-20,14298
539588,2014-12-20,14527
539590,2014-12-20,14733
539591,2014-12-20,14062
539592,2014-12-20,13319
539593,2014-12-20,13319
539594,2014-12-20,17621
539597,2014-12-20,17090
539604,2014-12-20,16353
539607,2014-12-20,12681
539609,2014-12-20,15527
539610,2014-12-20,14606
539628,2014-12-20,18097
539629,2014-12-20,14062
539630,2014-12-20,17230
539633,2014-12-20,17230
539634,2014-12-20,17230
539635,2014-12-20,14051
539636,2014-12-20,12481
539637,2014-12-20,14083
539639,2014-12-20,14083
539641,2014-12-20,15311
539642,2014-12-20,15867
539645,2014-12-20,17230
539646,2014-12-20,17230
539647,2014-12-20,15460
539653,2014-12-20,13564
539654,2014-12-20,17340
539658,2014-12-21,17213
539659,2014-12-21,15034
539660,2014-12-21,15581
539662,2014-12-21,14135
539663,2014-12-21,17961
539664,2014-12-21,14135
539666,2014-12-21,16029
539675,2014-12-21,12971
539676,2014-12-21,12423
539688,2014-12-21,12678
539716,2014-12-21,17990
539717,2014-12-21,15208
539720,2014-12-21,16996
539721,2014-12-21,17306
539722,2014-12-21,14911
539723,2014-12-21,14737
539724,2014-12-21,13029
539725,2014-12-21,17211
539727,2014-12-21,12678
539728,2014-12-21,16270
539730,2014-12-21,13487
539731,2014-12-21,14646
539732,2014-12-21,16996
539752,2014-12-21,12515
539754,2014-12-21,12748
539755,2014-12-21,17961
539760,2014-12-21,17400
539761,2014-12-22,17593
539762,2014-12-22,13953
539764,2014-12-22,14533
539766,2014-12-22,14092
539826,2014-12-22,15044
539828,2014-12-22,15044
539829,2014-12-22,12734
539831,2014-12-22,14606
539835,2014-12-22,16477
539836,2014-12-22,17894
539837,2014-12-22,14532
539840,2014-12-22,12383
539858,2014-12-22,18092
539859,2014-12-22,17905
539864,2014-12-23,15562
539865,2014-12-23,15587
539867,2014-12-23,13922
539920,2014-12-23,14085
539921,2014-12-23,12748
539933,2014-12-23,15235
539946,2014-12-23,13817
539953,2014-12-23,12748
539954,2014-12-23,13777
539957,2014-12-23,12585
539978,2014-12-23,13165
539981,2014-12-23,13304
539982,2014-12-23,15311
539984,2014-12-23,14911
539985,2014-12-23,15856
539987,2014-12-23,12748
539988,2014-12-23,18116
539993,2015-01-04,13313
540001,2015-01-04,18097
540002,2015-01-04,16656
540003,2015-01-04,16875
540004,2015-01-04,13094
540005,2015-01-04,17315
540013,2015-01-04,16255
540014,2015-01-04,14606
540015,2015-01-04,13319
540016,2015-01-04,16282
540017,2015-01-04,13963
540019,2015-01-04,12957
540020,2015-01-04,14462
540021,2015-01-04,17841
540022,2015-01-04,17188
540023,2015-01-04,15039
540024,2015-01-04,15039
540025,2015-01-04,17428
540027,2015-01-04,14210
540028,2015-01-04,14180
540029,2015-01-04,16029
540031,2015-01-04,17975
540032,2015-01-04,13397
540033,2015-01-04,13680
540040,2015-01-04,12483
540043,2015-01-04,15164
540059,2015-01-04,17457
540060,2015-01-04,14732
540073,2015-01-04,16814
540093,2015-01-04,16725
540094,2015-01-04,14221
540095,2015-01-04,14553
540096,2015-01-04,13253
540098,2015-01-04,16241
540099,2015-01-04,15808
540113,2015-01-05,13126
540114,2015-01-05,15498
540115,2015-01-05,15235
540120,2015-01-05,17675
540121,2015-01-05,16145
540122,2015-01-05,13694
540126,2015-01-05,13798
540130,2015-01-05,13798
540146,2015-01-05,15002
540148,2015-01-05,14189
540149,2015-01-05,12921
540153,2015-01-05,15841
540157,2015-01-05,15311
540159,2015-01-05,16112
540160,2015-01-05,15769
540161,2015-01-05,16719
540162,2015-01-05,13089
540163,2015-01-05,13089
540166,2015-01-05,13629
540167,2015-01-05,16600
540168,2015-01-05,13715
540169,2015-01-05,14527
540170,2015-01-05,13767
540172,2015-01-05,18109
540173,2015-01-05,15661
540174,2015-01-05,16353
540175,2015-01-05,16532
540176,2015-01-05,17511
540178,2015-01-05,12681
540179,2015-01-05,16033
540180,2015-01-05,15984
540181,2015-01-05,13199
540182,2015-01-05,14739
540183,2015-01-05,15093
540184,2015-01-05,15266
540185,2015-01-05,14653
540187,2015-01-05,15358
540188,2015-01-05,16771
540239,2015-01-05,12682
540240,2015-01-05,17585
540242,2015-01-05,15046
540245,2015-01-05,13082
540247,2015-01-05,15464
540248,2015-01-05,15034
540249,2015-01-05,15298
540251,2015-01-05,12748
540253,2015-01-05,13225
540257,2015-01-05,12748
540258,2015-01-06,14045
540259,2015-01-06,18226
540260,2015-01-06,13097
540261,2015-01-06,13089
540262,2015-01-06,14045
540263,2015-01-06,18062
540264,2015-01-06,17949
540265,2015-01-06,15271
540267,2015-01-06,12415
540268,2015-01-06,13458
540269,2015-01-06,14135
540273,2015-01-06,17368
540274,2015-01-06,14618
540275,2015-01-06,13680
540276,2015-01-06,14680
540277,2015-01-06,14258
540278,2015-01-06,15719
540279,2015-01-06,13368
540280,2015-01-06,12386
540288,2015-01-06,17634
540316,2015-01-06,16676
540345,2015-01-06,14299
540348,2015-01-06,12841
540349,2015-01-06,15379
540350,2015-01-06,18283
540351,2015-01-06,12735
540353,2015-01-06,13764
540354,2015-01-06,13576
540357,2015-01-06,13093
540358,2015-01-06,13599
540359,2015-01-06,18041
540361,2015-01-06,13408
540362,2015-01-06,13656
540363,2015-01-06,12971
540364,2015-01-06,14505
540365,2015-01-06,12413
540370,2015-01-06,13094
540371,2015-01-06,14312
540372,2015-01-06,13081
540373,2015-01-06,13280
540374,2015-01-06,15845
540383,2015-01-06,16422
540387,2015-01-06,16306
540395,2015-01-06,14702
540396,2015-01-06,14031
540397,2015-01-06,13187
540399,2015-01-07,14047
540401,2015-01-07,16013
540402,2015-01-07,16567
540404,2015-01-07,12947
540405,2015-01-07,14828
540406,2015-01-07,13798
540407,2015-01-07,16839
540408,2015-01-07,16013
540409,2015-01-07,16019
540410,2015-01-07,12530
540411,2015-01-07,16551
540412,2015-01-07,13842
540413,2015-01-07,15194
540414,2015-01-07,12481
540415,2015-01-07,16889
540416,2015-01-07,16473
540420,2015-01-07,12829
540452,2015-01-07,13750
540453,2015-01-07,13426
540454,2015-01-07,16191
540455,2015-01-07,12583
540456,2015-01-07,13534
540457,2015-01-07,14217
540458,2015-01-07,12501
540459,2015-01-07,16191
540460,2015-01-07,15607
540461,2015-01-07,15139
540462,2015-01-07,16779
540463,2015-01-07,12489
540464,2015-01-07,14298
540465,2015-01-07,17707
540466,2015-01-07,15649
540467,2015-01-07,18198
540469,2015-01-07,12484
540471,2015-01-07,15601
540472,2015-01-07,18179
540473,2015-01-07,17284
540475,2015-01-07,15311
540477,2015-01-07,13233
540478,2015-01-07,15769
540479,2015-01-07,14889
540480,2015-01-07,12480
540481,2015-01-07,16955
540482,2015-01-07,14672
540489,2015-01-07,13593
540493,2015-01-07,14867
540496,2015-01-07,15485
540498,2015-01-09,17243
540499,2015-01-09,16923
540500,2015-01-09,15465
540501,2015-01-09,13162
540502,2015-01-09,13183
540504,2015-01-09,13668
540505,2015-01-09,17095
540506,2015-01-09,17796
540507,2015-01-09,12939
540508,2015-01-09,14810
540509,2015-01-09,14800
540510,2015-01-09,15611
540511,2015-01-09,14472
540512,2015-01-09,17114
540513,2015-01-09,13758
540514,2015-01-09,15708
540515,2015-01-09,15059
540516,2015-01-09,16326
540517,2015-01-09,17128
540518,2015-01-09,14761
540519,2015-01-09,12793
540520,2015-01-09,17555
540521,2015-01-09,12651
540522,2015-01-09,13102
540523,2015-01-09,13069
540524,2015-01-09,16735
540525,2015-01-09,16833
540526,2015-01-09,14606
540528,2015-01-09,17800
540529,2015-01-09,16748
540530,2015-01-09,14755
540531,2015-01-09,16549
540532,2015-01-09,14702
540533,2015-01-09,15005
540534,2015-01-09,12971
540536,2015-01-09,17757
540537,2015-01-09,13565
540538,2015-01-09,17841
540539,2015-01-09,18260
540540,2015-01-09,17218
540541,2015-01-09,15799
540542,2015-01-09,15107
540543,2015-01-09,14395
540544,2015-01-09,18032
540545,2015-01-09,13451
540546,2015-01-09,12766
540547,2015-01-09,14911
540548,2015-01-09,14794
540550,2015-01-10,12539
540552,2015-01-10,16350
540553,2015-01-10,12500
540554,2015-01-10,18171
540557,2015-01-10,12415
540561,2015-01-10,13004
540562,2015-01-10,12524
540563,2015-01-10,15100
540565,2015-01-10,16422
540566,2015-01-10,17811
540567,2015-01-10,16850
540568,2015-01-10,15039
540595,2015-01-10,14321
540604,2015-01-10,15326
540630,2015-01-10,17849
540635,2015-01-10,14229
540636,2015-01-10,17381
540639,2015-01-10,13107
540640,2015-01-10,14527
540641,2015-01-10,16497
540642,2015-01-10,12681
540644,2015-01-10,16303
540645,2015-01-10,14060
540647,2015-01-10,17406
540648,2015-01-10,15061
540649,2015-01-10,15061
540653,2015-01-10,17406
540662,2015-01-10,13767
540664,2015-01-10,15044
540671,2015-01-10,17739
540672,2015-01-10,15281
540680,2015-01-10,15311
540682,2015-01-10,16112
540687,2015-01-10,15867
540688,2015-01-11,12736
540689,2015-01-11,17450
540690,2015-01-11,13473
540691,2015-01-11,17450
540692,2015-01-11,14320
540697,2015-01-11,16670
540698,2015-01-11,17450
540700,2015-01-11,12393
540701,2015-01-11,15640
540702,2015-01-11,13491
540703,2015-01-11,14135
540704,2015-01-11,17742
540732,2015-01-11,16122
540750,2015-01-11,16351
540753,2015-01-11,14217
540768,2015-01-11,17428
540769,2015-01-11,12601
540770,2015-01-11,13468
540777,2015-01-11,13144
540779,2015-01-11,15346
540782,2015-01-11,15370
540785,2015-01-11,12557
540789,2015-01-11,12643
540794,2015-01-11,16034
540795,2015-01-11,13078
540797,2015-01-11,15107
540798,2015-01-11,17365
540799,2015-01-11,17365
540800,2015-01-11,13798
540801,2015-01-11,12540
540802,2015-01-11,15189
540803,2015-01-11,14669
540809,2015-01-11,18095
540813,2015-01-11,14669
540815,2015-01-11,15749
540816,2015-01-11,15518
540817,2015-01-11,14209
540818,2015-01-11,15749
540819,2015-01-11,15518
540822,2015-01-11,16042
540823,2015-01-11,15569
540824,2015-01-11,12728
540825,2015-01-11,13672
540826,2015-01-11,13102
540827,2015-01-11,17569
540829,2015-01-11,13784
540834,2015-01-11,14733
540835,2015-01-11,12724
540838,2015-01-11,13862
540839,2015-01-11,16791
540840,2015-01-11,16235
540842,2015-01-11,15602
540844,2015-01-11,12971
540849,2015-01-12,14270
540851,2015-01-12,12523
540855,2015-01-12,16353
540856,2015-01-12,16655
540857,2015-01-12,16779
540858,2015-01-12,16359
540859,2015-01-12,17965
540862,2015-01-12,15953
540866,2015-01-12,17324
540900,2015-01-12,12712
540906,2015-01-12,16701
540907,2015-01-12,13488
540908,2015-01-12,12980
540915,2015-01-12,13267
540939,2015-01-12,15061
540940,2015-01-12,18109
540943,2015-01-12,17841
540945,2015-01-12,16554
540946,2015-01-12,12359
540947,2015-01-12,15939
540951,2015-01-12,13113
540953,2015-01-12,14587
540954,2015-01-12,14606
540955,2015-01-12,14715
540957,2015-01-12,15311
540968,2015-01-12,17338
540970,2015-01-12,14185
540971,2015-01-12,12383
540972,2015-01-12,12437
540974,2015-01-12,12971
540975,2015-01-12,14040
540976,2015-01-12,12652
540979,2015-01-12,15727
540980,2015-01-12,14514
540981,2015-01-12,12868
540983,2015-01-12,15171
540984,2015-01-12,14167
540985,2015-01-12,17389
540986,2015-01-12,15291
540990,2015-01-12,17048
540991,2015-01-12,16525
540992,2015-01-12,17364
540993,2015-01-13,13284
540994,2015-01-13,13089
540996,2015-01-13,17068
540997,2015-01-13,17368
540998,2015-01-13,15290
540999,2015-01-13,13694
541001,2015-01-13,16500
541002,2015-01-13,12951
541003,2015-01-13,15835
541004,2015-01-13,18190
541005,2015-01-13,16161
541006,2015-01-13,13993
541008,2015-01-13,17848
541010,2015-01-13,14114
541011,2015-01-13,15447
541012,2015-01-13,17019
541013,2015-01-13,15694
541014,2015-01-13,14085
541015,2015-01-13,16315
541018,2015-01-13,14978
541021,2015-01-13,13093
541038,2015-01-13,16395
541043,2015-01-13,15510
541086,2015-01-13,16503
541087,2015-01-13,13614
541088,2015-01-13,15513
541091,2015-01-13,16814
541093,2015-01-13,12471
541094,2015-01-13,13246
541103,2015-01-13,14215
541105,2015-01-13,16029
541106,2015-01-13,18092
541107,2015-01-13,17744
541108,2015-01-13,13199
541109,2015-01-13,15107
541110,2015-01-13,15916
541111,2015-01-13,15687
541112,2015-01-13,18085
541113,2015-01-13,16775
541114,2015-01-13,14299
541115,2015-01-13,12578
541119,2015-01-14,16493
541120,2015-01-14,12490
541121,2015-01-14,12672
541122,2015-01-14,12708
541123,2015-01-14,13385
541124,2015-01-14,17389
541125,2015-01-14,12474
541126,2015-01-14,15626
541134,2015-01-14,15615
541135,2015-01-14,16233
541136,2015-01-14,18229
541137,2015-01-14,13777
541138,2015-01-14,12553
541139,2015-01-14,15213
541149,2015-01-14,12393
541172,2015-01-14,13854
541181,2015-01-14,12877
541202,2015-01-14,17581
541203,2015-01-14,13090
541204,2015-01-14,14175
541205,2015-01-14,18106
541206,2015-01-14,14646
541207,2015-01-14,17685
541208,2015-01-14,15159
541213,2015-01-14,15033
541214,2015-01-14,15570
541215,2015-01-14,14329
541216,2015-01-14,15311
541217,2015-01-14,17402
541218,2015-01-14,16638
541220,2015-01-14,14156
541223,2015-01-14,17954
541224,2015-01-14,12474
541225,2015-01-14,14099
541226,2015-01-14,15854
541227,2015-01-14,16839
541228,2015-01-14,15290
541236,2015-01-14,17961
541238,2015-01-16,16746
541239,2015-01-16,16401
541240,2015-01-16,16206
541241,2015-01-16,13782
541242,2015-01-16,12924
541243,2015-01-16,16593
541244,2015-01-16,15535
541246,2015-01-16,15535
541247,2015-01-16,12989
541248,2015-01-16,12748
541249,2015-01-16,13700
541250,2015-01-16,13700
541251,2015-01-16,15046
541252,2015-01-16,13064
541253,2015-01-16,17841
541255,2015-01-16,17841
541256,2015-01-16,13048
541258,2015-01-16,13634
541259,2015-01-16,14404
541260,2015-01-16,16059
541262,2015-01-16,18069
541263,2015-01-16,16843
541264,2015-01-16,17064
541265,2015-01-16,17609
541266,2015-01-16,15673
541267,2015-01-17,12779
541268,2015-01-17,12872
541269,2015-01-17,12626
541270,2015-01-17,14976
541271,2015-01-17,12388
541272,2015-01-17,13527
541273,2015-01-17,13155
541274,2015-01-17,15696
541275,2015-01-17,14176
541276,2015-01-17,15316
541277,2015-01-17,12673
541278,2015-01-17,14135
541279,2015-01-17,18223
541280,2015-01-17,15296
541281,2015-01-17,17988
541282,2015-01-17,17690
541283,2015-01-17,12820
541285,2015-01-17,13001
541286,2015-01-17,13982
541287,2015-01-17,14101
541288,2015-01-17,14525
541289,2015-01-17,14606
541290,2015-01-17,17288
541291,2015-01-17,14667
541292,2015-01-17,15596
541293,2015-01-17,15311
541294,2015-01-17,14898
541302,2015-01-17,13769
541316,2015-01-17,13209
541357,2015-01-17,14238
541362,2015-01-17,17730
541370,2015-01-17,18179
541371,2015-01-17,13983
541391,2015-01-17,13983
541400,2015-01-17,13929
541405,2015-01-17,12683
541406,2015-01-17,14657
541407,2015-01-17,13199
541408,2015-01-17,15738
541409,2015-01-17,13246
541410,2015-01-17,13089
541411,2015-01-17,17961
541413,2015-01-17,13859
541414,2015-01-17,18212
541417,2015-01-17,16033
541420,2015-01-17,16670
541425,2015-01-18,15513
541426,2015-01-18,18233
541427,2015-01-18,17018
541428,2015-01-18,14242
541429,2015-01-18,14688
541430,2015-01-18,12356
541431,2015-01-18,12346
541432,2015-01-18,12748
541434,2015-01-18,14911
541435,2015-01-18,13898
541436,2015-01-18,15291
541439,2015-01-18,16948
541473,2015-01-18,17491
541474,2015-01-18,16997
541479,2015-01-18,16422
541480,2015-01-18,12527
541481,2015-01-18,14696
541483,2015-01-18,15395
541484,2015-01-18,16814
541485,2015-01-18,18118
541486,2015-01-18,18109
541488,2015-01-18,15061
541489,2015-01-18,15023
541490,2015-01-18,13984
541491,2015-01-18,12510
541500,2015-01-18,18041
541504,2015-01-18,14415
541505,2015-01-18,15939
541509,2015-01-18,13263
541510,2015-01-18,14428
541511,2015-01-18,17576
541513,2015-01-18,17576
541517,2015-01-19,12665
541518,2015-01-19,12451
541520,2015-01-19,12422
541521,2015-01-19,15298
541522,2015-01-19,17419
541523,2015-01-19,17708
541524,2015-01-19,17091
541525,2015-01-19,14090
541530,2015-01-19,14769
541552,2015-01-19,15039
541564,2015-01-19,16904
541565,2015-01-19,14527
541566,2015-01-19,17722
541567,2015-01-19,12681
541568,2015-01-19,15606
541569,2015-01-19,13520
541570,2015-01-19,14646
541571,2015-01-19,12841
541574,2015-01-19,12826
541575,2015-01-19,15311
541576,2015-01-19,17097
541585,2015-01-19,14180
541587,2015-01-19,17841
541588,2015-01-19,14307
541590,2015-01-19,13310
541591,2015-01-19,15831
541593,2015-01-19,17611
541594,2015-01-19,14916
541595,2015-01-19,14606
541596,2015-01-19,17602
541597,2015-01-19,14031
541602,2015-01-19,17231
541604,2015-01-19,14572
541605,2015-01-20,13502
541606,2015-01-20,14784
541608,2015-01-20,14646
541609,2015-01-20,15938
541610,2015-01-20,16029
541611,2015-01-20,16029
541615,2015-01-20,16395
541631,2015-01-20,12637
541648,2015-01-20,17811
541649,2015-01-20,17418
541655,2015-01-20,14779
541657,2015-01-20,16321
541658,2015-01-20,15529
541659,2015-01-20,15262
541660,2015-01-20,17787
541664,2015-01-20,17862
541669,2015-01-20,17315
541670,2015-01-20,14911
541671,2015-01-20,14735
541672,2015-01-20,14735
541673,2015-01-20,14735
541675,2015-01-20,12402
541676,2015-01-20,15379
541677,2015-01-20,12747
541678,2015-01-20,17771
541679,2015-01-20,15422
541680,2015-01-20,14062
541681,2015-01-20,13008
541682,2015-01-20,14770
541683,2015-01-20,14085
541684,2015-01-20,15498
541686,2015-01-20,16912
541690,2015-01-20,15422
541698,2015-01-20,14713
541699,2015-01-21,17744
541700,2015-01-21,15174
541703,2015-01-21,12594
541706,2015-01-21,18061
541708,2015-01-21,18223
541709,2015-01-21,17504
541711,2015-01-21,14646
541712,2015-01-21,17890
541732,2015-01-21,16387
541756,2015-01-21,12664
541782,2015-01-21,13102
541783,2015-01-21,16618
541784,2015-01-21,17277
541785,2015-01-21,14779
541788,2015-01-21,13999
541789,2015-01-21,14088
541791,2015-01-21,16928
541792,2015-01-21,17094
541793,2015-01-21,13969
541794,2015-01-21,17238
541795,2015-01-21,14692
541796,2015-01-21,14092
541797,2015-01-21,12970
541798,2015-01-21,15311
541799,2015-01-21,12970
541800,2015-01-21,15235
541801,2015-01-21,15235
541808,2015-01-21,16210
541812,2015-01-21,16839
541813,2015-01-21,18239
541814,2015-01-21,17306
541815,2015-01-21,18037
541816,2015-01-21,17799
541832,2015-01-21,17889
541835,2015-01-23,17243
541836,2015-01-23,15465
541837,2015-01-23,17714
541838,2015-01-23,12916
541839,2015-01-23,17769
541840,2015-01-23,15059
541841,2015-01-23,14450
541842,2015-01-23,16085
541843,2015-01-23,13659
541844,2015-01-23,16931
541845,2015-01-23,15167
541846,2015-01-23,13050
541847,2015-01-23,15443
541848,2015-01-23,17611
541849,2015-01-23,13230
541850,2015-01-23,14224
541851,2015-01-23,17841
541853,2015-01-23,17858
541854,2015-01-23,18283
541855,2015-01-23,13742
541856,2015-01-23,17673
541857,2015-01-23,12727
541858,2015-01-23,16983
541859,2015-01-23,14606
541860,2015-01-23,13963
541862,2015-01-23,14068
541864,2015-01-23,13798
541865,2015-01-24,13068
541866,2015-01-24,16477
541867,2015-01-24,14744
541872,2015-01-24,14796
541873,2015-01-24,14368
541874,2015-01-24,15497
541875,2015-01-24,16558
541876,2015-01-24,12951
541877,2015-01-24,12559
541880,2015-01-24,13819
541881,2015-01-24,14501
541883,2015-01-24,13408
541884,2015-01-24,14782
541886,2015-01-24,15039
541903,2015-01-24,15039
541916,2015-01-24,17861
541919,2015-01-24,14334
541932,2015-01-24,14439
541946,2015-01-24,17591
541947,2015-01-24,18161
541948,2015-01-24,15820
541949,2015-01-24,18136
541950,2015-01-24,15498
541960,2015-01-24,16660
541962,2015-01-24,12693
541963,2015-01-24,17799
541965,2015-01-24,12625
541966,2015-01-24,13854
541968,2015-01-24,13396
541970,2015-01-24,15179
541972,2015-01-24,12935
541973,2015-01-24,16730
541974,2015-01-24,14541
541976,2015-01-24,16168
541977,2015-01-24,15078
541978,2015-01-24,13551
541979,2015-01-24,14911
541980,2015-01-24,12421
541981,2015-01-24,12691
541983,2015-01-24,15797
541984,2015-01-24,13117
541985,2015-01-24,15052
541986,2015-01-24,17001
541987,2015-01-24,14130
541988,2015-01-25,15222
541989,2015-01-25,13615
541990,2015-01-25,13901
541991,2015-01-25,12417
541992,2015-01-25,16029
541995,2015-01-25,13158
541996,2015-01-25,18075
541997,2015-01-25,18077
541998,2015-01-25,12348
542000,2015-01-25,14257
542001,2015-01-25,14298
542002,2015-01-25,14298
542003,2015-01-25,15311
542004,2015-01-25,12971
542005,2015-01-25,14409
542006,2015-01-25,15218
542025,2015-01-25,14543
542026,2015-01-25,15110
542057,2015-01-25,15967
542058,2015-01-25,15601
542059,2015-01-25,16757
542065,2015-01-25,14527
542079,2015-01-25,18144
542080,2015-01-25,13815
542081,2015-01-25,15213
542083,2015-01-25,18008
542084,2015-01-25,14680
542085,2015-01-25,14534
542087,2015-01-25,14849
542090,2015-01-25,15518
542093,2015-01-25,17677
542096,2015-01-25,17236
542098,2015-01-25,16531
542099,2015-01-25,13703
542100,2015-01-25,15339
542102,2015-01-25,12744
542103,2015-01-25,13198
542105,2015-01-25,12854
542106,2015-01-25,12709
542107,2015-01-25,16222
542108,2015-01-25,17460
542110,2015-01-25,14189
542111,2015-01-25,14341
542112,2015-01-25,13168
542113,2015-01-25,14341
542114,2015-01-25,16943
542121,2015-01-25,17515
542122,2015-01-25,17082
542123,2015-01-25,14299
542124,2015-01-25,14248
542125,2015-01-25,16497
542126,2015-01-25,13001
542128,2015-01-25,12609
542129,2015-01-25,13002
542130,2015-01-25,13468
542131,2015-01-25,16133
542132,2015-01-25,12691
542133,2015-01-25,13049
542134,2015-01-25,15189
542141,2015-01-26,14548
542142,2015-01-26,12971
542143,2015-01-26,15061
542145,2015-01-26,13089
542146,2015-01-26,13405
542147,2015-01-26,12782
542148,2015-01-26,14060
542149,2015-01-26,17811
542151,2015-01-26,13491
542152,2015-01-26,13534
542153,2015-01-26,13534
542154,2015-01-26,15777
542155,2015-01-26,15777
542174,2015-01-26,16043
542192,2015-01-26,14049
542207,2015-01-26,16422
542208,2015-01-26,16422
542212,2015-01-26,15812
542213,2015-01-26,13837
542214,2015-01-26,17118
542215,2015-01-26,12472
542216,2015-01-26,14911
542217,2015-01-26,14606
542219,2015-01-26,17735
542220,2015-01-26,15373
542221,2015-01-26,14978
542222,2015-01-26,14616
542223,2015-01-26,14233
542224,2015-01-26,17888
542226,2015-01-26,17075
542227,2015-01-26,14243
542228,2015-01-26,13113
542229,2015-01-26,12474
542230,2015-01-26,17389
542231,2015-01-26,16714
542233,2015-01-26,13098
542234,2015-01-26,16714
542235,2015-01-26,15661
542236,2015-01-26,17027
542237,2015-01-26,12347
542238,2015-01-26,12591
542239,2015-01-26,17786
542240,2015-01-26,16124
542241,2015-01-26,16409
542242,2015-01-26,13754
542243,2015-01-26,17841
542246,2015-01-26,15227
542247,2015-01-26,12997
542254,2015-01-26,14733
542258,2015-01-26,17372
542265,2015-01-26,15867
542266,2015-01-26,16918
542267,2015-01-26,16882
542268,2015-01-27,15358
542269,2015-01-27,14442
542272,2015-01-27,16496
542274,2015-01-27,16782
542275,2015-01-27,13089
542276,2015-01-27,12764
542277,2015-01-27,14440
542278,2015-01-27,14911
542284,2015-01-27,17311
542303,2015-01-27,12539
542320,2015-01-27,14040
542345,2015-01-27,15910
542347,2015-01-27,12826
542349,2015-01-27,15513
542350,2015-01-27,16949
542351,2015-01-27,14560
542353,2015-01-27,16700
542354,2015-01-27,14709
542355,2015-01-27,14970
542360,2015-01-27,14701
542369,2015-01-27,12645
542370,2015-01-27,13004
542371,2015-01-27,12468
542372,2015-01-27,13078
542373,2015-01-27,16767
542374,2015-01-27,15696
542375,2015-01-27,12626
542377,2015-01-27,13506
542381,2015-01-27,17213
542382,2015-01-27,14738
542384,2015-01-27,15827
542386,2015-01-27,17540
542388,2015-01-27,14239
542389,2015-01-27,12868
542390,2015-01-27,16814
542393,2015-01-27,18125
542397,2015-01-27,13328
542398,2015-01-27,13174
542399,2015-01-27,15549
542401,2015-01-27,14541
542405,2015-01-27,13534
542406,2015-01-27,17757
542407,2015-01-27,15601
542408,2015-01-27,13280
542409,2015-01-27,15311
542411,2015-01-27,15864
542412,2015-01-27,16725
542419,2015-01-27,14662
542420,2015-01-27,17180
542422,2015-01-27,14702
542423,2015-01-28,15057
542425,2015-01-28,12574
542428,2015-01-28,17404
542429,2015-01-28,13330
542430,2015-01-28,13552
542431,2015-01-28,12853
542432,2015-01-28,13538
542433,2015-01-28,12726
542434,2015-01-28,16755
542470,2015-01-28,14133
542503,2015-01-28,16327
542506,2015-01-28,16523
542511,2015-01-28,15527
542517,2015-01-28,13694
542519,2015-01-28,15159
542520,2015-01-28,15547
542521,2015-01-28,17965
542526,2015-01-28,14659
542527,2015-01-28,17188
542528,2015-01-28,13141
542530,2015-01-28,15365
542533,2015-01-28,16019
542534,2015-01-28,13707
542535,2015-01-28,12735
542538,2015-01-28,15079
542542,2015-01-28,12431
542543,2015-01-28,13141
542549,2015-01-28,15696
542568,2015-01-28,14215
542578,2015-01-28,13709
542583,2015-01-28,14051
542584,2015-01-28,18016
542585,2015-01-28,17329
542586,2015-01-28,12377
542587,2015-01-28,14401
542590,2015-01-28,17920
542591,2015-01-28,13089
542595,2015-01-30,14040
542596,2015-01-30,14532
542597,2015-01-30,16326
542598,2015-01-30,14805
542599,2015-01-30,17062
542600,2015-01-30,16923
542601,2015-01-30,16897
542602,2015-01-30,15579
542603,2015-01-30,16985
542605,2015-01-30,17796
542606,2015-01-30,14595
542607,2015-01-30,13148
542608,2015-01-30,16770
542609,2015-01-30,13161
542610,2015-01-30,13148
542611,2015-01-30,15415
542612,2015-01-30,17841
542613,2015-01-30,17431
542614,2015-01-30,15708
542615,2015-01-30,13148
542616,2015-01-30,16816
542617,2015-01-30,17463
542618,2015-01-30,14502
542619,2015-01-30,13869
542620,2015-01-31,13089
542621,2015-01-31,12528
542623,2015-01-31,17239
542626,2015-01-31,12720
542627,2015-01-31,14426
542628,2015-01-31,14426
542629,2015-01-31,12731
542630,2015-01-31,13784
542631,2015-01-31,12841
542632,2015-01-31,13324
542634,2015-01-31,15448
542636,2015-01-31,18239
542641,2015-01-31,17314
542646,2015-01-31,17220
542647,2015-01-31,18245
542648,2015-01-31,12476
542649,2015-01-31,17373
542659,2015-01-31,15738
542662,2015-01-31,18145
542667,2015-01-31,17068
542673,2015-01-31,14527
542678,2015-01-31,14688
542690,2015-01-31,14298
542691,2015-01-31,13408
542692,2015-01-31,14467
542694,2015-01-31,12908
542707,2015-01-31,18095
542708,2015-01-31,17621
542709,2015-01-31,15144
542710,2015-01-31,14776
542711,2015-01-31,17894
542712,2015-01-31,14744
542713,2015-01-31,12668
542715,2015-01-31,16403
542716,2015-01-31,16407
542717,2015-01-31,17580
542718,2015-01-31,15602
542719,2015-01-31,17619
542720,2015-01-31,12778
542722,2015-01-31,13089
542723,2015-01-31,17256
542724,2015-01-31,16779
542725,2015-01-31,16191
542727,2015-01-31,17604
542728,2015-01-31,14006
542729,2015-01-31,15194
542731,2015-01-31,13600
542733,2015-01-31,15058
542735,2015-01-31,12681
542736,2015-01-31,14744
542737,2015-01-31,15058
542739,2015-01-31,17389
542741,2015-01-31,17375
542743,2015-01-31,16191
542745,2015-01-31,15881
542746,2015-01-31,15881
542759,2015-01-31,15881
542776,2015-02-01,15240
542777,2015-02-01,14911
542778,2015-02-01,14496
542779,2015-02-01,17147
542780,2015-02-01,17675
542782,2015-02-01,12712
542785,2015-02-01,13881
542786,2015-02-01,17314
542788,2015-02-01,16570
542789,2015-02-01,17511
542790,2015-02-01,16612
542791,2015-02-01,15039
542795,2015-02-01,18055
542796,2015-02-01,17356
542797,2015-02-01,17884
542800,2015-02-01,14606
542806,2015-02-01,12836
542812,2015-02-01,14850
542835,2015-02-01,13939
542836,2015-02-01,16745
542858,2015-02-01,17228
542859,2015-02-01,13606
542862,2015-02-01,14606
542863,2015-02-01,13494
542864,2015-02-01,13802
542865,2015-02-01,12929
542868,2015-02-01,16419
542869,2015-02-01,17035
542870,2015-02-01,15203
542872,2015-02-01,15939
542881,2015-02-01,14587
542886,2015-02-01,16515
542887,2015-02-01,12373
542888,2015-02-01,15687
542889,2015-02-01,16422
542890,2015-02-01,15311
542891,2015-02-01,16705
542892,2015-02-01,13784
542893,2015-02-01,18202
542894,2015-02-01,12775
542895,2015-02-01,14549
542896,2015-02-01,15981
542897,2015-02-01,15854
542898,2015-02-01,16110
542899,2015-02-01,17376
542900,2015-02-01,14180
542901,2015-02-01,14217
542902,2015-02-01,16011
542903,2015-02-01,15107
542904,2015-02-01,12682
542905,2015-02-01,12540
542907,2015-02-01,13854
542908,2015-02-01,13110
542909,2015-02-01,16716
542911,2015-02-01,12676
542914,2015-02-01,16161
542915,2015-02-01,15940
542919,2015-02-01,15971
542920,2015-02-02,13629
542921,2015-02-02,15838
542922,2015-02-02,12682
542923,2015-02-02,14665
542925,2015-02-02,14457
542926,2015-02-02,12559
542927,2015-02-02,18198
542928,2015-02-02,17863
542929,2015-02-02,17811
542930,2015-02-02,14233
542931,2015-02-02,15589
542932,2015-02-02,13089
542933,2015-02-02,14411
542934,2015-02-02,13093
542944,2015-02-02,17560
542989,2015-02-02,15226
542990,2015-02-02,13468
542992,2015-02-02,14460
542993,2015-02-02,16156
542994,2015-02-02,17230
542995,2015-02-02,13728
542996,2015-02-02,15046
543001,2015-02-02,14127
543002,2015-02-02,13491
543003,2015-02-02,14312
543005,2015-02-02,16378
543006,2015-02-02,17975
543007,2015-02-02,13894
543008,2015-02-02,13824
543009,2015-02-02,18041
543010,2015-02-02,18250
543011,2015-02-02,15270
543012,2015-02-02,17961
543015,2015-02-02,14188
543016,2015-02-02,18017
543017,2015-02-02,13199
543019,2015-02-02,17912
543020,2015-02-02,15005
543021,2015-02-02,15421
543022,2015-02-02,16771
543023,2015-02-02,15270
543024,2015-02-02,13777
543025,2015-02-02,17446
543027,2015-02-02,12414
543028,2015-02-02,14443
543029,2015-02-02,13576
543030,2015-02-02,12437
543031,2015-02-02,14798
543032,2015-02-02,12990
543033,2015-02-02,17841
543036,2015-02-02,17223
543037,2015-02-02,12350
543038,2015-02-02,14735
543040,2015-02-02,17337
543041,2015-02-02,16405
543043,2015-02-02,17848
543044,2015-02-03,17071
543045,2015-02-03,14309
543046,2015-02-03,13873
543047,2015-02-03,16210
543048,2015-02-03,12600
543053,2015-02-03,17362
543054,2015-02-03,13394
543055,2015-02-03,12502
543056,2015-02-03,12471
543057,2015-02-03,16333
543094,2015-02-03,16030
543095,2015-02-03,16814
543096,2015-02-03,14044
543098,2015-02-03,13102
543099,2015-02-03,16684
543106,2015-02-03,15658
543107,2015-02-03,13800
543108,2015-02-03,14085
543111,2015-02-03,15719
543113,2015-02-03,13047
543114,2015-02-03,14156
543115,2015-02-03,14606
543116,2015-02-03,17672
543117,2015-02-03,12464
543118,2015-02-03,13842
543120,2015-02-03,13668
543121,2015-02-03,12662
543122,2015-02-03,13819
543123,2015-02-03,18178
543124,2015-02-03,15311
543125,2015-02-03,17214
543126,2015-02-03,13581
543127,2015-02-03,16748
543128,2015-02-03,12971
543129,2015-02-03,14540
543130,2015-02-03,16997
543131,2015-02-03,13539
543132,2015-02-03,15235
543133,2015-02-03,15235
543134,2015-02-03,15885
543161,2015-02-03,14497
543162,2015-02-03,17507
543163,2015-02-03,16353
543164,2015-02-03,13208
543165,2015-02-03,13230
543166,2015-02-04,13488
543167,2015-02-04,17457
543168,2015-02-04,13694
543169,2015-02-04,13694
543170,2015-02-04,17334
543173,2015-02-04,13871
543174,2015-02-04,16938
543177,2015-02-04,14466
543178,2015-02-04,14911
543179,2015-02-04,12754
543180,2015-02-04,12410
543181,2015-02-04,12410
543183,2015-02-04,14560
543184,2015-02-04,16525
543186,2015-02-04,17929
543187,2015-02-04,14778
543188,2015-02-04,12567
543189,2015-02-04,17517
543190,2015-02-04,17226
543191,2015-02-04,13137
543192,2015-02-04,17381
543193,2015-02-04,13725
543196,2015-02-04,13309
543197,2015-02-04,12842
543198,2015-02-04,16109
543199,2015-02-04,13102
543202,2015-02-04,17291
543214,2015-02-04,12779
543232,2015-02-04,13113
543235,2015-02-04,14462
543240,2015-02-04,14462
543242,2015-02-04,15090
543243,2015-02-04,15199
543245,2015-02-04,16725
543246,2015-02-04,17315
543247,2015-02-04,16029
543248,2015-02-04,16029
543249,2015-02-04,13963
543250,2015-02-04,13911
543251,2015-02-04,14194
543252,2015-02-04,17685
543253,2015-02-04,14842
543255,2015-02-04,13050
543256,2015-02-04,17293
543264,2015-02-04,13069
543272,2015-02-06,14810
543273,2015-02-06,16456
543274,2015-02-06,17392
543275,2015-02-06,13584
543276,2015-02-06,16525
543277,2015-02-06,15808
543278,2015-02-06,16745
543279,2015-02-06,17105
543280,2015-02-06,14438
543281,2015-02-06,14606
543282,2015-02-06,12956
543283,2015-02-07,15781
543284,2015-02-07,14410
543285,2015-02-07,14600
543286,2015-02-07,14952
543287,2015-02-07,16422
543288,2015-02-07,17302
543291,2015-02-07,14180
543292,2015-02-07,14534
543293,2015-02-07,17613
543294,2015-02-07,17849
543300,2015-02-07,13334
543306,2015-02-07,16686
543309,2015-02-07,18118
543325,2015-02-07,17692
543332,2015-02-07,13955
543342,2015-02-07,17162
543348,2015-02-07,13983
543349,2015-02-07,17774
543350,2015-02-07,13809
543351,2015-02-07,15407
543352,2015-02-07,15577
543354,2015-02-07,13458
543355,2015-02-07,16033
543357,2015-02-07,12388
543359,2015-02-07,16332
543367,2015-02-07,18225
543369,2015-02-07,16255
543370,2015-02-07,12359
543371,2015-02-07,14048
543372,2015-02-07,16321
543373,2015-02-07,16945
543374,2015-02-07,16945
543376,2015-02-07,16321
543377,2015-02-07,13725
543378,2015-02-07,18102
543379,2015-02-07,18102
543380,2015-02-07,14293
543382,2015-02-07,14030
543387,2015-02-08,14646
543389,2015-02-08,17841
543391,2015-02-08,14475
543392,2015-02-08,16839
543393,2015-02-08,13534
543394,2015-02-08,15797
543395,2015-02-08,13534
543396,2015-02-08,15189
543397,2015-02-08,17859
543398,2015-02-08,16458
543400,2015-02-08,14688
543411,2015-02-08,12576
543413,2015-02-08,13098
543428,2015-02-08,17787
543446,2015-02-08,15827
543447,2015-02-08,16265
543449,2015-02-08,16553
543452,2015-02-08,16037
543454,2015-02-08,14527
543455,2015-02-08,17858
543456,2015-02-08,15753
543457,2015-02-08,17428
543458,2015-02-08,14587
543459,2015-02-08,12599
543462,2015-02-08,17655
543463,2015-02-08,15311
543464,2015-02-08,16779
543466,2015-02-08,16713
543468,2015-02-08,14562
543470,2015-02-08,16951
543474,2015-02-08,14415
543476,2015-02-08,13050
543477,2015-02-08,17315
543478,2015-02-08,13798
543479,2015-02-08,16998
543480,2015-02-08,13133
543481,2015-02-08,14606
543482,2015-02-08,17881
543483,2015-02-09,18075
543484,2015-02-09,12721
543485,2015-02-09,15843
543486,2015-02-09,13319
543487,2015-02-09,13319
543492,2015-02-09,12720
543507,2015-02-09,15039
543518,2015-02-09,12753
543519,2015-02-09,17083
543520,2015-02-09,15827
543523,2015-02-09,12971
543527,2015-02-09,15970
543529,2015-02-09,18109
543534,2015-02-09,13590
543535,2015-02-09,17537
543537,2015-02-09,12401
543538,2015-02-09,16143
543539,2015-02-09,17757
543540,2015-02-09,17412
543541,2015-02-09,12462
543542,2015-02-09,16607
543543,2015-02-09,17843
543547,2015-02-09,17358
543548,2015-02-10,13706
543549,2015-02-10,17940
543550,2015-02-10,12601
543553,2015-02-10,16359
543554,2015-02-10,14733
543555,2015-02-10,17686
543565,2015-02-10,14431
543586,2015-02-10,15809
543587,2015-02-10,12561
543588,2015-02-10,17381
543589,2015-02-10,17381
543590,2015-02-10,17377
543591,2015-02-10,13854
543592,2015-02-10,17243
543593,2015-02-10,14465
543594,2015-02-10,18093
543595,2015-02-10,16027
543596,2015-02-10,14898
543597,2015-02-10,12857
543598,2015-02-10,18230
543599,2015-02-10,17560
543600,2015-02-10,18168
543601,2015-02-10,14560
543602,2015-02-10,15570
543604,2015-02-10,16558
543610,2015-02-10,16425
543612,2015-02-10,16711
543618,2015-02-10,13468
543619,2015-02-10,16842
543622,2015-02-10,17334
543623,2015-02-10,16405
543625,2015-02-10,12583
543626,2015-02-10,15796
543630,2015-02-10,15046
543631,2015-02-10,14081
543639,2015-02-10,16725
543641,2015-02-10,14555
543642,2015-02-10,16161
543645,2015-02-10,17609
543646,2015-02-10,17790
543647,2015-02-10,12841
543648,2015-02-11,15114
543649,2015-02-11,17809
543650,2015-02-11,12980
543651,2015-02-11,16306
543652,2015-02-11,15544
543653,2015-02-11,14796
543657,2015-02-11,15133
543658,2015-02-11,13819
543664,2015-02-11,17705
543668,2015-02-11,18118
543669,2015-02-11,16029
543670,2015-02-11,16013
543672,2015-02-11,16013
543673,2015-02-11,16013
543674,2015-02-11,16013
543675,2015-02-11,16013
543688,2015-02-11,15270
543691,2015-02-11,17924
543693,2015-02-11,12897
543730,2015-02-11,16928
543731,2015-02-11,17677
543733,2015-02-11,12395
543734,2015-02-11,17512
543735,2015-02-11,16191
543736,2015-02-11,15044
543737,2015-02-11,12477
543738,2015-02-11,13094
543739,2015-02-11,15550
543740,2015-02-11,15311
543746,2015-02-11,17675
543747,2015-02-11,13672
543748,2015-02-11,12913
543754,2015-02-11,18159
543759,2015-02-11,12921
543770,2015-02-11,13875
543774,2015-02-11,15856
543777,2015-02-11,15406
543788,2015-02-11,15061
543797,2015-02-13,15465
543798,2015-02-13,15058
543799,2015-02-13,17236
543800,2015-02-13,17282
543801,2015-02-13,17811
543802,2015-02-13,13742
543803,2015-02-13,17126
543804,2015-02-13,16434
543805,2015-02-13,17050
543806,2015-02-13,17085
543807,2015-02-13,14692
543808,2015-02-13,17454
543809,2015-02-13,17095
543810,2015-02-13,13171
543812,2015-02-13,17472
543813,2015-02-13,16897
543814,2015-02-13,15640
543815,2015-02-13,17255
543816,2015-02-13,17841
543820,2015-02-13,16084
543821,2015-02-14,17667
543822,2015-02-14,12507
543823,2015-02-14,17937
543824,2015-02-14,14631
543825,2015-02-14,16098
543828,2015-02-14,14156
543829,2015-02-14,12939
543831,2015-02-14,15769
543832,2015-02-14,13381
543833,2015-02-14,12476
543836,2015-02-14,15236
543839,2015-02-14,17811
543842,2015-02-14,16333
543852,2015-02-14,14258
543900,2015-02-14,12621
543901,2015-02-14,17659
543907,2015-02-14,17346
543908,2015-02-14,16422
543910,2015-02-14,13475
543911,2015-02-14,17829
543912,2015-02-14,16701
543913,2015-02-14,17591
543914,2015-02-14,14715
543915,2015-02-14,13717
543919,2015-02-14,13157
543921,2015-02-14,13911
543923,2015-02-14,14644
543924,2015-02-14,16904
543934,2015-02-14,12993
543935,2015-02-14,12989
543973,2015-02-14,17571
543975,2015-02-14,17231
543976,2015-02-14,13089
543977,2015-02-14,15615
543978,2015-02-14,12867
543979,2015-02-14,14606
543981,2015-02-15,15358
543982,2015-02-15,15358
543983,2015-02-15,16979
543984,2015-02-15,15601
543986,2015-02-15,16738
543987,2015-02-15,14849
543988,2015-02-15,14849
543989,2015-02-15,12415
543990,2015-02-15,15122
543991,2015-02-15,13848
543993,2015-02-15,17612
543994,2015-02-15,12931
543995,2015-02-15,13408
543996,2015-02-15,15811
543997,2015-02-15,17348
543998,2015-02-15,18093
544035,2015-02-15,13893
544036,2015-02-15,17315
544037,2015-02-15,14961
544039,2015-02-15,14744
544040,2015-02-15,14701
544041,2015-02-15,17730
544042,2015-02-15,14527
544043,2015-02-15,14527
544044,2015-02-15,14659
544045,2015-02-15,13941
544051,2015-02-15,16700
544055,2015-02-15,14035
544056,2015-02-15,13004
544058,2015-02-15,14176
544059,2015-02-15,14534
544060,2015-02-15,13623
544061,2015-02-15,14176
544062,2015-02-15,15311
544064,2015-02-15,17114
544065,2015-02-15,14346
544066,2015-02-15,12971
544067,2015-02-15,16431
544068,2015-02-15,16431
544069,2015-02-15,12616
544070,2015-02-15,15370
544071,2015-02-15,16317
544073,2015-02-15,14935
544074,2015-02-15,14156
544075,2015-02-15,14156
544076,2015-02-15,16407
544077,2015-02-15,14825
544078,2015-02-15,16073
544079,2015-02-15,14477
544081,2015-02-15,17819
544083,2015-02-15,15606
544084,2015-02-15,14760
544087,2015-02-15,17530
544090,2015-02-16,13880
544091,2015-02-16,14897
544092,2015-02-16,17512
544093,2015-02-16,13750
544094,2015-02-16,15810
544095,2015-02-16,16509
544096,2015-02-16,14386
544097,2015-02-16,12455
544098,2015-02-16,16019
544100,2015-02-16,15002
544101,2015-02-16,16378
544102,2015-02-16,14665
544103,2015-02-16,17961
544104,2015-02-16,14665
544105,2015-02-16,17567
544106,2015-02-16,14530
544107,2015-02-16,15670
544108,2015-02-16,12653
544109,2015-02-16,12841
544110,2015-02-16,15059
544111,2015-02-16,16126
544112,2015-02-16,15039
544115,2015-02-16,12727
544125,2015-02-16,13199
544129,2015-02-16,13199
544143,2015-02-16,15759
544147,2015-02-16,16306
544150,2015-02-16,14180
544151,2015-02-16,15024
544152,2015-02-16,14609
544153,2015-02-16,15356
544154,2015-02-16,13414
544155,2015-02-16,12823
544156,2015-02-16,12352
544157,2015-02-16,12372
544158,2015-02-16,14944
544159,2015-02-16,14944
544160,2015-02-16,16494
544161,2015-02-16,16875
544162,2015-02-16,14959
544163,2015-02-16,16875
544164,2015-02-16,17306
544165,2015-02-16,14210
544166,2015-02-16,14051
544167,2015-02-16,14755
544168,2015-02-16,13798
544169,2015-02-16,13078
544170,2015-02-16,16148
544176,2015-02-16,18219
544177,2015-02-16,13001
544178,2015-02-16,14543
544179,2015-02-16,17422
544180,2015-02-16,14309
544181,2015-02-16,17175
544182,2015-02-16,18257
544183,2015-02-16,17857
544185,2015-02-16,16684
544187,2015-02-16,14107
544189,2015-02-16,15867
544190,2015-02-16,13089
544191,2015-02-16,13089
544192,2015-02-16,13089
544193,2015-02-17,12431
544194,2015-02-17,16839
544195,2015-02-17,13305
544196,2015-02-17,13327
544197,2015-02-17,12971
544198,2015-02-17,12971
544199,2015-02-17,13777
544200,2015-02-17,12494
544203,2015-02-17,12362
544209,2015-02-17,16235
544210,2015-02-17,14911
544211,2015-02-17,13018
544271,2015-02-17,17083
544277,2015-02-17,13718
544278,2015-02-17,15382
544280,2015-02-17,14754
544281,2015-02-17,12500
544282,2015-02-17,17865
544283,2015-02-17,13668
544286,2015-02-17,13151
544292,2015-02-17,16745
544293,2015-02-17,17954
544294,2015-02-17,15601
544295,2015-02-17,14298
544296,2015-02-17,14298
544297,2015-02-17,14298
544298,2015-02-17,14298
544299,2015-02-17,13178
544301,2015-02-17,14606
544302,2015-02-17,12654
544303,2015-02-17,18116
544304,2015-02-17,18125
544305,2015-02-17,15044
544306,2015-02-17,13085
544307,2015-02-17,15903
544308,2015-02-17,16525
544309,2015-02-17,15785
544311,2015-02-17,17841
544312,2015-02-17,17841
544313,2015-02-17,14099
544314,2015-02-17,13767
544315,2015-02-17,12748
544316,2015-02-17,16556
544317,2015-02-17,18138
544319,2015-02-17,14379
544320,2015-02-17,17381
544322,2015-02-17,14211
544328,2015-02-17,14371
544329,2015-02-17,17288
544330,2015-02-17,17576
544331,2015-02-17,12455
544332,2015-02-17,17419
544334,2015-02-17,16353
544335,2015-02-17,14702
544336,2015-02-17,13230
544337,2015-02-18,13425
544338,2015-02-18,12852
544339,2015-02-18,15228
544340,2015-02-18,12527
544341,2015-02-18,13012
544349,2015-02-18,16713
544350,2015-02-18,17389
544351,2015-02-18,16182
544352,2015-02-18,15290
544353,2015-02-18,18229
544354,2015-02-18,13489
544355,2015-02-18,12714
544356,2015-02-18,13904
544368,2015-02-18,14057
544390,2015-02-18,14911
544391,2015-02-18,15755
544392,2015-02-18,14680
544393,2015-02-18,16393
544394,2015-02-18,13932
544395,2015-02-18,13397
544398,2015-02-18,15311
544399,2015-02-18,12594
544400,2015-02-18,14101
544404,2015-02-18,16401
544405,2015-02-18,16814
544406,2015-02-18,16726
544407,2015-02-18,14606
544408,2015-02-18,16726
544409,2015-02-18,16265
544411,2015-02-18,13799
544412,2015-02-18,16531
544421,2015-02-18,13951
544423,2015-02-18,12553
544426,2015-02-18,16765
544430,2015-02-18,16306
544439,2015-02-20,13798
544440,2015-02-20,15465
544441,2015-02-20,16566
544443,2015-02-20,13725
544444,2015-02-20,13246
544445,2015-02-20,16746
544446,2015-02-20,12891
544447,2015-02-20,16466
544448,2015-02-20,14878
544449,2015-02-20,16115
544450,2015-02-20,17811
544452,2015-02-20,14162
544453,2015-02-20,17214
544454,2015-02-20,13301
544455,2015-02-20,13097
544456,2015-02-20,14803
544457,2015-02-20,14667
544459,2015-02-20,17838
544460,2015-02-20,16931
544461,2015-02-20,13744
544462,2015-02-20,17050
544463,2015-02-20,12988
544464,2015-02-20,17323
544465,2015-02-20,13168
544466,2015-02-20,14606
544467,2015-02-20,14502
544470,2015-02-21,12707
544471,2015-02-21,18094
544472,2015-02-21,15129
544473,2015-02-21,14229
544474,2015-02-21,12423
544475,2015-02-21,17361
544476,2015-02-21,14796
544477,2015-02-21,16029
544478,2015-02-21,16333
544479,2015-02-21,14646
544480,2015-02-21,14646
544481,2015-02-21,18155
544482,2015-02-21,16656
544483,2015-02-21,12524
544484,2015-02-21,15321
544485,2015-02-21,17757
544495,2015-02-21,12766
544556,2015-02-21,13477
544565,2015-02-21,18055
544568,2015-02-21,15065
544569,2015-02-21,16980
544571,2015-02-21,15146
544572,2015-02-21,14639
544573,2015-02-21,12621
544574,2015-02-21,12365
544578,2015-02-21,12365
544582,2015-02-21,13410
544585,2015-02-21,12523
544586,2015-02-21,17338
544591,2015-02-21,13044
544592,2015-02-21,16775
544596,2015-02-21,16441
544597,2015-02-21,16014
544600,2015-02-22,18061
544601,2015-02-22,16638
544602,2015-02-22,13767
544603,2015-02-22,17526
544604,2015-02-22,13576
544605,2015-02-22,17512
544606,2015-02-22,14520
544607,2015-02-22,13862
544610,2015-02-22,16912
544611,2015-02-22,16912
544612,2015-02-22,18087
544633,2015-02-22,17315
544634,2015-02-22,17994
544636,2015-02-22,18257
544637,2015-02-22,16546
544638,2015-02-22,14688
544642,2015-02-22,17811
544643,2015-02-22,13038
544644,2015-02-22,17002
544645,2015-02-22,16843
544646,2015-02-22,17075
544647,2015-02-22,14060
544648,2015-02-22,15722
544650,2015-02-22,16349
544651,2015-02-22,13694
544652,2015-02-22,13694
544654,2015-02-22,16913
544656,2015-02-22,17442
544657,2015-02-22,14895
544658,2015-02-22,13113
544659,2015-02-22,18114
544660,2015-02-22,15078
544661,2015-02-22,15303
544662,2015-02-22,12845
544663,2015-02-22,18188
544664,2015-02-22,16045
544666,2015-02-22,16907
544667,2015-02-22,17511
544668,2015-02-22,16573
544670,2015-02-22,16161
544672,2015-02-22,14646
544673,2015-02-22,13421
544675,2015-02-22,16011
544676,2015-02-22,17841
544677,2015-02-22,18196
544678,2015-02-22,13077
544680,2015-02-22,13077
544685,2015-02-22,13285
544686,2015-02-22,12748
544687,2015-02-22,13184
544688,2015-02-23,18151
544689,2015-02-23,12980
544690,2015-02-23,14156
544691,2015-02-23,13804
544692,2015-02-23,17499
544693,2015-02-23,15397
544694,2015-02-23,17706
544695,2015-02-23,14276
544697,2015-02-23,13453
544698,2015-02-23,17949
544699,2015-02-23,17949
544700,2015-02-23,18041
544701,2015-02-23,17428
544702,2015-02-23,17135
544717,2015-02-23,18172
544724,2015-02-23,15605
544749,2015-02-23,15373
544754,2015-02-23,16394
544769,2015-02-23,16422
544774,2015-02-23,17711
544777,2015-02-23,15311
544778,2015-02-23,14978
544779,2015-02-23,13865
544788,2015-02-23,13089
544789,2015-02-23,13993
544790,2015-02-23,16940
544791,2015-02-23,14289
544792,2015-02-23,18172
544793,2015-02-23,13694
544794,2015-02-23,13854
544795,2015-02-23,15858
544796,2015-02-23,16208
544797,2015-02-23,13489
544798,2015-02-23,17063
544799,2015-02-23,17063
544800,2015-02-23,15687
544801,2015-02-23,16145
544802,2015-02-23,13149
544803,2015-02-23,14606
544804,2015-02-23,17504
544805,2015-02-23,18068
544806,2015-02-23,15932
544807,2015-02-23,12823
544808,2015-02-23,14562
544809,2015-02-23,16692
544810,2015-02-23,17675
544811,2015-02-23,12471
544813,2015-02-23,15984
544815,2015-02-23,17171
544816,2015-02-23,13090
544817,2015-02-23,12437
544818,2015-02-23,12437
544819,2015-02-23,12748
544821,2015-02-24,12971
544822,2015-02-24,18231
544823,2015-02-24,14004
544824,2015-02-24,17139
544825,2015-02-24,15606
544826,2015-02-24,14513
544833,2015-02-24,15974
544835,2015-02-24,17830
544836,2015-02-24,17613
544837,2015-02-24,15910
544838,2015-02-24,12565
544839,2015-02-24,14841
544846,2015-02-24,16719
544847,2015-02-24,16086
544885,2015-02-24,14243
544886,2015-02-24,12582
544887,2015-02-24,17364
544888,2015-02-24,14231
544892,2015-02-24,14527
544893,2015-02-24,17865
544894,2015-02-24,15805
544895,2015-02-24,14189
544896,2015-02-24,17867
544898,2015-02-24,14880
544899,2015-02-24,13118
544900,2015-02-24,15121
544903,2015-02-24,18065
544904,2015-02-24,13018
544905,2015-02-24,17117
544906,2015-02-24,17017
544907,2015-02-24,12945
544908,2015-02-24,18056
544909,2015-02-24,14298
544910,2015-02-24,16072
544911,2015-02-24,16838
544912,2015-02-24,18198
544913,2015-02-24,15543
544914,2015-02-24,16722
544915,2015-02-24,13777
544916,2015-02-24,17377
544917,2015-02-24,13751
544918,2015-02-24,13081
544919,2015-02-24,13725
544920,2015-02-24,13081
544921,2015-02-24,17090
544922,2015-02-24,15847
544923,2015-02-24,12877
544924,2015-02-24,13851
544925,2015-02-24,16997
544926,2015-02-24,13468
544929,2015-02-24,15189
544930,2015-02-24,17472
544931,2015-02-24,13501
544932,2015-02-25,16133
544933,2015-02-25,12633
544934,2015-02-25,13345
544935,2015-02-25,13870
544936,2015-02-25,15769
544937,2015-02-25,12839
544939,2015-02-25,17034
544940,2015-02-25,16592
544941,2015-02-25,12841
544942,2015-02-25,15544
544943,2015-02-25,15845
544944,2015-02-25,14541
544945,2015-02-25,17735
544968,2015-02-25,13458
544969,2015-02-25,15712
544970,2015-02-25,13362
544996,2015-02-25,12474
544998,2015-02-25,14470
544999,2015-02-25,17388
545000,2015-02-25,15281
545001,2015-02-25,16841
545002,2015-02-25,13001
545004,2015-02-25,13753
545011,2015-02-25,13666
545012,2015-02-25,13666
545013,2015-02-25,13093
545014,2015-02-25,18223
545015,2015-02-25,13742
545016,2015-02-25,16473
545017,2015-02-25,12361
545018,2015-02-25,14481
545019,2015-02-25,15093
545020,2015-02-25,13792
545021,2015-02-25,17663
545022,2015-02-25,12921
545023,2015-02-25,12921
545026,2015-02-25,15939
545028,2015-02-25,13973
545029,2015-02-25,14541
545030,2015-02-25,13798
545031,2015-02-25,15990
545032,2015-02-25,14051
545034,2015-02-25,13493
545035,2015-02-25,15078
545036,2015-02-25,14573
545037,2015-02-27,14532
545038,2015-02-27,13684
545039,2015-02-27,17243
545041,2015-02-27,14952
545042,2015-02-27,13261
545043,2015-02-27,16407
545044,2015-02-27,15738
545045,2015-02-27,15708
545046,2015-02-27,16598
545047,2015-02-27,14147
545048,2015-02-27,14810
545049,2015-02-27,15046
545050,2015-02-27,15951
545051,2015-02-27,12599
545052,2015-02-27,13971
545053,2015-02-27,17516
545054,2015-02-27,14472
545055,2015-02-27,17516
545056,2015-02-27,16745
545057,2015-02-27,13630
545058,2015-02-27,13767
545059,2015-02-27,14157
545060,2015-02-27,15547
545061,2015-02-27,15547
545062,2015-02-27,12748
545063,2015-02-27,14606
545064,2015-02-27,13636
545065,2015-02-27,12431
545066,2015-02-27,13610
545067,2015-02-27,17894
545069,2015-02-27,14745
545070,2015-02-27,16493
545071,2015-02-27,15996
545072,2015-02-28,12781
545073,2015-02-28,14036
545074,2015-02-28,17655
545075,2015-02-28,14211
545076,2015-02-28,15235
545077,2015-02-28,14616
545079,2015-02-28,18283
545080,2015-02-28,13004
545081,2015-02-28,16057
545082,2015-02-28,16992
545083,2015-02-28,15724
545084,2015-02-28,12458
545085,2015-02-28,15039
545086,2015-02-28,12678
545087,2015-02-28,16422
545103,2015-02-28,15039
545105,2015-02-28,12598
545140,2015-02-28,12464
545148,2015-02-28,13675
545149,2015-02-28,15062
545150,2015-02-28,14227
545151,2015-02-28,16668
545152,2015-02-28,15227
545153,2015-02-28,16667
545154,2015-02-28,12921
545155,2015-02-28,14527
545156,2015-02-28,13509
545157,2015-02-28,14239
545158,2015-02-28,15874
545159,2015-02-28,12748
545161,2015-02-28,16187
545162,2015-02-28,16187
545163,2015-02-28,16607
545164,2015-02-28,16458
545165,2015-02-28,16339
545166,2015-02-28,17027
545170,2015-02-28,14078
545180,2015-02-28,12728
545181,2015-02-28,12509
545182,2015-02-28,14046
545183,2015-02-28,15570
545184,2015-02-28,13292
545185,2015-02-28,16027
545186,2015-02-28,17841
545187,2015-02-28,16427
545188,2015-02-28,14056
545190,2015-02-28,15656
545191,2015-02-28,12811
545213,2015-02-28,16518
545214,2015-02-28,17165
545218,2015-02-28,17462
545220,2015-03-01,14620
545221,2015-03-01,14740
545222,2015-03-01,13880
545223,2015-03-01,16462
545224,2015-03-01,17068
545225,2015-03-01,12971
545226,2015-03-01,12428
545227,2015-03-01,12428
545228,2015-03-01,16078
545229,2015-03-01,16915
545231,2015-03-01,15194
545232,2015-03-01,15676
545233,2015-03-01,18044
545234,2015-03-01,18075
545235,2015-03-01,12683
545237,2015-03-01,15709
545238,2015-03-01,15241
545276,2015-03-01,12933
545279,2015-03-01,17811
545287,2015-03-01,15971
545288,2015-03-01,15311
545289,2015-03-01,14732
545290,2015-03-01,14688
545294,2015-03-01,17965
545295,2015-03-01,12709
545300,2015-03-01,15092
545301,2015-03-01,12679
545302,2015-03-01,14506
545303,2015-03-01,15319
545304,2015-03-01,16212
545305,2015-03-01,15257
545306,2015-03-01,17027
545308,2015-03-01,14656
545309,2015-03-01,13884
545310,2015-03-01,15456
545311,2015-03-01,15660
545312,2015-03-01,15456
545313,2015-03-01,15953
545314,2015-03-01,12866
545318,2015-03-01,14676
545319,2015-03-01,16839
545320,2015-03-01,14156
545321,2015-03-01,12747
545322,2015-03-01,13599
545323,2015-03-01,12352
545324,2015-03-01,13110
545325,2015-03-01,16525
545326,2015-03-01,14560
545327,2015-03-01,13166
545328,2015-03-01,16389
545331,2015-03-01,17961
545332,2015-03-01,12352
545334,2015-03-01,15750
545336,2015-03-01,12428
545337,2015-03-01,15984
545338,2015-03-01,17449
545339,2015-03-02,14292
545340,2015-03-02,15416
545341,2015-03-02,17949
545342,2015-03-02,13497
545343,2015-03-02,15733
545344,2015-03-02,16678
545345,2015-03-02,14180
545346,2015-03-02,12834
545347,2015-03-02,13094
545348,2015-03-02,12913
545349,2015-03-02,18118
545377,2015-03-02,14606
545398,2015-03-02,13722
545399,2015-03-02,14934
545400,2015-03-02,17048
545408,2015-03-02,15067
545410,2015-03-02,16670
545411,2015-03-02,16128
545412,2015-03-02,15061
545413,2015-03-02,15061
545414,2015-03-02,12980
545415,2015-03-02,15641
545416,2015-03-02,17770
545417,2015-03-02,15622
545418,2015-03-02,14473
545419,2015-03-02,15104
545423,2015-03-02,15643
545425,2015-03-02,16792
545426,2015-03-02,15189
545427,2015-03-02,16792
545428,2015-03-02,14239
545429,2015-03-02,15031
545430,2015-03-02,15636
545431,2015-03-02,12873
545433,2015-03-02,17923
545435,2015-03-02,16217
545441,2015-03-02,14657
545445,2015-03-02,17738
545447,2015-03-02,17426
545448,2015-03-02,12753
545459,2015-03-02,17576
545460,2015-03-02,13230
545461,2015-03-03,14388
545462,2015-03-03,17567
545463,2015-03-03,13784
545465,2015-03-03,16957
545466,2015-03-03,18102
545467,2015-03-03,15304
545468,2015-03-03,16571
545469,2015-03-03,17646
545470,2015-03-03,14483
545471,2015-03-03,15087
545474,2015-03-03,16709
545475,2015-03-03,12415
545477,2015-03-03,14573
545503,2015-03-03,15719
545505,2015-03-03,17856
545512,2015-03-03,17389
545514,2015-03-03,15053
545515,2015-03-03,12727
545517,2015-03-03,12727
545518,2015-03-03,18218
545519,2015-03-03,16159
545521,2015-03-03,17995
545522,2015-03-03,15596
545523,2015-03-03,14524
545524,2015-03-03,17374
545526,2015-03-03,17789
545530,2015-03-03,17416
545533,2015-03-03,12524
545534,2015-03-03,17652
545535,2015-03-03,13199
545536,2015-03-03,12417
545543,2015-03-03,13476
545544,2015-03-03,14057
545545,2015-03-03,17841
545550,2015-03-03,18041
545555,2015-03-03,17757
545557,2015-03-03,12500
545558,2015-03-03,17873
545559,2015-03-03,15005
545570,2015-03-03,12817
545571,2015-03-03,17700
545573,2015-03-03,15393
545574,2015-03-03,13959
545575,2015-03-03,13014
545576,2015-03-03,15611
545577,2015-03-03,14702
545578,2015-03-03,13715
545579,2015-03-04,17508
545580,2015-03-04,13931
545582,2015-03-04,13694
545583,2015-03-04,12553
545585,2015-03-04,12541
545587,2015-03-04,14796
545588,2015-03-04,13382
545589,2015-03-04,17001
545590,2015-03-04,15220
545591,2015-03-04,17581
545592,2015-03-04,17581
545593,2015-03-04,17581
545595,2015-03-04,14570
545596,2015-03-04,14447
545597,2015-03-04,14570
545601,2015-03-04,15827
545602,2015-03-04,17315
545603,2015-03-04,15827
545630,2015-03-04,14466
545634,2015-03-04,14911
545635,2015-03-04,13557
545636,2015-03-04,16449
545637,2015-03-04,15514
545638,2015-03-04,13113
545644,2015-03-04,16333
545645,2015-03-04,12755
545646,2015-03-04,14779
545647,2015-03-04,12547
545648,2015-03-04,17325
545649,2015-03-04,14995
545652,2015-03-04,16414
545653,2015-03-04,15311
545654,2015-03-04,15681
545655,2015-03-04,14670
545656,2015-03-04,14057
545657,2015-03-04,14911
545658,2015-03-04,14670
545659,2015-03-04,15675
545660,2015-03-04,17191
545661,2015-03-04,15358
545662,2015-03-04,15358
545663,2015-03-04,13491
545664,2015-03-04,12584
545665,2015-03-04,17535
545668,2015-03-04,14031
545669,2015-03-06,17243
545670,2015-03-06,15465
545675,2015-03-06,18223
545676,2015-03-06,15034
545680,2015-03-06,15400
545681,2015-03-06,16923
545682,2015-03-06,14701
545683,2015-03-06,14903
545684,2015-03-06,15606
545685,2015-03-06,14499
545686,2015-03-06,18211
545687,2015-03-06,17769
545688,2015-03-06,16033
545690,2015-03-06,13263
545691,2015-03-06,14161
545692,2015-03-06,17428
545693,2015-03-06,16422
545694,2015-03-06,16422
545695,2015-03-06,17050
545696,2015-03-06,15696
545697,2015-03-06,14504
545698,2015-03-06,15572
545699,2015-03-06,15572
545700,2015-03-06,17811
545701,2015-03-06,17107
545702,2015-03-06,14247
545704,2015-03-07,16638
545705,2015-03-07,15554
545706,2015-03-07,12712
545707,2015-03-07,13881
545708,2015-03-07,14915
545709,2015-03-07,12708
545710,2015-03-07,13117
545711,2015-03-07,16136
545712,2015-03-07,18280
545718,2015-03-07,12614
545719,2015-03-07,13344
545721,2015-03-07,15039
545722,2015-03-07,16013
545725,2015-03-07,16621
545738,2015-03-07,17571
545748,2015-03-07,17381
545752,2015-03-07,17381
545759,2015-03-07,16316
545764,2015-03-07,13408
545790,2015-03-07,16316
545797,2015-03-07,16225
545812,2015-03-07,14214
545815,2015-03-07,14012
545819,2015-03-07,16356
545820,2015-03-07,13884
545821,2015-03-07,13001
545822,2015-03-07,13884
545826,2015-03-07,17696
545830,2015-03-07,17634
545835,2015-03-07,17654
545838,2015-03-07,14606
545842,2015-03-07,15498
545845,2015-03-07,12754
545851,2015-03-07,15026
545853,2015-03-07,16517
545854,2015-03-07,14817
545855,2015-03-07,15290
545856,2015-03-07,16225
545859,2015-03-07,15498
545865,2015-03-07,15769
545868,2015-03-07,17841
545869,2015-03-07,17162
545870,2015-03-07,17162
545871,2015-03-07,17092
545872,2015-03-07,15752
545873,2015-03-07,13092
545874,2015-03-07,12841
545883,2015-03-07,15974
545888,2015-03-07,13798
545889,2015-03-07,15291
545890,2015-03-07,16782
545894,2015-03-07,16242
545896,2015-03-07,15869
545898,2015-03-07,15869
545899,2015-03-07,17817
545900,2015-03-07,17817
545901,2015-03-07,15834
545902,2015-03-07,15834
545904,2015-03-08,13468
545905,2015-03-08,15234
545906,2015-03-08,15764
545907,2015-03-08,15806
545908,2015-03-08,14709
545909,2015-03-08,15819
545910,2015-03-08,14586
545911,2015-03-08,17940
545912,2015-03-08,15944
545913,2015-03-08,16779
545914,2015-03-08,13340
545915,2015-03-08,17419
545916,2015-03-08,12528
545918,2015-03-08,16917
545928,2015-03-08,14407
545933,2015-03-08,13908
545937,2015-03-08,12758
545945,2015-03-08,16710
545978,2015-03-08,13975
545979,2015-03-08,12748
545980,2015-03-08,14730
545987,2015-03-08,17389
545988,2015-03-08,12662
545989,2015-03-08,14560
545991,2015-03-08,15311
545992,2015-03-08,16927
545993,2015-03-08,13777
545994,2015-03-08,12623
545995,2015-03-08,15023
545996,2015-03-08,14367
545998,2015-03-08,13373
545999,2015-03-08,13089
546000,2015-03-08,13089
546001,2015-03-08,13854
546003,2015-03-08,16712
546005,2015-03-08,14426
546006,2015-03-08,17639
546009,2015-03-08,16426
546011,2015-03-08,17306
546013,2015-03-08,16495
546014,2015-03-08,16495
546015,2015-03-08,14336
546017,2015-03-08,14507
546019,2015-03-08,14507
546027,2015-03-09,12759
546028,2015-03-09,17049
546029,2015-03-09,15206
546030,2015-03-09,14013
546031,2015-03-09,13267
546032,2015-03-09,13267
546033,2015-03-09,13267
546034,2015-03-09,14032
546035,2015-03-09,12924
546036,2015-03-09,14645
546037,2015-03-09,14825
546038,2015-03-09,15071
546062,2015-03-09,16221
546067,2015-03-09,17450
546079,2015-03-09,14534
546082,2015-03-09,12971
546083,2015-03-09,12971
546084,2015-03-09,14112
546087,2015-03-09,13026
546088,2015-03-09,12881
546089,2015-03-09,17864
546090,2015-03-09,16525
546091,2015-03-09,14936
546092,2015-03-09,17138
546096,2015-03-09,15502
546100,2015-03-09,16572
546101,2015-03-09,14803
546102,2015-03-09,16316
546103,2015-03-09,13093
546104,2015-03-09,14527
546105,2015-03-09,14662
546107,2015-03-09,17238
546108,2015-03-09,15529
546110,2015-03-09,17770
546111,2015-03-09,14165
546112,2015-03-09,15769
546113,2015-03-09,14344
546115,2015-03-09,15379
546116,2015-03-09,15367
546117,2015-03-09,16771
546118,2015-03-09,13078
546119,2015-03-09,16945
546120,2015-03-09,16945
546121,2015-03-09,14085
546122,2015-03-09,15581
546123,2015-03-09,16419
546127,2015-03-09,17730
546132,2015-03-09,15057
546133,2015-03-09,14291
546134,2015-03-09,13493
546135,2015-03-09,12388
546153,2015-03-10,13538
546154,2015-03-10,13953
546155,2015-03-10,15632
546156,2015-03-10,14297
546157,2015-03-10,13502
546158,2015-03-10,13899
546159,2015-03-10,16471
546160,2015-03-10,15838
546161,2015-03-10,17404
546163,2015-03-10,17377
546164,2015-03-10,15939
546165,2015-03-10,18183
546166,2015-03-10,16553
546169,2015-03-10,14603
546171,2015-03-10,16359
546172,2015-03-10,14156
546182,2015-03-10,14334
546189,2015-03-10,13102
546190,2015-03-10,13102
546212,2015-03-10,14156
546213,2015-03-10,14156
546215,2015-03-10,14713
546216,2015-03-10,18173
546218,2015-03-10,14667
546220,2015-03-10,16745
546223,2015-03-10,14854
546230,2015-03-10,13871
546235,2015-03-10,14976
546236,2015-03-10,12370
546237,2015-03-10,16625
546239,2015-03-10,14064
546242,2015-03-10,16743
546243,2015-03-10,15308
546246,2015-03-10,14841
546247,2015-03-10,18086
546248,2015-03-10,16477
546249,2015-03-10,14606
546250,2015-03-10,14350
546251,2015-03-10,16553
546252,2015-03-10,14930
546253,2015-03-10,16080
546254,2015-03-10,14727
546255,2015-03-10,13468
546261,2015-03-10,17841
546263,2015-03-10,14156
546275,2015-03-10,13126
546279,2015-03-10,17841
546301,2015-03-10,16778
546304,2015-03-10,14077
546305,2015-03-10,14056
546310,2015-03-10,15291
546314,2015-03-10,16808
546315,2015-03-11,16558
546316,2015-03-11,17076
546317,2015-03-11,14913
546318,2015-03-11,16013
546319,2015-03-11,17949
546321,2015-03-11,16475
546322,2015-03-11,14114
546324,2015-03-11,13265
546326,2015-03-11,13798
546328,2015-03-11,14911
546329,2015-03-11,14911
546330,2015-03-11,16817
546331,2015-03-11,13133
546365,2015-03-11,12520
546366,2015-03-11,12748
546367,2015-03-11,15513
546369,2015-03-11,15513
546372,2015-03-11,13098
546373,2015-03-11,12583
546374,2015-03-11,17194
546376,2015-03-11,13842
546377,2015-03-11,15049
546378,2015-03-11,14329
546380,2015-03-11,12748
546381,2015-03-11,12748
546382,2015-03-11,18149
546383,2015-03-11,13654
546384,2015-03-11,15311
546385,2015-03-11,16652
546386,2015-03-11,14312
546387,2015-03-11,16766
546389,2015-03-11,16801
546390,2015-03-11,14083
546391,2015-03-11,17800
546392,2015-03-11,14587
546394,2015-03-11,17164
546396,2015-03-11,13226
546397,2015-03-11,12971
546398,2015-03-11,13043
546399,2015-03-11,14352
546401,2015-03-11,17994
546402,2015-03-11,13305
546403,2015-03-11,16766
546404,2015-03-11,13509
546405,2015-03-11,17351
546411,2015-03-11,12939
546412,2015-03-11,12748
546413,2015-03-11,17961
546414,2015-03-13,16768
546415,2015-03-13,17975
546417,2015-03-13,14800
546418,2015-03-13,17315
546419,2015-03-13,16693
546420,2015-03-13,14810
546421,2015-03-13,13700
546422,2015-03-13,15547
546423,2015-03-13,14502
546424,2015-03-13,13956
546425,2015-03-13,16983
546426,2015-03-13,13708
546427,2015-03-13,14606
546428,2015-03-13,12681
546429,2015-03-13,17611
546430,2015-03-13,15918
546431,2015-03-14,16954
546432,2015-03-14,14180
546433,2015-03-14,12778
546434,2015-03-14,12383
546435,2015-03-14,15671
546436,2015-03-14,14962
546437,2015-03-14,16807
546438,2015-03-14,15125
546440,2015-03-14,16871
546441,2015-03-14,15159
546442,2015-03-14,15159
546443,2015-03-14,12901
546462,2015-03-14,12845
546464,2015-03-14,13225
546465,2015-03-14,14395
546466,2015-03-14,18118
546479,2015-03-14,12682
546480,2015-03-14,13452
546486,2015-03-14,15039
546498,2015-03-14,15493
546502,2015-03-14,16005
546508,2015-03-14,15971
546509,2015-03-14,14911
546510,2015-03-14,16353
546520,2015-03-14,14911
546521,2015-03-14,16013
546522,2015-03-14,13319
546523,2015-03-14,13319
546524,2015-03-14,17811
546525,2015-03-14,14733
546526,2015-03-14,15061
546527,2015-03-14,15061
546528,2015-03-14,15311
546530,2015-03-14,17404
546531,2015-03-14,15738
546532,2015-03-14,14060
546533,2015-03-14,15388
546534,2015-03-14,16150
546537,2015-03-14,15005
546538,2015-03-14,16327
546540,2015-03-14,15061
546541,2015-03-14,14911
546542,2015-03-14,13263
546543,2015-03-14,17841
546544,2015-03-14,16570
546545,2015-03-14,16804
546549,2015-03-14,17799
546550,2015-03-14,17799
546552,2015-03-15,13082
546553,2015-03-15,13499
546554,2015-03-15,16037
546555,2015-03-15,17675
546556,2015-03-15,16156
546560,2015-03-15,12931
546561,2015-03-15,18260
546562,2015-03-15,16293
546563,2015-03-15,15047
546569,2015-03-15,14016
546580,2015-03-15,14911
546622,2015-03-15,17954
546624,2015-03-15,14193
546625,2015-03-15,17542
546631,2015-03-15,15181
546632,2015-03-15,17080
546633,2015-03-15,16168
546634,2015-03-15,14527
546635,2015-03-15,16392
546636,2015-03-15,14534
546637,2015-03-15,13854
546638,2015-03-15,15106
546639,2015-03-15,13971
546640,2015-03-15,14092
546642,2015-03-15,12779
546643,2015-03-15,16214
546644,2015-03-15,15932
546646,2015-03-15,13716
546657,2015-03-15,17816
546658,2015-03-15,15150
546659,2015-03-15,16996
546660,2015-03-15,14156
546662,2015-03-15,16782
546665,2015-03-15,15867
546667,2015-03-15,14735
546668,2015-03-15,14735
546669,2015-03-15,14226
546670,2015-03-15,13451
546677,2015-03-15,18144
546678,2015-03-15,12681
546679,2015-03-15,13121
546681,2015-03-16,16297
546682,2015-03-16,12994
546683,2015-03-16,12868
546684,2015-03-16,16152
546685,2015-03-16,15687
546686,2015-03-16,14636
546687,2015-03-16,16040
546688,2015-03-16,16497
546689,2015-03-16,16985
546690,2015-03-16,16985
546691,2015-03-16,15793
546724,2015-03-16,12845
546728,2015-03-16,13983
546729,2015-03-16,18231
546731,2015-03-16,13089
546732,2015-03-16,14606
546733,2015-03-16,16029
546734,2015-03-16,16029
546736,2015-03-16,16013
546737,2015-03-16,13358
546738,2015-03-16,16422
546739,2015-03-16,17511
546741,2015-03-16,13261
546742,2015-03-16,12849
546748,2015-03-16,15182
546749,2015-03-16,14543
546750,2015-03-16,14543
546751,2015-03-16,13668
546752,2015-03-16,13299
546753,2015-03-16,16383
546754,2015-03-16,13027
546755,2015-03-16,12502
546757,2015-03-16,15381
546759,2015-03-16,12712
546760,2015-03-16,12597
546761,2015-03-16,17858
546762,2015-03-16,17961
546764,2015-03-16,15671
546765,2015-03-16,12437
546766,2015-03-16,12971
546767,2015-03-16,12971
546768,2015-03-16,15694
546769,2015-03-16,17504
546770,2015-03-16,12523
546771,2015-03-16,17515
546772,2015-03-16,15030
546774,2015-03-16,14505
546775,2015-03-16,17306
546776,2015-03-16,17460
546778,2015-03-16,14572
546780,2015-03-17,12435
546781,2015-03-17,12955
546782,2015-03-17,15291
546784,2015-03-17,18189
546785,2015-03-17,15189
546786,2015-03-17,16523
546787,2015-03-17,14035
546788,2015-03-17,13946
546789,2015-03-17,15769
546790,2015-03-17,14713
546791,2015-03-17,17716
546827,2015-03-17,15301
546828,2015-03-17,13185
546829,2015-03-17,14840
546830,2015-03-17,16839
546831,2015-03-17,13199
546832,2015-03-17,13216
546837,2015-03-17,13650
546843,2015-03-17,12472
546846,2015-03-17,13533
546847,2015-03-17,12989
546848,2015-03-17,13533
546849,2015-03-17,13623
546850,2015-03-17,13268
546851,2015-03-17,12480
546852,2015-03-17,13104
546853,2015-03-17,12845
546855,2015-03-17,18168
546856,2015-03-17,15433
546857,2015-03-17,12937
546860,2015-03-17,18198
546861,2015-03-17,14911
546862,2015-03-17,16216
546863,2015-03-17,16377
546866,2015-03-17,14462
546869,2015-03-17,12352
546871,2015-03-17,16746
546872,2015-03-17,14462
546873,2015-03-17,17591
546874,2015-03-17,16976
546875,2015-03-17,12514
546877,2015-03-17,18210
546878,2015-03-17,13631
546882,2015-03-17,14422
546883,2015-03-17,13707
546890,2015-03-17,13394
546898,2015-03-17,17961
546899,2015-03-17,14298
546900,2015-03-17,14298
546902,2015-03-17,14298
546908,2015-03-17,15648
546909,2015-03-17,14056
546910,2015-03-17,13969
546911,2015-03-17,17725
546912,2015-03-17,15861
546913,2015-03-17,15861
546914,2015-03-18,13072
546915,2015-03-18,15695
546916,2015-03-18,15695
546917,2015-03-18,14911
546918,2015-03-18,15854
546919,2015-03-18,12500
546920,2015-03-18,12471
546921,2015-03-18,12471
546922,2015-03-18,14110
546923,2015-03-18,16716
546924,2015-03-18,14059
546925,2015-03-18,12647
546926,2015-03-18,17857
546927,2015-03-18,16672
546928,2015-03-18,17685
546929,2015-03-18,13090
546944,2015-03-18,14701
546950,2015-03-18,16511
546951,2015-03-18,17673
546963,2015-03-18,16779
546979,2015-03-18,16256
546980,2015-03-18,13591
546981,2015-03-18,14066
546982,2015-03-18,15483
546983,2015-03-18,16626
546984,2015-03-18,15019
546985,2015-03-18,18270
546986,2015-03-18,14194
546988,2015-03-18,14194
546990,2015-03-18,14315
546991,2015-03-18,12748
546992,2015-03-18,16684
546993,2015-03-18,17921
546994,2015-03-18,16684
546995,2015-03-18,14041
546996,2015-03-18,17060
546998,2015-03-18,16023
546999,2015-03-18,17133
547000,2015-03-18,14282
547001,2015-03-18,16656
547002,2015-03-18,12878
547003,2015-03-18,14155
547004,2015-03-18,17419
547005,2015-03-18,12474
547017,2015-03-18,13468
547018,2015-03-18,17043
547019,2015-03-18,17841
547020,2015-03-18,17017
547021,2015-03-18,13046
547022,2015-03-18,17961
547023,2015-03-18,16422
547026,2015-03-18,14633
547028,2015-03-20,13593
547029,2015-03-20,15465
547030,2015-03-20,12948
547032,2015-03-20,13798
547033,2015-03-20,15898
547034,2015-03-20,18229
547035,2015-03-20,13911
547036,2015-03-20,17017
547037,2015-03-20,14101
547038,2015-03-20,15703
547039,2015-03-20,14560
547040,2015-03-20,15938
547041,2015-03-20,13777
547044,2015-03-20,14071
547045,2015-03-20,17856
547046,2015-03-20,13725
547047,2015-03-20,14258
547048,2015-03-20,14911
547049,2015-03-20,17134
547050,2015-03-20,17795
547051,2015-03-20,12902
547052,2015-03-20,18225
547053,2015-03-20,13001
547055,2015-03-20,16444
547056,2015-03-20,16402
547057,2015-03-20,14217
547058,2015-03-20,14232
547059,2015-03-20,14693
547060,2015-03-20,17954
547061,2015-03-20,12407
547062,2015-03-20,16728
547063,2015-03-20,14769
547064,2015-03-20,16096
547065,2015-03-20,17068
547066,2015-03-20,12921
547067,2015-03-20,12921
547068,2015-03-20,13985
547069,2015-03-20,16710
547070,2015-03-20,16115
547071,2015-03-20,12693
547072,2015-03-20,13592
547073,2015-03-20,17211
547074,2015-03-20,13102
547075,2015-03-20,15288
547076,2015-03-20,15140
547077,2015-03-20,12843
547078,2015-03-20,14408
547079,2015-03-20,15408
547080,2015-03-20,15445
547081,2015-03-20,14205
547083,2015-03-20,15452
547084,2015-03-20,17690
547085,2015-03-20,12600
547086,2015-03-20,12428
547087,2015-03-20,12726
547088,2015-03-20,14223
547090,2015-03-20,17230
547092,2015-03-21,16619
547093,2015-03-21,14762
547094,2015-03-21,13934
547095,2015-03-21,13018
547096,2015-03-21,15669
547097,2015-03-21,13021
547098,2015-03-21,16384
547099,2015-03-21,18224
547100,2015-03-21,15615
547101,2015-03-21,16029
547102,2015-03-21,14245
547103,2015-03-21,15218
547105,2015-03-21,13854
547106,2015-03-21,15039
547107,2015-03-21,17315
547108,2015-03-21,14659
547109,2015-03-21,12423
547114,2015-03-21,14688
547122,2015-03-21,17678
547134,2015-03-21,15996
547154,2015-03-21,15299
547165,2015-03-21,13593
547171,2015-03-21,17849
547192,2015-03-21,15855
547194,2015-03-21,12637
547195,2015-03-21,17204
547196,2015-03-21,12637
547197,2015-03-21,17811
547199,2015-03-21,14606
547200,2015-03-21,16036
547201,2015-03-21,13113
547202,2015-03-21,17841
547203,2015-03-21,17146
547204,2015-03-21,13491
547205,2015-03-21,16558
547206,2015-03-21,16791
547207,2015-03-21,17763
547209,2015-03-21,13081
547220,2015-03-21,13410
547221,2015-03-21,13262
547222,2015-03-21,18008
547223,2015-03-21,12867
547226,2015-03-21,14167
547227,2015-03-21,12748
547233,2015-03-21,17152
547240,2015-03-21,17585
547243,2015-03-21,17231
547244,2015-03-21,16427
547245,2015-03-22,14632
547246,2015-03-22,16191
547247,2015-03-22,18225
547251,2015-03-22,17865
547252,2015-03-22,13900
547253,2015-03-22,13869
547273,2015-03-22,14530
547324,2015-03-22,13014
547327,2015-03-22,12681
547334,2015-03-22,15044
547340,2015-03-22,14875
547349,2015-03-22,15132
547350,2015-03-22,17272
547357,2015-03-22,17613
547358,2015-03-22,15998
547359,2015-03-22,15719
547360,2015-03-22,16135
547361,2015-03-22,15298
547362,2015-03-22,13694
547365,2015-03-22,12775
547366,2015-03-22,12831
547367,2015-03-22,15437
547370,2015-03-22,14711
547371,2015-03-22,14377
547372,2015-03-22,16374
547373,2015-03-22,13798
547374,2015-03-22,16110
547375,2015-03-22,13196
547377,2015-03-22,13050
547378,2015-03-22,14051
547379,2015-03-22,12720
547380,2015-03-22,16809
547381,2015-03-22,18041
547382,2015-03-22,15457
547383,2015-03-22,12613
547384,2015-03-22,12613
547387,2015-03-22,12539
547389,2015-03-22,16721
547390,2015-03-22,12352
547391,2015-03-22,14735
547401,2015-03-22,17576
547405,2015-03-23,17705
547406,2015-03-23,16948
547407,2015-03-23,15658
547412,2015-03-23,12399
547413,2015-03-23,13475
547414,2015-03-23,17733
547415,2015-03-23,17102
547416,2015-03-23,15410
547417,2015-03-23,13239
547418,2015-03-23,13148
547419,2015-03-23,15061
547420,2015-03-23,15449
547428,2015-03-23,14870
547444,2015-03-23,12811
547485,2015-03-23,17019
547486,2015-03-23,13576
547488,2015-03-23,13821
547489,2015-03-23,17830
547490,2015-03-23,17507
547491,2015-03-23,17096
547492,2015-03-23,12604
547493,2015-03-23,12818
547494,2015-03-23,18191
547496,2015-03-23,18075
547497,2015-03-23,14461
547498,2015-03-23,15021
547500,2015-03-23,13408
547501,2015-03-23,13408
547503,2015-03-23,13132
547504,2015-03-23,12683
547507,2015-03-23,16859
547508,2015-03-23,12683
547509,2015-03-23,15606
547510,2015-03-23,15245
547511,2015-03-23,17411
547512,2015-03-23,17262
547513,2015-03-23,17519
547514,2015-03-23,17486
547515,2015-03-23,13267
547516,2015-03-23,15189
547517,2015-03-23,12395
547518,2015-03-23,13694
547519,2015-03-23,16308
547520,2015-03-23,12564
547521,2015-03-23,16713
547535,2015-03-23,16250
547537,2015-03-23,13534
547538,2015-03-23,13534
547539,2015-03-23,16943
547541,2015-03-23,14607
547546,2015-03-23,13249
547548,2015-03-23,15644
547549,2015-03-23,14794
547550,2015-03-23,16839
547553,2015-03-23,15644
547554,2015-03-23,17858
547555,2015-03-23,14075
547556,2015-03-23,17250
547558,2015-03-23,17966
547561,2015-03-24,14129
547562,2015-03-24,16525
547563,2015-03-24,15651
547564,2015-03-24,17512
547565,2015-03-24,13035
547566,2015-03-24,12811
547567,2015-03-24,17644
547568,2015-03-24,13341
547569,2015-03-24,17491
547570,2015-03-24,13636
547571,2015-03-24,16265
547572,2015-03-24,13512
547573,2015-03-24,12948
547576,2015-03-24,16620
547577,2015-03-24,13183
547578,2015-03-24,13089
547579,2015-03-24,13089
547580,2015-03-24,13488
547583,2015-03-24,12901
547623,2015-03-24,15641
547639,2015-03-24,17698
547644,2015-03-24,14267
547645,2015-03-24,12676
547647,2015-03-24,15144
547648,2015-03-24,15144
547649,2015-03-24,18118
547650,2015-03-24,17059
547651,2015-03-24,16904
547652,2015-03-24,14606
547653,2015-03-24,16745
547654,2015-03-24,14527
547655,2015-03-24,14267
547656,2015-03-24,13263
547657,2015-03-24,13871
547658,2015-03-24,13736
547659,2015-03-24,12434
547662,2015-03-24,14085
547663,2015-03-24,16022
547664,2015-03-24,13069
547665,2015-03-24,14256
547666,2015-03-24,14235
547667,2015-03-24,16700
547668,2015-03-24,14071
547669,2015-03-24,12748
547670,2015-03-24,16769
547671,2015-03-24,14560
547672,2015-03-24,17754
547674,2015-03-24,15835
547684,2015-03-24,12408
547685,2015-03-24,12408
547686,2015-03-24,15513
547687,2015-03-24,15078
547688,2015-03-24,12971
547689,2015-03-24,17757
547690,2015-03-24,16063
547691,2015-03-24,16767
547694,2015-03-24,15178
547695,2015-03-24,18239
547697,2015-03-24,14348
547698,2015-03-24,15304
547702,2015-03-24,14911
547703,2015-03-24,12540
547705,2015-03-24,14056
547706,2015-03-24,12901
547707,2015-03-24,18008
547708,2015-03-24,17450
547709,2015-03-24,18109
547712,2015-03-24,16905
547713,2015-03-25,16458
547714,2015-03-25,15815
547715,2015-03-25,12520
547716,2015-03-25,16833
547717,2015-03-25,16833
547718,2015-03-25,17450
547719,2015-03-25,14404
547720,2015-03-25,14209
547721,2015-03-25,13000
547722,2015-03-25,12553
547724,2015-03-25,13468
547726,2015-03-25,16029
547727,2015-03-25,16029
547728,2015-03-25,16029
547729,2015-03-25,15529
547730,2015-03-25,14796
547762,2015-03-25,13695
547772,2015-03-25,17979
547785,2015-03-25,13097
547786,2015-03-25,14587
547787,2015-03-25,13139
547789,2015-03-25,14911
547790,2015-03-25,12545
547792,2015-03-25,17979
547793,2015-03-25,14758
547794,2015-03-25,14085
547795,2015-03-25,14536
547796,2015-03-25,14646
547799,2015-03-25,17139
547800,2015-03-25,14504
547801,2015-03-25,14107
547803,2015-03-25,13662
547804,2015-03-25,16817
547805,2015-03-25,13327
547809,2015-03-25,12748
547811,2015-03-25,17368
547812,2015-03-25,18102
547814,2015-03-25,13452
547815,2015-03-25,13520
547816,2015-03-25,12748
547817,2015-03-25,17946
547818,2015-03-25,12748
547819,2015-03-25,12748
547820,2015-03-25,13743
547821,2015-03-25,12621
547822,2015-03-25,12668
547825,2015-03-25,12778
547826,2015-03-25,18078
547828,2015-03-25,16618
547829,2015-03-25,16081
547832,2015-03-25,17511
547833,2015-03-25,16780
547834,2015-03-27,17937
547835,2015-03-27,15465
547837,2015-03-27,17243
547839,2015-03-27,12916
547840,2015-03-27,15133
547841,2015-03-27,16923
547842,2015-03-27,13875
547843,2015-03-27,18273
547844,2015-03-27,15045
547845,2015-03-27,16434
547846,2015-03-27,18071
547850,2015-03-27,14472
547860,2015-03-27,17625
547861,2015-03-27,16701
547862,2015-03-27,12841
547863,2015-03-27,12728
547864,2015-03-27,15716
547866,2015-03-27,14878
547867,2015-03-27,13357
547870,2015-03-27,13668
547871,2015-03-27,16931
547872,2015-03-27,16777
547873,2015-03-27,13240
547874,2015-03-27,14476
547875,2015-03-27,13408
547876,2015-03-27,16638
547877,2015-03-27,14573
547878,2015-03-27,15939
547879,2015-03-27,12877
547880,2015-03-27,15426
547881,2015-03-27,13110
547882,2015-03-28,14911
547883,2015-03-28,14755
547884,2015-03-28,13481
547885,2015-03-28,17314
547886,2015-03-28,13652
547887,2015-03-28,16245
547888,2015-03-28,13368
547890,2015-03-28,17227
547891,2015-03-28,13266
547892,2015-03-28,12669
547893,2015-03-28,13552
547894,2015-03-28,13552
547895,2015-03-28,18118
547896,2015-03-28,17841
547897,2015-03-28,12792
547898,2015-03-28,16523
547900,2015-03-28,13649
547902,2015-03-28,17765
547903,2015-03-28,15039
547906,2015-03-28,14410
547907,2015-03-28,15083
547909,2015-03-28,15033
547910,2015-03-28,14159
547911,2015-03-28,14127
547912,2015-03-28,18010
547914,2015-03-28,12594
547918,2015-03-28,15249
547919,2015-03-28,13760
547920,2015-03-28,14730
547921,2015-03-28,14766
547922,2015-03-28,15624
547923,2015-03-28,14344
547924,2015-03-28,17749
547925,2015-03-28,12481
547926,2015-03-28,12481
547931,2015-03-28,12594
547934,2015-03-28,12474
547935,2015-03-28,15874
547936,2015-03-28,15874
547937,2015-03-28,15068
547938,2015-03-28,13901
547939,2015-03-28,15611
547940,2015-03-28,16814
547941,2015-03-28,16692
547942,2015-03-28,14538
547944,2015-03-28,12971
547945,2015-03-28,14851
547946,2015-03-28,12971
547947,2015-03-28,15032
547949,2015-03-28,14021
547960,2015-03-28,15644
547962,2015-03-28,12957
547963,2015-03-28,13037
547965,2015-03-28,15809
547969,2015-03-28,17238
547970,2015-03-28,17238
547971,2015-03-28,17917
547972,2015-03-28,12557
547985,2015-03-29,16455
547986,2015-03-29,18177
547987,2015-03-29,17428
547990,2015-03-29,15589
547991,2015-03-29,15589
548003,2015-03-29,18044
548005,2015-03-29,14128
548006,2015-03-29,18226
548007,2015-03-29,13769
548010,2015-03-29,14646
548011,2015-03-29,14646
548012,2015-03-29,17377
548013,2015-03-29,17874
548014,2015-03-29,17719
548016,2015-03-29,16871
548017,2015-03-29,16871
548033,2015-03-29,14441
548038,2015-03-29,15696
548144,2015-03-29,13798
548148,2015-03-29,17931
548150,2015-03-29,17315
548151,2015-03-29,13803
548152,2015-03-29,17398
548153,2015-03-29,15129
548154,2015-03-29,17675
548156,2015-03-29,14871
548157,2015-03-29,14298
548158,2015-03-29,15906
548159,2015-03-29,15906
548160,2015-03-29,16253
548169,2015-03-29,14680
548170,2015-03-29,15290
548171,2015-03-29,16422
548172,2015-03-29,15738
548176,2015-03-29,13439
548177,2015-03-29,12888
548178,2015-03-29,14367
548185,2015-03-29,15628
548186,2015-03-29,13777
548188,2015-03-29,13263
548189,2015-03-29,16607
548190,2015-03-29,17511
548192,2015-03-29,17364
548196,2015-03-29,16011
548197,2015-03-29,13588
548198,2015-03-29,16712
548199,2015-03-29,16945
548202,2015-03-29,16980
548208,2015-03-29,14189
548210,2015-03-29,14606
548211,2015-03-30,14646
548212,2015-03-30,12456
548213,2015-03-30,15521
548214,2015-03-30,13720
548215,2015-03-30,15674
548216,2015-03-30,12971
548217,2015-03-30,17616
548218,2015-03-30,13999
548222,2015-03-30,17306
548223,2015-03-30,17306
548234,2015-03-30,17594
548242,2015-03-30,16218
548245,2015-03-30,12823
548255,2015-03-30,13078
548256,2015-03-30,17775
548257,2015-03-30,13802
548258,2015-03-30,14146
548259,2015-03-30,14099
548260,2015-03-30,15373
548267,2015-03-30,16954
548276,2015-03-30,17863
548289,2015-03-30,13988
548293,2015-03-30,13798
548308,2015-03-30,17220
548309,2015-03-30,16657
548311,2015-03-30,13728
548312,2015-03-30,16059
548313,2015-03-30,15353
548314,2015-03-30,16949
548315,2015-03-30,16019
548316,2015-03-30,17929
548317,2015-03-30,18179
548318,2015-03-30,13113
548319,2015-03-30,14180
548320,2015-03-30,12709
548323,2015-03-30,15424
548324,2015-03-30,13316
548325,2015-03-30,13509
548326,2015-03-30,15424
548327,2015-03-30,16788
548329,2015-03-30,16584
548330,2015-03-30,14810
548331,2015-03-30,13047
548332,2015-03-30,15364
548333,2015-03-30,15189
548334,2015-03-30,18108
548335,2015-03-30,14272
548336,2015-03-30,13082
548337,2015-03-30,18198
548338,2015-03-30,16558
548340,2015-03-30,13426
548349,2015-03-30,15812
548351,2015-03-30,13001
548353,2015-03-30,15980
548354,2015-03-30,15981
548358,2015-03-30,15832
548359,2015-03-30,14828
548361,2015-03-30,16092
548363,2015-03-30,12428
548367,2015-03-30,17677
548368,2015-03-30,17677
548370,2015-03-30,15528
548371,2015-03-30,17757
548372,2015-03-30,14572
548388,2015-03-30,13268
548400,2015-03-30,17400
548401,2015-03-31,14479
548403,2015-03-31,14794
548404,2015-03-31,16398
548405,2015-03-31,17088
548406,2015-03-31,15061
548407,2015-03-31,16401
548408,2015-03-31,17438
548409,2015-03-31,12731
548410,2015-03-31,12731
548412,2015-03-31,12601
548447,2015-03-31,17315
548448,2015-03-31,18041
548449,2015-03-31,14911
548450,2015-03-31,15856
548451,2015-03-31,17365
548452,2015-03-31,13060
548455,2015-03-31,14790
548457,2015-03-31,13468
548458,2015-03-31,15632
548459,2015-03-31,14890
548461,2015-03-31,14527
548466,2015-03-31,16386
548468,2015-03-31,14818
548470,2015-03-31,12782
548484,2015-03-31,13571
548486,2015-03-31,12909
548489,2015-03-31,12619
548490,2015-03-31,12909
548491,2015-03-31,14064
548492,2015-03-31,17841
548493,2015-03-31,16839
548494,2015-03-31,16698
548496,2015-03-31,12678
548497,2015-03-31,13089
548498,2015-03-31,16681
548499,2015-03-31,17075
548500,2015-03-31,17071
548501,2015-03-31,15894
548506,2015-03-31,18037
548507,2015-03-31,13573
548509,2015-03-31,14543
548510,2015-03-31,17861
548511,2015-03-31,14056
548512,2015-03-31,14410
548520,2015-03-31,13126
548521,2015-03-31,17735
548529,2015-03-31,18223
548530,2015-03-31,17400
548531,2015-03-31,14031
548533,2015-03-31,13883
548534,2015-03-31,18172
548541,2015-03-31,14957
548542,2015-03-31,13918
548544,2015-03-31,14525
548545,2015-03-31,13118
548546,2015-03-31,16600
548547,2015-03-31,17212
548548,2015-03-31,17781
548549,2015-03-31,16365
548550,2015-04-01,18161
548551,2015-04-01,14886
548552,2015-04-01,17613
548553,2015-04-01,12523
548554,2015-04-01,13694
548555,2015-04-01,13758
548556,2015-04-01,13694
548557,2015-04-01,15018
548558,2015-04-01,13626
548559,2015-04-01,16214
548560,2015-04-01,13468
548561,2015-04-01,16609
548563,2015-04-01,18118
548565,2015-04-01,16180
548566,2015-04-01,17288
548567,2015-04-01,17965
548568,2015-04-01,14543
548606,2015-04-01,12731
548608,2015-04-01,13462
548610,2015-04-01,15860
548611,2015-04-01,18230
548612,2015-04-01,13137
548613,2015-04-01,13694
548614,2015-04-01,14419
548616,2015-04-01,18263
548617,2015-04-01,16592
548618,2015-04-01,15197
548619,2015-04-01,16592
548621,2015-04-01,16960
548622,2015-04-01,13636
548623,2015-04-01,13841
548627,2015-04-01,16333
548629,2015-04-01,16333
548630,2015-04-01,16333
548631,2015-04-01,13184
548632,2015-04-01,17701
548633,2015-04-01,16333
548634,2015-04-01,12877
548635,2015-04-01,16333
548636,2015-04-01,15601
548640,2015-04-01,17580
548641,2015-04-01,16333
548642,2015-04-01,17287
548643,2015-04-01,14680
548644,2015-04-01,15291
548645,2015-04-01,17457
548648,2015-04-01,12949
548649,2015-04-01,18179
548650,2015-04-01,14852
548651,2015-04-01,14970
548652,2015-04-01,16928
548654,2015-04-01,12569
548655,2015-04-01,15605
548656,2015-04-01,12748
548657,2015-04-01,12748
548658,2015-04-01,15179
548659,2015-04-01,13418
548660,2015-04-01,13169
548661,2015-04-01,12415
548664,2015-04-01,14911
548665,2015-04-01,14854
548666,2015-04-01,13124
548668,2015-04-01,16162
548669,2015-04-01,15691
548670,2015-04-01,15356
548673,2015-04-01,13767
548686,2015-04-01,15856
548687,2015-04-01,14195
548696,2015-04-03,17243
548697,2015-04-03,15482
548698,2015-04-03,18109
548700,2015-04-03,13623
548701,2015-04-03,17629
548702,2015-04-03,17085
548703,2015-04-03,16010
548704,2015-04-03,17381
548705,2015-04-03,17381
548706,2015-04-03,13408
548707,2015-04-03,13781
548708,2015-04-03,13269
548709,2015-04-03,17744
548710,2015-04-03,16678
548711,2015-04-03,18116
548712,2015-04-03,17050
548714,2015-04-03,17337
548715,2015-04-03,17758
548716,2015-04-03,14023
548718,2015-04-04,14156
548725,2015-04-04,12678
548726,2015-04-04,13767
548728,2015-04-04,13198
548730,2015-04-04,17669
548732,2015-04-04,16142
548733,2015-04-04,17648
548734,2015-04-04,13059
548735,2015-04-04,15039
548736,2015-04-04,13984
548737,2015-04-04,12682
548739,2015-04-04,15493
548740,2015-04-04,13319
548741,2015-04-04,16224
548742,2015-04-04,14688
548743,2015-04-04,14895
548744,2015-04-04,17725
548745,2015-04-04,12471
548746,2015-04-04,12471
548747,2015-04-04,15223
548749,2015-04-04,13004
548757,2015-04-04,17419
548768,2015-04-04,17886
548780,2015-04-04,13294
548792,2015-04-04,14711
548796,2015-04-04,15752
548801,2015-04-04,15289
548806,2015-04-04,13098
548807,2015-04-04,16422
548808,2015-04-04,17774
548813,2015-04-04,12744
548820,2015-04-04,12744
548856,2015-04-04,15311
548858,2015-04-04,14911
548859,2015-04-04,13668
548860,2015-04-04,13263
548861,2015-04-04,18185
548862,2015-04-04,17956
548863,2015-04-04,15311
548864,2015-04-04,15756
548865,2015-04-04,14747
548867,2015-04-04,14719
548868,2015-04-04,13015
548869,2015-04-04,17114
548870,2015-04-04,14606
548871,2015-04-04,14410
548872,2015-04-04,13015
548873,2015-04-04,12971
548874,2015-04-04,17716
548892,2015-04-04,18044
548896,2015-04-04,13767
548898,2015-04-04,17214
548899,2015-04-04,15838
548900,2015-04-04,17848
548907,2015-04-05,15521
548909,2015-04-05,12779
548910,2015-04-05,17940
548911,2015-04-05,12951
548912,2015-04-05,16586
548913,2015-04-05,12669
548916,2015-04-05,14849
548917,2015-04-05,16817
548918,2015-04-05,16105
548919,2015-04-05,13013
548920,2015-04-05,13018
548940,2015-04-05,15061
548942,2015-04-05,15938
548952,2015-04-05,15572
548955,2015-04-05,12348
548968,2015-04-05,12744
548969,2015-04-05,14646
548970,2015-04-05,14646
548971,2015-04-05,16919
548973,2015-04-05,15674
548974,2015-04-05,15194
548975,2015-04-05,17596
548978,2015-04-05,15727
548979,2015-04-05,13798
548981,2015-04-05,15442
548983,2015-04-05,16906
548984,2015-04-05,14546
548985,2015-04-05,16422
548987,2015-04-05,14535
548988,2015-04-05,17618
548990,2015-04-05,16170
548991,2015-04-05,16915
548992,2015-04-05,13089
548993,2015-04-05,12753
549007,2015-04-05,17470
549012,2015-04-05,16394
549014,2015-04-05,17841
549015,2015-04-05,15244
549016,2015-04-05,16696
549017,2015-04-05,15145
549018,2015-04-05,17492
549020,2015-04-05,13525
549021,2015-04-05,13468
549022,2015-04-05,12901
549026,2015-04-05,17409
549027,2015-04-05,17857
549044,2015-04-06,16161
549046,2015-04-06,15291
549047,2015-04-06,17783
549048,2015-04-06,17811
549052,2015-04-06,17682
549053,2015-04-06,13863
549054,2015-04-06,17719
549055,2015-04-06,13515
549056,2015-04-06,15917
549059,2015-04-06,15529
549099,2015-04-06,16241
549101,2015-04-06,14606
549102,2015-04-06,13266
549104,2015-04-06,15311
549105,2015-04-06,17440
549106,2015-04-06,17045
549107,2015-04-06,17440
549115,2015-04-06,13098
549116,2015-04-06,16670
549117,2015-04-06,13491
549118,2015-04-06,14911
549119,2015-04-06,14220
549120,2015-04-06,14587
549121,2015-04-06,17140
549123,2015-04-06,15201
549124,2015-04-06,16672
549125,2015-04-06,14964
549126,2015-04-06,16031
549127,2015-04-06,14403
549128,2015-04-06,16713
549129,2015-04-06,17042
549130,2015-04-06,14701
549131,2015-04-06,16378
549148,2015-04-06,14534
549153,2015-04-06,13771
549154,2015-04-06,17690
549169,2015-04-06,17906
549182,2015-04-07,15646
549183,2015-04-07,14239
549185,2015-04-07,18272
549186,2015-04-07,15838
549187,2015-04-07,16144
549188,2015-04-07,13731
549189,2015-04-07,15235
549190,2015-04-07,13748
549192,2015-04-07,14961
549193,2015-04-07,12580
549196,2015-04-07,14911
549206,2015-04-07,15281
549222,2015-04-07,12347
549225,2015-04-07,13777
549233,2015-04-07,14912
549234,2015-04-07,16515
549235,2015-04-07,15530
549237,2015-04-07,13950
549238,2015-04-07,14667
549239,2015-04-07,13102
549240,2015-04-07,15910
549241,2015-04-07,15719
549242,2015-04-07,14911
549243,2015-04-07,16043
549245,2015-04-07,15005
549246,2015-04-07,15939
549247,2015-04-07,13752
549248,2015-04-07,13892
549249,2015-04-07,12423
549250,2015-04-07,14446
549251,2015-04-07,14449
549255,2015-04-07,16209
549256,2015-04-07,15754
549257,2015-04-07,14465
549258,2015-04-07,13102
549259,2015-04-07,13712
549260,2015-04-07,17790
549261,2015-04-07,14903
549262,2015-04-07,14465
549263,2015-04-07,15800
549272,2015-04-07,17133
549273,2015-04-07,13089
549274,2015-04-07,12721
549275,2015-04-07,15916
549276,2015-04-07,16745
549277,2015-04-07,16469
549278,2015-04-07,16255
549279,2015-04-07,16469
549280,2015-04-07,13854
549281,2015-04-07,17735
549282,2015-04-07,13718
549283,2015-04-07,13005
549284,2015-04-07,15694
549285,2015-04-07,14981
549286,2015-04-07,17928
549287,2015-04-07,14527
549289,2015-04-07,14395
549291,2015-04-07,16261
549292,2015-04-07,17869
549293,2015-04-07,17883
549294,2015-04-07,13230
549296,2015-04-08,14619
549297,2015-04-08,18061
549298,2015-04-08,13015
549299,2015-04-08,13995
549300,2015-04-08,13362
549301,2015-04-08,16643
549302,2015-04-08,14246
549303,2015-04-08,18040
549304,2015-04-08,16133
549305,2015-04-08,15189
549306,2015-04-08,16837
549307,2015-04-08,15119
549308,2015-04-08,13767
549309,2015-04-08,15114
549310,2015-04-08,16325
549311,2015-04-08,14924
549312,2015-04-08,14217
549313,2015-04-08,12393
549316,2015-04-08,12705
549317,2015-04-08,15109
549318,2015-04-08,13911
549319,2015-04-08,16623
549320,2015-04-08,16010
549321,2015-04-08,14243
549322,2015-04-08,16558
549323,2015-04-08,12999
549324,2015-04-08,16045
549325,2015-04-08,12717
549353,2015-04-08,13962
549360,2015-04-08,17035
549368,2015-04-08,18036
549372,2015-04-08,14958
549387,2015-04-08,13178
549412,2015-04-08,14258
549417,2015-04-08,14258
549424,2015-04-08,15367
549425,2015-04-08,14030
549428,2015-04-08,15815
549429,2015-04-08,17001
549431,2015-04-08,15874
549432,2015-04-08,14264
549433,2015-04-08,16709
549434,2015-04-08,12647
549435,2015-04-08,12356
549436,2015-04-08,18041
549439,2015-04-08,13562
549440,2015-04-08,17162
549441,2015-04-08,17162
549442,2015-04-08,16996
549443,2015-04-08,15775
549444,2015-04-08,16013
549445,2015-04-08,17809
549446,2015-04-08,17054
549447,2015-04-08,17268
549448,2015-04-08,13078
549449,2015-04-08,14227
549451,2015-04-08,16556
549467,2015-04-08,13305
549468,2015-04-08,17940
549471,2015-04-08,17389
549520,2015-04-08,13265
549522,2015-04-08,16873
549523,2015-04-08,12748
549526,2015-04-08,13630
549538,2015-04-08,17961
549539,2015-04-10,15465
549541,2015-04-10,17268
549542,2015-04-10,15311
549543,2015-04-10,18118
549546,2015-04-10,16889
549547,2015-04-10,16359
549548,2015-04-10,13548
549550,2015-04-10,15038
549551,2015-04-10,15955
549552,2015-04-10,13508
549553,2015-04-10,16931
549554,2015-04-10,16779
549555,2015-04-10,13606
549556,2015-04-10,17372
549557,2015-04-10,14450
549558,2015-04-10,15058
549559,2015-04-10,12447
549560,2015-04-10,15058
549561,2015-04-10,13570
549562,2015-04-10,13232
549563,2015-04-10,14030
549564,2015-04-10,18129
549566,2015-04-10,13610
549567,2015-04-10,13632
549568,2015-04-10,15665
549569,2015-04-10,15547
549570,2015-04-10,17550
549571,2015-04-10,15655
549572,2015-04-10,17757
549573,2015-04-10,14504
549574,2015-04-10,18226
549575,2015-04-10,13956
549576,2015-04-11,17069
549577,2015-04-11,14286
549578,2015-04-11,17340
549579,2015-04-11,15780
549581,2015-04-11,16188
549583,2015-04-11,15214
549584,2015-04-11,17574
549585,2015-04-11,14616
549587,2015-04-11,15737
549588,2015-04-11,12428
549589,2015-04-11,16552
549590,2015-04-11,13324
549591,2015-04-11,18080
549592,2015-04-11,14311
549593,2015-04-11,18008
549594,2015-04-11,16029
549595,2015-04-11,13324
549596,2015-04-11,14339
549597,2015-04-11,16133
549614,2015-04-11,12720
549619,2015-04-11,13798
549628,2015-04-11,13798
549633,2015-04-11,15671
549646,2015-04-11,12982
549664,2015-04-11,13113
549665,2015-04-11,14541
549667,2015-04-11,14911
549669,2015-04-11,13113
549670,2015-04-11,16168
549678,2015-04-11,16525
549679,2015-04-11,16407
549680,2015-04-11,12701
549681,2015-04-11,13881
549682,2015-04-11,12596
549683,2015-04-11,14273
549687,2015-04-11,12363
549689,2015-04-11,15971
549690,2015-04-11,17841
549691,2015-04-11,13549
549693,2015-04-11,14696
549694,2015-04-11,15414
549696,2015-04-11,13089
549705,2015-04-11,13668
549711,2015-04-11,13654
549713,2015-04-11,17611
549715,2015-04-11,13203
549716,2015-04-11,14628
549717,2015-04-11,14606
549718,2015-04-11,13846
549719,2015-04-11,14326
549720,2015-04-11,14606
549721,2015-04-11,14911
549722,2015-04-11,17236
549728,2015-04-11,17799
549729,2015-04-11,13634
549730,2015-04-11,15867
549732,2015-04-11,15615
549733,2015-04-11,17827
549734,2015-04-11,16409
549735,2015-04-12,13824
549736,2015-04-12,13599
549737,2015-04-12,13599
549739,2015-04-12,15935
549740,2015-04-12,15981
549741,2015-04-12,13655
549742,2015-04-12,12910
549743,2015-04-12,16186
549744,2015-04-12,15240
549745,2015-04-12,13577
549746,2015-04-12,15251
549747,2015-04-12,17428
549748,2015-04-12,17428
549749,2015-04-12,12928
549750,2015-04-12,18109
549751,2015-04-12,13089
549752,2015-04-12,13089
549754,2015-04-12,13700
549755,2015-04-12,16843
549756,2015-04-12,14111
549771,2015-04-12,14669
549787,2015-04-12,13268
549789,2015-04-12,17160
549790,2015-04-12,16172
549813,2015-04-12,17972
549825,2015-04-12,12463
549826,2015-04-12,15044
549828,2015-04-12,15044
549829,2015-04-12,16713
549830,2015-04-12,17811
549831,2015-04-12,14844
549832,2015-04-12,17278
549833,2015-04-12,13458
549834,2015-04-12,16672
549835,2015-04-12,17511
549836,2015-04-12,16814
549837,2015-04-12,16705
549838,2015-04-12,16705
549839,2015-04-12,15212
549841,2015-04-12,15189
549842,2015-04-12,14738
549843,2015-04-12,13157
549844,2015-04-12,12854
549845,2015-04-12,16729
549847,2015-04-12,15358
549850,2015-04-12,16168
549851,2015-04-12,16062
549852,2015-04-12,14289
549874,2015-04-12,16919
549880,2015-04-12,15932
549881,2015-04-12,14032
549885,2015-04-12,17204
549901,2015-04-12,17180
549902,2015-04-12,14006
549903,2015-04-12,17576
549904,2015-04-12,17180
549906,2015-04-12,14998
549907,2015-04-12,13484
549909,2015-04-12,15777
549910,2015-04-12,16697
549911,2015-04-13,14060
549914,2015-04-13,14931
549915,2015-04-13,18231
549916,2015-04-13,13717
549917,2015-04-13,16607
549918,2015-04-13,17017
549920,2015-04-13,18236
549923,2015-04-13,13138
549924,2015-04-13,16837
549925,2015-04-13,16333
549926,2015-04-13,16333
549927,2015-04-13,16684
549928,2015-04-13,16684
549929,2015-04-13,13740
549932,2015-04-13,13534
549933,2015-04-13,15230
549934,2015-04-13,15134
549936,2015-04-13,15465
549937,2015-04-13,15046
549938,2015-04-13,13199
549939,2015-04-13,16309
549940,2015-04-13,13694
549941,2015-04-13,13694
549942,2015-04-13,12971
549943,2015-04-13,13544
549944,2015-04-13,14262
549946,2015-04-13,17819
549947,2015-04-13,18260
549949,2015-04-13,13208
549951,2015-04-13,13134
549953,2015-04-13,12766
549954,2015-04-13,13700
549956,2015-04-13,14898
549957,2015-04-13,13539
549958,2015-04-13,17589
549959,2015-04-13,16097
549961,2015-04-13,16652
549964,2015-04-13,13122
549965,2015-04-13,16966
549966,2015-04-13,16224
549967,2015-04-13,17873
549969,2015-04-13,13408
549970,2015-04-13,15026
549971,2015-04-13,13408
549972,2015-04-13,13408
549974,2015-04-13,17746
549975,2015-04-13,16175
549976,2015-04-13,15855
549977,2015-04-13,14810
549978,2015-04-13,14834
549979,2015-04-13,17511
549980,2015-04-13,14062
549981,2015-04-13,16348
549982,2015-04-13,17091
549983,2015-04-13,16348
549984,2015-04-13,15147
549985,2015-04-13,15640
549988,2015-04-13,14367
549989,2015-04-13,13221
549990,2015-04-13,16678
549991,2015-04-14,18229
549992,2015-04-14,17669
549993,2015-04-14,14057
549994,2015-04-14,14057
549995,2015-04-14,16131
549996,2015-04-14,15189
549997,2015-04-14,15189
549998,2015-04-14,17675
549999,2015-04-14,15813
550000,2015-04-14,17058
550001,2015-04-14,17704
550002,2015-04-14,12709
550003,2015-04-14,14428
550004,2015-04-14,12569
550005,2015-04-14,17677
550006,2015-04-14,17841
550007,2015-04-14,15125
550008,2015-04-14,15570
550015,2015-04-14,17735
550016,2015-04-14,15416
550017,2015-04-14,17865
550025,2015-04-14,17315
550030,2015-04-14,17315
550031,2015-04-14,13629
550032,2015-04-14,15139
550033,2015-04-14,15005
550034,2015-04-14,16187
550035,2015-04-14,15039
550052,2015-04-14,17068
550054,2015-04-14,14040
550057,2015-04-14,14606
550071,2015-04-14,16735
550106,2015-04-14,13772
550120,2015-04-14,17071
550121,2015-04-14,15271
550122,2015-04-14,12931
550124,2015-04-14,12853
550125,2015-04-14,13317
550126,2015-04-14,12853
550129,2015-04-14,13001
550130,2015-04-14,14390
550131,2015-04-14,15935
550132,2015-04-14,16933
550134,2015-04-14,16249
550135,2015-04-14,15769
550136,2015-04-14,16957
550137,2015-04-14,12477
550138,2015-04-14,12841
550144,2015-04-14,16520
550145,2015-04-14,12637
550148,2015-04-14,16882
550149,2015-04-14,13069
550150,2015-04-14,15230
550151,2015-04-14,13089
550152,2015-04-14,17362
550154,2015-04-14,13069
550155,2015-04-14,14198
550156,2015-04-14,17381
550157,2015-04-14,16393
550158,2015-04-14,13989
550159,2015-04-14,14062
550160,2015-04-14,17930
550161,2015-04-14,14154
550162,2015-04-14,12569
550163,2015-04-14,14154
550164,2015-04-14,13590
550167,2015-04-14,14206
550169,2015-04-14,14482
550173,2015-04-14,15235
550178,2015-04-14,12662
550179,2015-04-14,15220
550180,2015-04-14,14163
550182,2015-04-14,18198
550183,2015-04-14,14105
550184,2015-04-14,17601
550185,2015-04-14,17142
550186,2015-04-14,14051
550187,2015-04-14,13811
550188,2015-04-14,12457
550189,2015-04-14,13230
550190,2015-04-14,15135
550191,2015-04-14,16806
550192,2015-04-15,12582
550193,2015-04-15,13952
550194,2015-04-15,15270
550196,2015-04-15,14796
550197,2015-04-15,15581
550198,2015-04-15,13120
550199,2015-04-15,16523
550200,2015-04-15,16523
550201,2015-04-15,12769
550202,2015-04-15,13090
550216,2015-04-15,13516
550218,2015-04-15,14408
550242,2015-04-15,13117
550250,2015-04-15,18171
550251,2015-04-15,14323
550255,2015-04-15,13468
550264,2015-04-15,13426
550265,2015-04-15,17572
550272,2015-04-15,18079
550274,2015-04-15,15498
550275,2015-04-15,13993
550276,2015-04-15,12989
550277,2015-04-15,12639
550279,2015-04-15,14700
550280,2015-04-15,13048
550281,2015-04-15,12457
550282,2015-04-15,16686
550283,2015-04-15,18094
550284,2015-04-15,12383
550285,2015-04-15,15249
550286,2015-04-15,15027
550287,2015-04-15,14211
550288,2015-04-15,17367
550289,2015-04-15,13880
550290,2015-04-15,15246
550291,2015-04-15,13720
550292,2015-04-15,14527
550296,2015-04-15,13742
550297,2015-04-15,14056
550298,2015-04-15,17346
550299,2015-04-15,17389
550301,2015-04-17,17243
550302,2015-04-17,14156
550303,2015-04-17,18213
550304,2015-04-17,14092
550305,2015-04-17,17920
550307,2015-04-17,13854
550308,2015-04-17,17029
550309,2015-04-17,13220
550310,2015-04-17,15985
550311,2015-04-17,16728
550312,2015-04-17,13089
550313,2015-04-17,12681
550314,2015-04-17,16905
550315,2015-04-17,17990
550316,2015-04-17,16193
550317,2015-04-17,15172
550318,2015-04-17,16085
550319,2015-04-17,14524
550320,2015-04-17,12748
550321,2015-04-17,16770
550322,2015-04-17,14524
550323,2015-04-17,13692
550324,2015-04-17,12997
550325,2015-04-17,15745
550326,2015-04-17,14532
550327,2015-04-17,12878
550328,2015-04-17,17582
550329,2015-04-17,13951
550330,2015-04-17,15827
550331,2015-04-17,15555
550332,2015-04-17,13474
550333,2015-04-17,15410
550334,2015-04-17,17320
550335,2015-04-17,15535
550336,2015-04-17,13089
550337,2015-04-17,18037
550338,2015-04-17,12413
550339,2015-04-17,17697
550340,2015-04-17,13695
550341,2015-04-17,13018
550342,2015-04-17,13018
550343,2015-04-17,12971
550344,2015-04-18,12754
550345,2015-04-18,15304
550346,2015-04-18,16639
550347,2015-04-18,14227
550348,2015-04-18,16947
550350,2015-04-18,15491
550351,2015-04-18,15491
550352,2015-04-18,16719
550354,2015-04-18,13811
550357,2015-04-18,16617
550359,2015-04-18,17841
550360,2015-04-18,14978
550361,2015-04-18,13082
550362,2015-04-18,13113
550364,2015-04-18,16713
550377,2015-04-18,13082
550389,2015-04-18,17284
550408,2015-04-18,16746
550437,2015-04-18,16923
550438,2015-04-18,15265
550439,2015-04-18,18231
550440,2015-04-18,12407
550446,2015-04-18,13871
550447,2015-04-18,16033
550448,2015-04-18,16746
550449,2015-04-18,15199
550450,2015-04-18,15615
550452,2015-04-18,14525
550453,2015-04-18,16226
550457,2015-04-18,13798
550459,2015-04-18,18116
550461,2015-04-18,15749
550462,2015-04-18,16458
550464,2015-04-18,16550
550465,2015-04-18,16217
550467,2015-04-18,18009
550468,2015-04-18,16700
550469,2015-04-18,16399
550473,2015-04-18,14623
550476,2015-04-18,15769
550477,2015-04-18,17338
550478,2015-04-18,15755
550479,2015-04-18,15625
550480,2015-04-18,13069
550481,2015-04-18,17634
550483,2015-04-18,16033
550487,2015-04-18,18219
550488,2015-04-18,16729
550490,2015-04-18,17054
550491,2015-04-18,16033
550492,2015-04-18,14180
550493,2015-04-18,15311
550495,2015-04-18,13769
550497,2015-04-18,18064
550498,2015-04-18,14692
550503,2015-04-18,15508
550504,2015-04-18,16654
550512,2015-04-18,18069
550513,2015-04-18,16928
550514,2015-04-18,14631
550515,2015-04-18,14502
550516,2015-04-18,14502
550517,2015-04-19,14352
550518,2015-04-19,16628
550519,2015-04-19,13141
550520,2015-04-19,16170
550521,2015-04-19,13647
550522,2015-04-19,12947
550523,2015-04-19,15594
550524,2015-04-19,16422
550525,2015-04-19,14672
550526,2015-04-19,14309
550527,2015-04-19,12476
550528,2015-04-19,17663
550531,2015-04-19,13199
550532,2015-04-19,14606
550535,2015-04-19,14211
550539,2015-04-19,13479
550560,2015-04-19,14242
550579,2015-04-19,13266
550606,2015-04-19,12594
550607,2015-04-19,16919
550608,2015-04-19,12901
550610,2015-04-19,14502
550612,2015-04-19,14662
550613,2015-04-19,16180
550615,2015-04-19,16730
550616,2015-04-19,15140
550617,2015-04-19,13376
550618,2015-04-19,14156
550619,2015-04-19,15717
550620,2015-04-19,12585
550621,2015-04-19,13263
550622,2015-04-19,13735
550623,2015-04-19,13719
550624,2015-04-19,14201
550625,2015-04-19,12619
550626,2015-04-19,13184
550627,2015-04-19,16633
550628,2015-04-19,13101
550629,2015-04-19,13782
550630,2015-04-19,14298
550631,2015-04-19,15225
550632,2015-04-19,16907
550633,2015-04-19,17449
550634,2015-04-19,14298
550635,2015-04-19,18173
550637,2015-04-19,14415
550639,2015-04-19,14152
550643,2015-04-19,18116
550644,2015-04-19,12733
550645,2015-04-19,16098
550649,2015-04-19,13134
550651,2015-04-19,15436
550655,2015-04-19,17217
550656,2015-04-20,17652
550657,2015-04-20,18198
550658,2015-04-20,13576
550659,2015-04-20,17730
550660,2015-04-20,15179
550661,2015-04-20,12656
550662,2015-04-20,15078
550663,2015-04-20,15078
550665,2015-04-20,12530
550666,2015-04-20,17719
550667,2015-04-20,13027
550669,2015-04-20,16837
550670,2015-04-20,17734
550671,2015-04-20,12457
550673,2015-04-20,12971
550674,2015-04-20,12971
550675,2015-04-20,15260
550701,2015-04-20,14905
550710,2015-04-20,17450
550711,2015-04-20,18102
550712,2015-04-20,15159
550713,2015-04-20,15159
550714,2015-04-20,15249
550723,2015-04-20,17454
550750,2015-04-20,13632
550754,2015-04-20,15465
550755,2015-04-20,17548
550756,2015-04-20,14148
550764,2015-04-20,14527
550765,2015-04-20,16103
550766,2015-04-20,17463
550767,2015-04-20,14776
550768,2015-04-20,15039
550769,2015-04-20,15984
550772,2015-04-20,17856
550773,2015-04-20,17567
550774,2015-04-20,14626
550775,2015-04-20,15805
550776,2015-04-20,15805
550777,2015-04-20,16558
550778,2015-04-20,14868
550779,2015-04-20,17511
550781,2015-04-20,13097
550782,2015-04-20,18246
550783,2015-04-20,13485
550784,2015-04-20,13269
550785,2015-04-20,15517
550786,2015-04-20,16672
550796,2015-04-20,17211
550797,2015-04-20,12901
550798,2015-04-20,15290
550799,2015-04-20,17115
550801,2015-04-20,17402
550802,2015-04-20,17120
550803,2015-04-20,18177
550804,2015-04-20,16676
550805,2015-04-20,13162
550806,2015-04-20,14334
550811,2015-04-20,16011
550817,2015-04-20,17946
550818,2015-04-20,15912
550819,2015-04-20,17530
550820,2015-04-21,13148
550821,2015-04-21,12506
550822,2015-04-21,14001
550823,2015-04-21,16133
550824,2015-04-21,18177
550826,2015-04-21,17158
550827,2015-04-21,12670
550828,2015-04-21,17315
550829,2015-04-21,17841
550830,2015-04-21,13534
550831,2015-04-21,13534
550832,2015-04-21,17588
550833,2015-04-21,15860
550834,2015-04-21,14730
550835,2015-04-21,15034
550836,2015-04-21,14759
550837,2015-04-21,15034
550838,2015-04-21,14577
550885,2015-04-21,16185
550890,2015-04-21,14711
550899,2015-04-21,13505
550900,2015-04-21,16553
550901,2015-04-21,13389
550906,2015-04-21,14298
550907,2015-04-21,13798
550911,2015-04-21,12354
550912,2015-04-21,13267
550913,2015-04-21,17631
550914,2015-04-21,17061
550915,2015-04-21,13263
550916,2015-04-21,17718
550917,2015-04-21,17381
550918,2015-04-21,17630
550919,2015-04-21,14735
550920,2015-04-21,14735
550921,2015-04-21,14770
550923,2015-04-21,13748
550924,2015-04-21,12664
550925,2015-04-21,17061
550934,2015-04-21,16163
550936,2015-04-21,13495
550937,2015-04-21,13223
550938,2015-04-21,16019
550939,2015-04-21,16146
550940,2015-04-21,18008
550941,2015-04-21,17109
550942,2015-04-21,16587
550944,2015-04-21,17109
550946,2015-04-21,12708
550949,2015-04-21,17961
550955,2015-04-21,14189
550956,2015-04-21,17179
550957,2015-04-21,18283
550958,2015-04-21,15281
550960,2015-04-21,12622
550964,2015-04-21,15856
550965,2015-04-21,16750
550967,2015-04-21,12971
550968,2015-04-21,14961
550971,2015-04-21,13482
550972,2015-04-21,14031
550973,2015-04-21,14031
550974,2015-04-21,13862
550978,2015-04-21,13983
550988,2015-04-21,14231
550989,2015-04-21,13969
550990,2015-04-21,16553
550991,2015-04-21,14060
550992,2015-04-21,14512
550993,2015-04-21,15810
550994,2015-04-21,14562
550995,2015-04-26,16722
550996,2015-04-26,16681
550997,2015-04-26,17735
550998,2015-04-26,12414
550999,2015-04-26,17670
551000,2015-04-26,18172
551001,2015-04-26,13408
551002,2015-04-26,16834
551003,2015-04-26,16456
551011,2015-04-26,17090
551013,2015-04-26,15108
551014,2015-04-26,13209
551016,2015-04-26,17975
551021,2015-04-26,13798
551028,2015-04-26,13842
551033,2015-04-26,15039
551035,2015-04-26,15065
551054,2015-04-26,12429
551055,2015-04-26,15903
551056,2015-04-26,16442
551057,2015-04-26,16942
551058,2015-04-26,14606
551059,2015-04-26,13668
551060,2015-04-26,16356
551062,2015-04-26,18092
551085,2015-04-26,14854
551088,2015-04-26,14640
551124,2015-04-26,15738
551125,2015-04-26,17277
551133,2015-04-26,16656
551134,2015-04-26,16729
551135,2015-04-26,16729
551136,2015-04-26,15301
551137,2015-04-26,15581
551138,2015-04-26,17061
551141,2015-04-26,17061
551142,2015-04-26,17613
551143,2015-04-26,13092
551144,2015-04-26,13695
551145,2015-04-26,16168
551146,2015-04-26,13199
551147,2015-04-26,14210
551148,2015-04-26,15939
551149,2015-04-26,13184
551150,2015-04-26,18144
551151,2015-04-26,18144
551152,2015-04-26,13230
551158,2015-04-26,16823
551159,2015-04-26,16203
551160,2015-04-26,15237
551161,2015-04-26,18183
551162,2015-04-26,12901
551163,2015-04-26,12573
551164,2015-04-26,17262
551165,2015-04-26,17262
551166,2015-04-26,17857
551170,2015-04-26,15145
551171,2015-04-26,13263
551172,2015-04-26,17854
551181,2015-04-27,13089
551182,2015-04-27,14282
551183,2015-04-27,17692
551184,2015-04-27,18220
551185,2015-04-27,16103
551186,2015-04-27,17857
551187,2015-04-27,14911
551188,2015-04-27,15898
551189,2015-04-27,16029
551191,2015-04-27,16698
551192,2015-04-27,16188
551193,2015-04-27,17954
551194,2015-04-27,14606
551197,2015-04-27,14078
551198,2015-04-27,13694
551199,2015-04-27,13018
551200,2015-04-27,17069
551202,2015-04-27,17436
551211,2015-04-27,13113
551218,2015-04-27,18077
551234,2015-04-27,17450
551247,2015-04-27,15640
551250,2015-04-27,17841
551258,2015-04-27,12621
551259,2015-04-27,17949
551262,2015-04-27,14527
551268,2015-04-27,16965
551269,2015-04-27,12840
551270,2015-04-27,15891
551271,2015-04-27,17187
551272,2015-04-27,17530
551273,2015-04-27,14051
551274,2015-04-27,14235
551275,2015-04-27,13285
551276,2015-04-27,16016
551277,2015-04-27,13637
551278,2015-04-27,12483
551279,2015-04-27,16013
551280,2015-04-27,16016
551281,2015-04-27,13571
551282,2015-04-27,16919
551283,2015-04-27,16755
551284,2015-04-27,15005
551286,2015-04-27,13767
551287,2015-04-27,17961
551288,2015-04-27,13767
551289,2015-04-27,18226
551290,2015-04-27,13854
551291,2015-04-27,14298
551292,2015-04-27,14298
551293,2015-04-27,14298
551294,2015-04-27,13468
551299,2015-04-27,17530
551301,2015-04-27,17675
551305,2015-04-27,16145
551314,2015-04-27,16333
551315,2015-04-27,17725
551332,2015-04-27,13078
551334,2015-04-27,17991
551337,2015-04-27,16418
551338,2015-04-27,15581
551341,2015-04-28,15189
551342,2015-04-28,16099
551343,2015-04-28,16187
551344,2015-04-28,16187
551345,2015-04-28,14646
551346,2015-04-28,12362
551347,2015-04-28,15768
551349,2015-04-28,14740
551350,2015-04-28,16672
551351,2015-04-28,14298
551352,2015-04-28,16637
551383,2015-04-28,17460
551384,2015-04-28,15223
551385,2015-04-28,16814
551387,2015-04-28,14240
551389,2015-04-28,12437
551390,2015-04-28,15143
551391,2015-04-28,15514
551392,2015-04-28,13229
551393,2015-04-28,14973
551395,2015-04-28,14271
551396,2015-04-28,17720
551397,2015-04-28,15952
551398,2015-04-28,12417
551399,2015-04-28,17874
551400,2015-04-28,17160
551401,2015-04-28,17874
551412,2015-04-28,15508
551413,2015-04-28,16227
551414,2015-04-28,15622
551415,2015-04-28,15622
551416,2015-04-28,17874
551417,2015-04-28,15632
551418,2015-04-28,17893
551419,2015-04-28,12748
551420,2015-04-28,17068
551421,2015-04-28,14077
551424,2015-04-28,12748
551426,2015-04-28,14022
551427,2015-04-28,14735
551428,2015-04-28,13499
551436,2015-04-28,16904
551437,2015-04-28,13725
551438,2015-04-28,13408
551439,2015-04-28,14758
551440,2015-04-28,15311
551445,2015-04-28,17991
551462,2015-04-28,15210
551467,2015-04-28,12600
551469,2015-04-28,18037
551470,2015-04-28,16782
551471,2015-04-28,16370
551501,2015-04-28,16422
551507,2015-04-28,18272
551514,2015-04-28,17874
551515,2015-05-01,15606
551516,2015-05-01,14800
551517,2015-05-01,16931
551518,2015-05-01,15708
551519,2015-05-01,14304
551520,2015-05-01,13301
551523,2015-05-01,16634
551524,2015-05-01,16401
551525,2015-05-01,14667
551527,2015-05-01,14395
551528,2015-05-01,12841
551529,2015-05-01,12524
551530,2015-05-01,12748
551531,2015-05-01,15376
551532,2015-05-01,16554
551533,2015-05-01,15407
551534,2015-05-01,14655
551535,2015-05-01,17615
551539,2015-05-03,12598
551542,2015-05-03,14732
551543,2015-05-03,16055
551544,2015-05-03,12683
551545,2015-05-03,12683
551546,2015-05-03,18062
551548,2015-05-03,14149
551549,2015-05-03,17501
551550,2015-05-03,17501
551552,2015-05-03,12598
551555,2015-05-03,17315
551556,2015-05-03,14191
551558,2015-05-03,17841
551559,2015-05-03,16133
551560,2015-05-03,16133
551561,2015-05-03,17422
551562,2015-05-03,13026
551563,2015-05-03,16210
551564,2015-05-03,16609
551566,2015-05-03,13113
551576,2015-05-03,17857
551584,2015-05-03,15620
551595,2015-05-03,12891
551599,2015-05-03,15696
551603,2015-05-03,16745
551616,2015-05-03,15048
551617,2015-05-03,16013
551618,2015-05-03,16013
551623,2015-05-03,12843
551647,2015-05-03,13089
551649,2015-05-03,12643
551650,2015-05-03,13089
551651,2015-05-03,14800
551652,2015-05-03,12643
551653,2015-05-03,13282
551654,2015-05-03,16837
551655,2015-05-03,17757
551656,2015-05-03,14911
551657,2015-05-03,14911
551658,2015-05-03,16746
551660,2015-05-03,15271
551661,2015-05-03,15656
551662,2015-05-03,16210
551665,2015-05-03,17442
551686,2015-05-03,13668
551687,2015-05-03,14135
551688,2015-05-03,14107
551693,2015-05-03,15582
551696,2015-05-03,14110
551697,2015-05-03,16029
551698,2015-05-03,13694
551702,2015-05-03,13014
551713,2015-05-03,16230
551714,2015-05-03,16806
551715,2015-05-03,13102
551717,2015-05-03,13263
551720,2015-05-03,18146
551721,2015-05-03,14711
551724,2015-05-03,15976
551725,2015-05-04,13798
551726,2015-05-04,13798
551727,2015-05-04,14245
551728,2015-05-04,12720
551729,2015-05-04,12720
551730,2015-05-04,16539
551731,2015-05-04,14307
551733,2015-05-04,13012
551734,2015-05-04,18178
551736,2015-05-04,17443
551739,2015-05-04,18118
551747,2015-05-04,14298
551774,2015-05-04,14606
551775,2015-05-04,12886
551776,2015-05-04,13268
551791,2015-05-04,13220
551809,2015-05-04,17511
551810,2015-05-04,15719
551811,2015-05-04,15039
551812,2015-05-04,15527
551813,2015-05-04,18065
551814,2015-05-04,18065
551815,2015-05-04,18065
551816,2015-05-04,15906
551817,2015-05-04,17974
551818,2015-05-04,12569
551819,2015-05-04,14739
551820,2015-05-04,12645
551821,2015-05-04,16942
551822,2015-05-04,13524
551823,2015-05-04,17955
551824,2015-05-04,15128
551825,2015-05-04,16942
551826,2015-05-04,17955
551832,2015-05-04,15987
551833,2015-05-04,16779
551834,2015-05-04,16610
551835,2015-05-04,17646
551836,2015-05-04,17394
551839,2015-05-04,15311
551840,2015-05-04,15144
551842,2015-05-04,16678
551843,2015-05-04,16094
551844,2015-05-04,14173
551845,2015-05-04,17961
551846,2015-05-04,13047
551849,2015-05-04,16258
551850,2015-05-04,13731
551851,2015-05-04,17511
551852,2015-05-04,14948
551854,2015-05-04,13576
551855,2015-05-04,12836
551856,2015-05-04,15027
551857,2015-05-04,13037
551858,2015-05-04,18041
551859,2015-05-04,14336
551860,2015-05-04,15508
551862,2015-05-04,17384
551868,2015-05-04,12540
551869,2015-05-04,16767
551870,2015-05-04,17811
551872,2015-05-04,12955
551874,2015-05-05,16422
551875,2015-05-05,17061
551876,2015-05-05,14867
551877,2015-05-05,16990
551878,2015-05-05,15129
551879,2015-05-05,13831
551880,2015-05-05,17374
551881,2015-05-05,13784
551882,2015-05-05,13873
551883,2015-05-05,13762
551884,2015-05-05,16109
551885,2015-05-05,16700
551886,2015-05-05,12569
551887,2015-05-05,12593
551888,2015-05-05,15304
551889,2015-05-05,18198
551890,2015-05-05,14340
551891,2015-05-05,17429
551893,2015-05-05,17675
551894,2015-05-05,12971
551895,2015-05-05,12877
551896,2015-05-05,13711
551897,2015-05-05,13711
551902,2015-05-05,17512
551907,2015-05-05,16027
551944,2015-05-05,14553
551945,2015-05-05,16714
551946,2015-05-05,18229
551950,2015-05-05,14911
551951,2015-05-05,18094
551952,2015-05-05,15838
551953,2015-05-05,13448
551954,2015-05-05,14515
551955,2015-05-05,13199
551956,2015-05-05,15021
551957,2015-05-05,16949
551958,2015-05-05,13883
551959,2015-05-05,13883
551960,2015-05-05,18239
551961,2015-05-05,13883
551962,2015-05-05,17955
551963,2015-05-05,13266
551966,2015-05-05,15356
551967,2015-05-05,16457
551976,2015-05-05,15061
551977,2015-05-05,15061
551978,2015-05-05,17527
551979,2015-05-05,14199
551980,2015-05-05,17849
551981,2015-05-05,13694
551982,2015-05-05,15023
551983,2015-05-05,17735
551984,2015-05-05,15841
551985,2015-05-05,12395
551986,2015-05-05,13888
551987,2015-05-05,15005
551988,2015-05-05,12576
551989,2015-05-05,14423
551990,2015-05-05,15759
551991,2015-05-05,14697
551992,2015-05-05,12747
551993,2015-05-05,14697
551994,2015-05-05,12868
551996,2015-05-05,16628
551998,2015-05-05,14099
552004,2015-05-05,17522
552005,2015-05-05,15491
552007,2015-05-05,13269
552008,2015-05-05,12476
552010,2015-05-05,14713
552011,2015-05-05,13867
552013,2015-05-05,12451
552018,2015-05-05,16817
552023,2015-05-05,17624
552025,2015-05-05,13969
552026,2015-05-05,17940
552028,2015-05-05,13969
552032,2015-05-05,14393
552033,2015-05-05,14776
552034,2015-05-05,17578
552036,2015-05-05,12748
552037,2015-05-05,13450
552038,2015-05-06,14156
552039,2015-05-06,13081
552040,2015-05-06,12502
552041,2015-05-06,14273
552042,2015-05-06,13952
552044,2015-05-06,17423
552045,2015-05-06,18241
552046,2015-05-06,15235
552048,2015-05-06,17809
552051,2015-05-06,14796
552053,2015-05-06,16153
552054,2015-05-06,15062
552055,2015-05-06,16353
552056,2015-05-06,16353
552057,2015-05-06,17504
552058,2015-05-06,15218
552059,2015-05-06,17470
552060,2015-05-06,15668
552061,2015-05-06,13001
552062,2015-05-06,13117
552064,2015-05-06,15874
552065,2015-05-06,16729
552078,2015-05-06,16748
552080,2015-05-06,16319
552108,2015-05-06,17841
552121,2015-05-06,15757
552127,2015-05-06,17174
552134,2015-05-06,14944
552135,2015-05-06,14944
552139,2015-05-06,14659
552149,2015-05-06,13365
552166,2015-05-06,13475
552167,2015-05-06,18227
552168,2015-05-06,13880
552169,2015-05-06,17800
552170,2015-05-06,16458
552171,2015-05-06,14145
552172,2015-05-06,16308
552174,2015-05-06,15144
552176,2015-05-06,17516
552179,2015-05-06,16919
552180,2015-05-06,18235
552181,2015-05-06,17381
552182,2015-05-06,14180
552183,2015-05-06,17604
552184,2015-05-06,13741
552185,2015-05-06,12921
552186,2015-05-06,12921
552188,2015-05-06,12394
552189,2015-05-06,12748
552191,2015-05-06,16832
552192,2015-05-06,15258
552193,2015-05-06,15114
552195,2015-05-06,13089
552196,2015-05-06,18078
552197,2015-05-06,13743
552198,2015-05-06,15552
552202,2015-05-06,12414
552211,2015-05-06,12709
552217,2015-05-06,18170
552231,2015-05-06,17364
552233,2015-05-06,17068
552235,2015-05-06,15194
552236,2015-05-06,16525
552238,2015-05-06,14403
552239,2015-05-06,14056
552240,2015-05-06,13723
552242,2015-05-06,12748
552243,2015-05-06,12748
552244,2015-05-06,12748
552245,2015-05-06,12748
552246,2015-05-06,12748
552247,2015-05-06,12748
552248,2015-05-06,12748
552249,2015-05-06,12748
552250,2015-05-06,12748
552251,2015-05-06,12748
552252,2015-05-08,15227
552253,2015-05-08,14201
552254,2015-05-08,16168
552255,2015-05-08,14005
552256,2015-05-08,16621
552257,2015-05-08,16923
552259,2015-05-08,15796
552260,2015-05-08,17002
552261,2015-05-08,16807
552262,2015-05-08,14911
552263,2015-05-08,15561
552264,2015-05-08,14959
552265,2015-05-08,14161
552266,2015-05-08,13975
552267,2015-05-08,15038
552268,2015-05-08,14709
552269,2015-05-08,16121
552270,2015-05-08,16928
552271,2015-05-08,13069
552272,2015-05-08,13694
552273,2015-05-08,13021
552274,2015-05-08,16523
552275,2015-05-08,16523
552276,2015-05-08,18142
552277,2015-05-08,13642
552278,2015-05-08,15059
552279,2015-05-08,15117
552280,2015-05-08,13561
552281,2015-05-08,15704
552282,2015-05-08,14040
552283,2015-05-08,13468
552284,2015-05-08,18149
552285,2015-05-08,14684
552286,2015-05-08,16393
552287,2015-05-08,17705
552288,2015-05-08,13313
552289,2015-05-08,17869
552290,2015-05-08,16007
552291,2015-05-08,15421
552292,2015-05-08,15421
552293,2015-05-08,16232
552294,2015-05-08,16232
552295,2015-05-08,14224
552296,2015-05-08,15518
552297,2015-05-08,15092
552298,2015-05-08,14507
552299,2015-05-08,15827
552302,2015-05-08,14606
552303,2015-05-08,14341
552304,2015-05-08,12748
552305,2015-05-08,14341
552306,2015-05-08,13911
552307,2015-05-08,12748
552308,2015-05-08,17410
552309,2015-05-08,13835
552310,2015-05-08,17323
552311,2015-05-08,15312
552312,2015-05-08,13427
552313,2015-05-08,13139
552314,2015-05-08,14353
552315,2015-05-08,12700
552316,2015-05-08,15674
552318,2015-05-08,17231
552319,2015-05-09,13003
552320,2015-05-09,13985
552321,2015-05-09,17049
552322,2015-05-09,17049
552323,2015-05-09,16756
552324,2015-05-09,16672
552325,2015-05-09,12490
552326,2015-05-09,15596
552327,2015-05-09,17007
552328,2015-05-09,14188
552329,2015-05-09,13492
552330,2015-05-09,12948
552332,2015-05-09,13908
552333,2015-05-09,15039
552336,2015-05-09,15159
552337,2015-05-09,12621
552340,2015-05-09,17949
552341,2015-05-09,17949
552342,2015-05-09,17949
552353,2015-05-09,17612
552357,2015-05-09,18219
552358,2015-05-09,15673
552364,2015-05-09,13004
552365,2015-05-09,16440
552371,2015-05-09,17629
552372,2015-05-09,13394
552376,2015-05-09,16326
552404,2015-05-09,15932
552410,2015-05-09,14527
552418,2015-05-09,13971
552441,2015-05-09,16359
552442,2015-05-09,14667
552444,2015-05-09,17634
552445,2015-05-09,16839
552446,2015-05-09,16729
552447,2015-05-09,16729
552448,2015-05-09,18120
552449,2015-05-09,12355
552450,2015-05-09,13798
552451,2015-05-09,14543
552452,2015-05-09,13752
552453,2015-05-09,12840
552454,2015-05-09,18172
552456,2015-05-09,13999
552457,2015-05-09,16477
552460,2015-05-09,13178
552461,2015-05-09,17723
552463,2015-05-09,14699
552464,2015-05-09,12726
552465,2015-05-09,16242
552466,2015-05-09,13458
552467,2015-05-09,15249
552468,2015-05-09,13141
552469,2015-05-09,12867
552472,2015-05-09,16503
552479,2015-05-09,12821
552491,2015-05-09,17033
552492,2015-05-09,12888
552521,2015-05-09,16668
552523,2015-05-09,15797
552526,2015-05-09,17576
552528,2015-05-09,17218
552529,2015-05-09,14541
552530,2015-05-10,13055
552531,2015-05-10,13742
552532,2015-05-10,15615
552533,2015-05-10,13767
552536,2015-05-10,14209
552537,2015-05-10,17315
552538,2015-05-10,13692
552542,2015-05-10,16841
552543,2015-05-10,12399
552544,2015-05-10,13320
552545,2015-05-10,13320
552547,2015-05-10,13098
552548,2015-05-10,16357
552549,2015-05-10,15674
552550,2015-05-10,13881
552551,2015-05-10,15433
552554,2015-05-10,12843
552555,2015-05-10,18242
552557,2015-05-10,16696
552558,2015-05-10,14766
552559,2015-05-10,15865
552560,2015-05-10,17581
552561,2015-05-10,17581
552562,2015-05-10,17581
552563,2015-05-10,17597
552565,2015-05-10,15381
552566,2015-05-10,13694
552567,2015-05-10,12971
552571,2015-05-10,14688
552572,2015-05-10,14680
552573,2015-05-10,16306
552574,2015-05-10,15311
552575,2015-05-10,14397
552576,2015-05-10,13242
552577,2015-05-10,13242
552614,2015-05-10,14849
552624,2015-05-10,14505
552631,2015-05-10,12684
552638,2015-05-10,17700
552639,2015-05-10,15134
552640,2015-05-10,17841
552641,2015-05-10,16525
552642,2015-05-10,14288
552643,2015-05-10,16791
552644,2015-05-10,15063
552645,2015-05-10,16791
552646,2015-05-10,14078
552647,2015-05-10,13012
552648,2015-05-10,17581
552649,2015-05-10,12592
552651,2015-05-10,16431
552652,2015-05-10,14591
552654,2015-05-10,15756
552655,2015-05-10,14587
552656,2015-05-10,12712
552657,2015-05-10,18041
552658,2015-05-10,14534
552661,2015-05-10,14051
552664,2015-05-10,14051
552669,2015-05-10,16710
552690,2015-05-10,16676
552692,2015-05-10,13990
552693,2015-05-10,12748
552694,2015-05-10,12749
552695,2015-05-10,16320
552696,2015-05-10,13592
552697,2015-05-10,13695
552699,2015-05-10,16210
552703,2015-05-10,14462
552708,2015-05-10,13487
552710,2015-05-11,13098
552711,2015-05-11,16143
552712,2015-05-11,17634
552714,2015-05-11,17164
552715,2015-05-11,12921
552716,2015-05-11,12921
552717,2015-05-11,12483
552721,2015-05-11,14691
552723,2015-05-11,16229
552724,2015-05-11,13418
552725,2015-05-11,13418
552726,2015-05-11,14920
552727,2015-05-11,14920
552728,2015-05-11,13089
552729,2015-05-11,13089
552730,2015-05-11,16837
552731,2015-05-11,12372
552732,2015-05-11,17428
552734,2015-05-11,17428
552735,2015-05-11,17428
552764,2015-05-11,17489
552769,2015-05-11,16241
552770,2015-05-11,13404
552779,2015-05-11,13013
552786,2015-05-11,16029
552789,2015-05-11,16029
552802,2015-05-11,16115
552803,2015-05-11,14573
552804,2015-05-11,15615
552806,2015-05-11,15729
552811,2015-05-11,17677
552813,2015-05-11,15079
552814,2015-05-11,15079
552815,2015-05-11,17677
552816,2015-05-11,15521
552817,2015-05-11,13136
552818,2015-05-11,17770
552819,2015-05-11,16652
552820,2015-05-11,16644
552821,2015-05-11,18118
552822,2015-05-11,15521
552823,2015-05-11,14731
552824,2015-05-11,14056
552825,2015-05-11,15296
552826,2015-05-11,14277
552827,2015-05-11,18144
552828,2015-05-11,13662
552829,2015-05-11,12748
552830,2015-05-11,15187
552831,2015-05-11,13052
552833,2015-05-11,18133
552835,2015-05-11,17664
552837,2015-05-11,12901
552838,2015-05-11,15732
552839,2015-05-11,14367
552840,2015-05-11,12901
552842,2015-05-11,17888
552843,2015-05-11,14649
552844,2015-05-11,12649
552845,2015-05-11,14646
552846,2015-05-11,14646
552847,2015-05-11,14649
552848,2015-05-11,14367
552850,2015-05-11,14367
552851,2015-05-11,12731
552852,2015-05-11,16712
552853,2015-05-11,16712
552854,2015-05-11,14748
552855,2015-05-11,15815
552859,2015-05-11,13069
552860,2015-05-11,17889
552861,2015-05-11,12748
552864,2015-05-11,13235
552867,2015-05-12,15513
552868,2015-05-12,15513
552869,2015-05-12,15106
552870,2015-05-12,15513
552871,2015-05-12,12693
552872,2015-05-12,16985
552873,2015-05-12,16985
552874,2015-05-12,12621
552875,2015-05-12,12621
552877,2015-05-12,14883
552878,2015-05-12,12625
552879,2015-05-12,12976
552880,2015-05-12,18245
552881,2015-05-12,18245
552882,2015-05-12,14646
552883,2015-05-12,14646
552884,2015-05-12,12395
552885,2015-05-12,14646
552886,2015-05-12,16244
552887,2015-05-12,13092
552888,2015-05-12,15061
552890,2015-05-12,14233
552891,2015-05-12,14681
552893,2015-05-12,14421
552894,2015-05-12,14606
552904,2015-05-12,16013
552905,2015-05-12,15974
552945,2015-05-12,15953
552946,2015-05-12,12683
552947,2015-05-12,16943
552948,2015-05-12,18136
552949,2015-05-12,16033
552950,2015-05-12,16116
552951,2015-05-12,14988
552952,2015-05-12,13837
552953,2015-05-12,16745
552954,2015-05-12,14064
552955,2015-05-12,13113
552956,2015-05-12,12431
552957,2015-05-12,17404
552958,2015-05-12,15498
552959,2015-05-12,12748
552960,2015-05-12,18218
552961,2015-05-12,15489
552962,2015-05-12,14364
552963,2015-05-12,16743
552964,2015-05-12,16057
552965,2015-05-12,13477
552966,2015-05-12,16057
552967,2015-05-12,16006
552968,2015-05-12,16184
552969,2015-05-12,14021
552970,2015-05-12,17388
552971,2015-05-12,14738
552972,2015-05-12,16043
552973,2015-05-12,16186
552974,2015-05-12,16186
552975,2015-05-12,17932
552977,2015-05-12,18221
552978,2015-05-12,12590
552980,2015-05-12,12590
552988,2015-05-12,14853
552990,2015-05-12,17667
553000,2015-05-12,17667
553001,2015-05-12,17658
553002,2015-05-12,13263
553003,2015-05-12,13263
553004,2015-05-12,17764
553005,2015-05-12,14651
553006,2015-05-12,15544
553007,2015-05-12,14000
553008,2015-05-12,17315
553009,2015-05-12,13601
553011,2015-05-12,14390
553012,2015-05-12,17671
553014,2015-05-12,13451
553015,2015-05-12,12748
553016,2015-05-12,12748
553017,2015-05-12,12757
553018,2015-05-12,12757
553021,2015-05-12,18172
553022,2015-05-12,18172
553034,2015-05-12,17970
553035,2015-05-12,17337
553036,2015-05-13,15129
553037,2015-05-13,12471
553038,2015-05-13,12471
553039,2015-05-13,16422
553040,2015-05-13,15981
553042,2015-05-13,15845
553043,2015-05-13,13953
553044,2015-05-13,12682
553045,2015-05-13,12770
553046,2015-05-13,13534
553047,2015-05-13,13534
553048,2015-05-13,14291
553049,2015-05-13,14291
553050,2015-05-13,15498
553051,2015-05-13,15498
553052,2015-05-13,15251
553053,2015-05-13,12857
553054,2015-05-13,17886
553055,2015-05-13,16618
553056,2015-05-13,16618
553057,2015-05-13,16161
553058,2015-05-13,17790
553059,2015-05-13,16660
553060,2015-05-13,15826
553061,2015-05-13,17238
553062,2015-05-13,13629
553063,2015-05-13,13018
553064,2015-05-13,13018
553067,2015-05-13,16871
553074,2015-05-13,15529
553088,2015-05-13,16180
553093,2015-05-13,13798
553095,2015-05-13,16180
553099,2015-05-13,13798
553102,2015-05-13,12980
553120,2015-05-13,17139
553125,2015-05-13,17139
553129,2015-05-13,17765
553130,2015-05-13,17398
553131,2015-05-13,16401
553134,2015-05-13,15382
553140,2015-05-13,15373
553141,2015-05-13,15907
553142,2015-05-13,14527
553143,2015-05-13,12695
553144,2015-05-13,17669
553145,2015-05-13,14342
553146,2015-05-13,14873
553149,2015-05-13,14226
553151,2015-05-13,13089
553152,2015-05-13,13089
553153,2015-05-13,13089
553154,2015-05-13,17061
553155,2015-05-13,13089
553156,2015-05-13,17841
553158,2015-05-13,14194
553159,2015-05-13,14194
553160,2015-05-13,14194
553161,2015-05-13,12681
553164,2015-05-13,17961
553165,2015-05-13,13623
553166,2015-05-13,17655
553168,2015-05-13,15159
553169,2015-05-13,15159
553170,2015-05-13,14676
553172,2015-05-13,14031
553173,2015-05-13,17400
553174,2015-05-15,16206
553176,2015-05-15,14689
553177,2015-05-15,13094
553178,2015-05-15,17302
553179,2015-05-15,15440
553180,2015-05-15,16466
553181,2015-05-15,16168
553182,2015-05-15,17107
553183,2015-05-15,16076
553184,2015-05-15,13232
553185,2015-05-15,17504
553186,2015-05-15,13183
553187,2015-05-15,16809
553188,2015-05-15,15379
553189,2015-05-15,15033
553190,2015-05-15,15164
553191,2015-05-15,13118
553192,2015-05-15,15333
553193,2015-05-15,15081
553194,2015-05-15,16283
553195,2015-05-15,12599
553196,2015-05-15,17114
553197,2015-05-15,17263
553198,2015-05-15,13752
553199,2015-05-15,17758
553200,2015-05-15,16034
553201,2015-05-15,17758
553202,2015-05-15,15854
553203,2015-05-15,14911
553204,2015-05-15,16877
553205,2015-05-16,15813
553206,2015-05-16,14156
553207,2015-05-16,17001
553208,2015-05-16,12674
553209,2015-05-16,13777
553210,2015-05-16,14016
553211,2015-05-16,15358
553212,2015-05-16,15358
553213,2015-05-16,13408
553214,2015-05-16,13408
553215,2015-05-16,13408
553216,2015-05-16,13408
553217,2015-05-16,13408
553218,2015-05-16,13408
553219,2015-05-16,13769
553220,2015-05-16,13319
553221,2015-05-16,16607
553223,2015-05-16,12993
553224,2015-05-16,17228
553225,2015-05-16,16912
553226,2015-05-16,16912
553227,2015-05-16,14211
553228,2015-05-16,16496
553229,2015-05-16,15039
553235,2015-05-16,13018
553239,2015-05-16,16226
553315,2015-05-16,16705
553316,2015-05-16,12682
553317,2015-05-16,16705
553319,2015-05-16,16705
553339,2015-05-16,15125
553340,2015-05-16,15125
553341,2015-05-16,16293
553342,2015-05-16,16293
553343,2015-05-16,16642
553344,2015-05-16,14952
553345,2015-05-16,16729
553346,2015-05-16,17054
553347,2015-05-16,14755
553348,2015-05-16,14911
553350,2015-05-16,12871
553351,2015-05-16,18118
553352,2015-05-16,13089
553356,2015-05-16,14038
553357,2015-05-16,12684
553363,2015-05-16,13650
553368,2015-05-16,18102
553369,2015-05-16,15044
553371,2015-05-16,17288
553374,2015-05-16,14489
553375,2015-05-16,14911
553377,2015-05-16,14888
553379,2015-05-16,14676
553380,2015-05-16,17190
553381,2015-05-16,13456
553382,2015-05-16,14217
553383,2015-05-16,18230
553384,2015-05-16,16899
553385,2015-05-16,16710
553386,2015-05-16,13381
553388,2015-05-16,15910
553390,2015-05-16,17841
553392,2015-05-16,16131
553402,2015-05-16,17898
553403,2015-05-17,18061
553404,2015-05-17,14952
553405,2015-05-17,14952
553406,2015-05-17,14952
553408,2015-05-17,13976
553410,2015-05-17,14320
553411,2015-05-17,12714
553412,2015-05-17,14344
553415,2015-05-17,12463
553416,2015-05-17,18198
553417,2015-05-17,13871
553418,2015-05-17,18257
553419,2015-05-17,16639
553420,2015-05-17,17519
553421,2015-05-17,16139
553422,2015-05-17,16923
553423,2015-05-17,17811
553427,2015-05-17,17522
553461,2015-05-17,16316
553462,2015-05-17,17147
553463,2015-05-17,13488
553464,2015-05-17,16218
553465,2015-05-17,16218
553466,2015-05-17,17949
553467,2015-05-17,17857
553468,2015-05-17,16029
553469,2015-05-17,16029
553470,2015-05-17,18102
553471,2015-05-17,18102
553472,2015-05-17,15093
553473,2015-05-17,18102
553474,2015-05-17,18102
553475,2015-05-17,18102
553476,2015-05-17,14221
553477,2015-05-17,14239
553484,2015-05-17,14513
553485,2015-05-17,13208
553487,2015-05-17,13246
553488,2015-05-17,18043
553489,2015-05-17,15730
553490,2015-05-17,13309
553491,2015-05-17,15624
553496,2015-05-17,14410
553497,2015-05-17,14410
553498,2015-05-17,17504
553499,2015-05-17,17504
553500,2015-05-17,17504
553501,2015-05-17,17504
553503,2015-05-17,14606
553504,2015-05-17,13310
553505,2015-05-17,12949
553506,2015-05-17,12949
553507,2015-05-17,17220
553509,2015-05-17,17220
553515,2015-05-17,17515
553520,2015-05-17,17238
553522,2015-05-17,15005
553524,2015-05-17,15570
553525,2015-05-17,16266
553526,2015-05-17,16266
553527,2015-05-17,15123
553537,2015-05-17,14032
553538,2015-05-17,15855
553540,2015-05-17,17511
553546,2015-05-17,12415
553547,2015-05-17,12474
553550,2015-05-17,13631
553551,2015-05-17,13631
553552,2015-05-17,17702
553553,2015-05-17,16156
553556,2015-05-17,17530
553559,2015-05-17,14931
553565,2015-05-18,17505
553566,2015-05-18,12690
553567,2015-05-18,13592
553570,2015-05-18,13756
553571,2015-05-18,17287
553572,2015-05-18,18223
553573,2015-05-18,16446
553574,2015-05-18,16422
553575,2015-05-18,18260
553576,2015-05-18,14282
553577,2015-05-18,12437
553578,2015-05-18,13767
553579,2015-05-18,13767
553585,2015-05-18,15301
553607,2015-05-18,16684
553612,2015-05-18,17556
553614,2015-05-18,16684
553625,2015-05-18,16684
553638,2015-05-18,14180
553650,2015-05-18,14731
553653,2015-05-18,16701
553654,2015-05-18,13094
553655,2015-05-18,16775
553657,2015-05-18,14583
553658,2015-05-18,16818
553660,2015-05-18,14620
553661,2015-05-18,13572
553662,2015-05-18,14758
553663,2015-05-18,14527
553664,2015-05-18,16906
553666,2015-05-18,12679
553668,2015-05-18,13993
553670,2015-05-18,14407
553671,2015-05-18,13659
553672,2015-05-18,15811
553673,2015-05-18,16814
553674,2015-05-18,12483
553675,2015-05-18,13719
553676,2015-05-18,16553
553677,2015-05-18,16553
553678,2015-05-18,14009
553679,2015-05-18,14565
553680,2015-05-18,13258
553681,2015-05-18,15410
553682,2015-05-18,14646
553683,2015-05-18,14060
553684,2015-05-18,16389
553685,2015-05-18,18097
553686,2015-05-18,14911
553689,2015-05-18,17389
553690,2015-05-18,17389
553691,2015-05-18,15311
553701,2015-05-18,14463
553702,2015-05-18,13263
553703,2015-05-18,13192
553706,2015-05-18,13854
553707,2015-05-18,16843
553708,2015-05-18,16843
553709,2015-05-18,13767
553710,2015-05-18,17338
553711,2015-05-18,13552
553712,2015-05-18,13552
553713,2015-05-18,13798
553714,2015-05-18,16987
553720,2015-05-18,13417
553721,2015-05-18,16570
553722,2015-05-18,12999
553724,2015-05-18,17047
553725,2015-05-18,17047
553726,2015-05-18,16681
553727,2015-05-18,13531
553730,2015-05-19,16525
553731,2015-05-19,12481
553732,2015-05-19,12481
553733,2015-05-19,14735
553734,2015-05-19,14735
553735,2015-05-19,14735
553736,2015-05-19,14735
553737,2015-05-19,15116
553738,2015-05-19,17469
553739,2015-05-19,14895
553740,2015-05-19,16647
553741,2015-05-19,12520
553742,2015-05-19,16133
553747,2015-05-19,13627
553749,2015-05-19,13468
553750,2015-05-19,15660
553751,2015-05-19,15630
553752,2015-05-19,14896
553753,2015-05-19,12971
553754,2015-05-19,16175
553755,2015-05-19,17457
553762,2015-05-19,18145
553765,2015-05-19,17245
553781,2015-05-19,16008
553828,2015-05-19,17865
553829,2015-05-19,16455
553830,2015-05-19,17871
553831,2015-05-19,14442
553832,2015-05-19,12957
553833,2015-05-19,17346
553834,2015-05-19,15189
553835,2015-05-19,13529
553836,2015-05-19,17017
553837,2015-05-19,17017
553838,2015-05-19,12620
553839,2015-05-19,12897
553842,2015-05-19,12524
553843,2015-05-19,12553
553844,2015-05-19,13450
553845,2015-05-19,17675
553846,2015-05-19,15738
553847,2015-05-19,15738
553848,2015-05-19,17364
553850,2015-05-19,18075
553852,2015-05-19,15599
553853,2015-05-19,16782
553855,2015-05-19,15854
553856,2015-05-19,16813
553859,2015-05-19,14505
553860,2015-05-19,17841
553861,2015-05-19,13591
553863,2015-05-19,13418
553864,2015-05-19,15862
553867,2015-05-19,17306
553868,2015-05-19,16998
553869,2015-05-19,15394
553870,2015-05-19,17980
553871,2015-05-19,16998
553872,2015-05-19,13050
553873,2015-05-19,14859
553874,2015-05-19,15660
553876,2015-05-19,16463
553878,2015-05-19,14733
553879,2015-05-19,15791
553881,2015-05-19,16966
553882,2015-05-19,16672
553883,2015-05-19,16672
553884,2015-05-19,12600
553885,2015-05-19,12601
553886,2015-05-19,15648
553887,2015-05-19,17068
553888,2015-05-19,15201
553889,2015-05-19,13405
553891,2015-05-19,16839
553892,2015-05-19,14825
553893,2015-05-19,17560
553894,2015-05-19,13658
553895,2015-05-19,15271
553896,2015-05-19,13887
553897,2015-05-19,14911
553898,2015-05-19,17389
553899,2015-05-19,14292
553900,2015-05-19,12353
553901,2015-05-19,14911
553902,2015-05-19,15809
553907,2015-05-19,14551
553908,2015-05-19,18177
553909,2015-05-19,12951
553911,2015-05-19,18168
553912,2015-05-19,15122
553913,2015-05-19,18109
553915,2015-05-19,18225
553916,2015-05-20,17166
553917,2015-05-20,17615
553918,2015-05-20,16146
553919,2015-05-20,17416
553920,2015-05-20,15955
553921,2015-05-20,13376
553922,2015-05-20,17926
553923,2015-05-20,13266
553925,2015-05-20,15370
553926,2015-05-20,12955
553927,2015-05-20,17381
553928,2015-05-20,12931
553929,2015-05-20,12931
553930,2015-05-20,13178
553931,2015-05-20,14911
553932,2015-05-20,15768
553933,2015-05-20,15078
553934,2015-05-20,15078
553935,2015-05-20,15856
553936,2015-05-20,15078
553937,2015-05-20,14056
553938,2015-05-20,14112
553940,2015-05-20,14112
553941,2015-05-20,14334
553942,2015-05-20,18055
553946,2015-05-20,15601
553952,2015-05-20,13391
553978,2015-05-20,16182
553979,2015-05-20,15694
553996,2015-05-20,15220
553997,2015-05-20,12656
554000,2015-05-20,14794
554003,2015-05-20,13324
554007,2015-05-20,17961
554008,2015-05-20,17455
554009,2015-05-20,12935
554013,2015-05-20,13308
554014,2015-05-20,13856
554015,2015-05-20,17644
554016,2015-05-20,13243
554018,2015-05-20,17644
554019,2015-05-20,17591
554026,2015-05-20,13324
554027,2015-05-20,15260
554028,2015-05-20,15410
554030,2015-05-20,16497
554031,2015-05-20,16497
554032,2015-05-20,13824
554033,2015-05-20,16187
554034,2015-05-20,13324
554035,2015-05-20,16187
554036,2015-05-20,13767
554037,2015-05-20,12415
554038,2015-05-20,12775
554039,2015-05-20,15095
554040,2015-05-20,15290
554041,2015-05-20,16226
554042,2015-05-20,15237
554043,2015-05-20,16832
554050,2015-05-20,18048
554051,2015-05-20,16696
554052,2015-05-20,18048
554053,2015-05-20,14282
554055,2015-05-20,18198
554057,2015-05-20,17867
554058,2015-05-20,17757
554059,2015-05-20,14388
554060,2015-05-20,18008
554061,2015-05-20,18008
554062,2015-05-22,13654
554063,2015-05-22,13631
554064,2015-05-22,14195
554065,2015-05-22,18287
554066,2015-05-22,12916
554067,2015-05-22,18150
554068,2015-05-22,16690
554069,2015-05-22,15281
554070,2015-05-22,13555
554071,2015-05-22,13113
554072,2015-05-22,13555
554073,2015-05-22,17007
554074,2015-05-22,13230
554075,2015-05-22,16038
554076,2015-05-22,16556
554077,2015-05-22,13972
554078,2015-05-22,12971
554079,2015-05-22,14546
554080,2015-05-22,16931
554081,2015-05-22,13227
554082,2015-05-22,14878
554083,2015-05-22,18125
554084,2015-05-22,12909
554085,2015-05-22,16945
554086,2015-05-22,16945
554087,2015-05-22,13946
554088,2015-05-22,16801
554089,2015-05-22,13527
554090,2015-05-22,17315
554091,2015-05-22,13657
554092,2015-05-22,17176
554093,2015-05-22,14837
554094,2015-05-22,15716
554095,2015-05-22,14682
554096,2015-05-22,14921
554097,2015-05-22,12567
554098,2015-05-22,14769
554099,2015-05-22,16341
554101,2015-05-22,13549
554102,2015-05-22,14647
554103,2015-05-22,15555
554104,2015-05-22,12705
554105,2015-05-22,14711
554106,2015-05-22,12710
554107,2015-05-22,16249
554108,2015-05-22,13668
554109,2015-05-22,12682
554110,2015-05-22,13468
554111,2015-05-22,15724
554112,2015-05-22,17611
554113,2015-05-22,16700
554114,2015-05-22,15292
554115,2015-05-22,15938
554116,2015-05-22,14514
554117,2015-05-22,13758
554118,2015-05-22,16592
554119,2015-05-22,16592
554120,2015-05-22,16592
554121,2015-05-22,17690
554122,2015-05-22,15705
554123,2015-05-22,16818
554124,2015-05-23,13339
554125,2015-05-23,13885
554126,2015-05-23,12431
554129,2015-05-23,14189
554130,2015-05-23,17949
554131,2015-05-23,13988
554132,2015-05-23,12360
554134,2015-05-23,12583
554135,2015-05-23,12877
554137,2015-05-23,12708
554138,2015-05-23,14239
554139,2015-05-23,14911
554141,2015-05-23,14189
554142,2015-05-23,15288
554146,2015-05-23,13479
554147,2015-05-23,12423
554151,2015-05-23,14049
554155,2015-05-23,12757
554156,2015-05-23,13798
554157,2015-05-23,18283
554158,2015-05-23,15563
554159,2015-05-23,12464
554160,2015-05-23,17841
554161,2015-05-23,12464
554162,2015-05-23,16722
554163,2015-05-23,14573
554164,2015-05-23,14364
554181,2015-05-23,13078
554202,2015-05-23,13546
554207,2015-05-23,14573
554261,2015-05-23,16033
554262,2015-05-23,17715
554263,2015-05-23,12474
554264,2015-05-23,15602
554268,2015-05-23,15311
554269,2015-05-23,13223
554270,2015-05-23,15046
554271,2015-05-23,16422
554272,2015-05-23,12901
554274,2015-05-23,16266
554275,2015-05-23,14903
554277,2015-05-23,12901
554278,2015-05-23,13831
554279,2015-05-23,17723
554280,2015-05-23,14817
554281,2015-05-23,18160
554282,2015-05-23,15769
554283,2015-05-23,17686
554284,2015-05-23,17686
554286,2015-05-23,17686
554289,2015-05-23,15434
554301,2015-05-23,12757
554305,2015-05-23,12757
554306,2015-05-23,15734
554307,2015-05-23,12989
554309,2015-05-23,12989
554315,2015-05-23,16086
554322,2015-05-23,17512
554323,2015-05-23,16729
554324,2015-05-23,12712
554325,2015-05-23,12621
554326,2015-05-23,13737
554329,2015-05-23,15796
554337,2015-05-23,17920
554347,2015-05-24,16523
554348,2015-05-24,13523
554349,2015-05-24,14191
554350,2015-05-24,13523
554351,2015-05-24,15132
554353,2015-05-24,14258
554354,2015-05-24,15987
554355,2015-05-24,16992
554356,2015-05-24,12670
554357,2015-05-24,15987
554358,2015-05-24,17450
554359,2015-05-24,13590
554362,2015-05-24,17811
554363,2015-05-24,12647
554364,2015-05-24,16029
554365,2015-05-24,13089
554366,2015-05-24,17450
554367,2015-05-24,13089
554368,2015-05-24,13267
554369,2015-05-24,13267
554370,2015-05-24,13267
554371,2015-05-24,17659
554372,2015-05-24,13842
554375,2015-05-24,18044
554376,2015-05-24,15719
554379,2015-05-24,14047
554380,2015-05-24,16709
554381,2015-05-24,16709
554382,2015-05-24,17365
554392,2015-05-24,14534
554415,2015-05-24,18202
554421,2015-05-24,18202
554424,2015-05-24,14527
554441,2015-05-24,13213
554465,2015-05-24,13534
554483,2015-05-24,13771
554484,2015-05-24,13854
554485,2015-05-24,18018
554487,2015-05-24,16919
554489,2015-05-24,17272
554490,2015-05-24,17058
554491,2015-05-24,14606
554492,2015-05-24,13168
554494,2015-05-24,16327
554495,2015-05-24,17961
554496,2015-05-24,18173
554497,2015-05-24,15819
554498,2015-05-24,15314
554502,2015-05-24,14289
554503,2015-05-24,14163
554504,2015-05-24,17719
554505,2015-05-24,17521
554506,2015-05-24,14083
554507,2015-05-24,15513
554508,2015-05-24,13213
554509,2015-05-24,17375
554510,2015-05-24,17389
554513,2015-05-24,14057
554515,2015-05-24,15042
554520,2015-05-24,17841
554524,2015-05-24,14738
554534,2015-05-24,16923
554542,2015-05-25,15194
554543,2015-05-25,16091
554545,2015-05-25,13102
554547,2015-05-25,13102
554549,2015-05-25,12747
554552,2015-05-25,13694
554554,2015-05-25,13694
554555,2015-05-25,12437
554556,2015-05-25,13098
554557,2015-05-25,15804
554560,2015-05-25,13317
554561,2015-05-25,13317
554570,2015-05-25,13728
554579,2015-05-25,18229
554597,2015-05-25,15140
554598,2015-05-25,13263
554603,2015-05-25,14593
554617,2015-05-25,14593
554628,2015-05-25,15039
554629,2015-05-25,15882
554630,2015-05-25,13268
554631,2015-05-25,15882
554632,2015-05-25,14287
554633,2015-05-25,14287
554635,2015-05-25,13069
554636,2015-05-25,16763
554637,2015-05-25,14688
554638,2015-05-25,14810
554639,2015-05-25,17955
554640,2015-05-25,14680
554641,2015-05-25,17770
554642,2015-05-25,14646
554643,2015-05-25,16133
554644,2015-05-25,15311
554645,2015-05-25,17770
554646,2015-05-25,17790
554647,2015-05-25,14705
554648,2015-05-25,12562
554649,2015-05-25,16133
554650,2015-05-25,12681
554651,2015-05-25,12779
554654,2015-05-25,12815
554655,2015-05-25,12924
554656,2015-05-25,17663
554658,2015-05-25,12839
554663,2015-05-25,14985
554664,2015-05-25,14397
554665,2015-05-25,14336
554666,2015-05-25,13599
554667,2015-05-25,15727
554668,2015-05-25,18226
554669,2015-05-25,15203
554670,2015-05-25,18044
554671,2015-05-25,14009
554672,2015-05-25,14415
554674,2015-05-25,14522
554682,2015-05-25,14085
554684,2015-05-25,16448
554695,2015-05-25,16161
554697,2015-05-25,14584
554698,2015-05-26,16678
554699,2015-05-26,12613
554700,2015-05-26,12613
554701,2015-05-26,12974
554702,2015-05-26,15805
554703,2015-05-26,15281
554704,2015-05-26,15658
554705,2015-05-26,12910
554706,2015-05-26,12910
554707,2015-05-26,14101
554708,2015-05-26,16449
554709,2015-05-26,15769
554710,2015-05-26,15769
554711,2015-05-26,12654
554712,2015-05-26,16873
554713,2015-05-26,12654
554718,2015-05-26,12942
554756,2015-05-26,16837
554762,2015-05-26,16837
554765,2015-05-26,16837
554770,2015-05-26,14911
554776,2015-05-26,14911
554787,2015-05-26,16356
554788,2015-05-26,12987
554789,2015-05-26,16966
554791,2015-05-26,14911
554792,2015-05-26,12547
554794,2015-05-26,12720
554795,2015-05-26,14210
554798,2015-05-26,15189
554808,2015-05-26,17059
554809,2015-05-26,16838
554810,2015-05-26,14816
554812,2015-05-26,15005
554813,2015-05-26,15852
554814,2015-05-26,16609
554815,2015-05-26,13798
554816,2015-05-26,17550
554817,2015-05-26,15622
554818,2015-05-26,13199
554819,2015-05-26,17550
554820,2015-05-26,15622
554821,2015-05-26,13199
554822,2015-05-26,12937
554823,2015-05-26,16624
554824,2015-05-26,15785
554825,2015-05-26,16843
554826,2015-05-26,12493
554827,2015-05-26,14646
554832,2015-05-26,16092
554834,2015-05-26,17416
554835,2015-05-26,15241
554836,2015-05-26,13015
554837,2015-05-26,14584
554838,2015-05-26,18232
554839,2015-05-26,14056
554840,2015-05-26,12684
554842,2015-05-26,14740
554843,2015-05-26,13911
554844,2015-05-26,18073
554845,2015-05-26,17450
554850,2015-05-27,17739
554853,2015-05-27,16839
554854,2015-05-27,16369
554855,2015-05-27,15172
554858,2015-05-27,17042
554859,2015-05-27,14828
554860,2015-05-27,15249
554861,2015-05-27,12633
554865,2015-05-27,14280
554866,2015-05-27,13488
554868,2015-05-27,13135
554869,2015-05-27,16525
554906,2015-05-27,14194
554915,2015-05-27,16133
554916,2015-05-27,17345
554917,2015-05-27,15104
554918,2015-05-27,17345
554919,2015-05-27,13225
554920,2015-05-27,16275
554921,2015-05-27,13854
554922,2015-05-27,14735
554923,2015-05-27,14735
554924,2015-05-27,12748
554927,2015-05-27,16726
554929,2015-05-27,13018
554930,2015-05-27,15939
554932,2015-05-27,12999
554933,2015-05-27,13232
554934,2015-05-27,12971
554935,2015-05-27,14338
554936,2015-05-27,12971
554937,2015-05-27,15402
554938,2015-05-27,12876
554939,2015-05-27,15311
554940,2015-05-27,12494
554941,2015-05-27,16016
554942,2015-05-27,17841
554943,2015-05-27,13798
554944,2015-05-27,18073
554946,2015-05-27,18242
554947,2015-05-27,12748
554948,2015-05-27,14447
554949,2015-05-27,14092
554950,2015-05-27,14227
554951,2015-05-27,16323
554952,2015-05-27,14227
554953,2015-05-27,14227
554954,2015-05-27,14227
554955,2015-05-27,17412
554963,2015-05-27,14625
554964,2015-05-27,15867
554965,2015-05-27,14560
554966,2015-05-27,16034
554968,2015-05-27,17961
554969,2015-05-27,14976
554974,2015-05-27,14031
554975,2015-05-29,17819
554976,2015-05-29,15046
554977,2015-05-29,16444
554978,2015-05-29,16889
554979,2015-05-29,16931
554980,2015-05-29,17613
554981,2015-05-29,17613
554982,2015-05-29,17152
554984,2015-05-29,17152
554985,2015-05-29,12426
554986,2015-05-29,14451
554987,2015-05-29,14823
554988,2015-05-29,15897
554989,2015-05-29,15897
554990,2015-05-29,16567
554991,2015-05-29,14823
554992,2015-05-29,16686
554993,2015-05-29,17051
554994,2015-05-29,14606
554995,2015-05-29,18109
554996,2015-05-29,16407
554997,2015-05-29,16746
554998,2015-05-29,15925
554999,2015-05-29,15547
555000,2015-05-31,18232
555001,2015-05-31,16566
555002,2015-05-31,17682
555003,2015-05-31,12787
555004,2015-05-31,13549
555005,2015-05-31,16656
555007,2015-05-31,13694
555008,2015-05-31,17061
555009,2015-05-31,17340
555010,2015-05-31,17450
555011,2015-05-31,16168
555012,2015-05-31,16814
555015,2015-05-31,16558
555016,2015-05-31,13113
555017,2015-05-31,16801
555025,2015-05-31,17648
555028,2015-05-31,17648
555070,2015-05-31,15863
555073,2015-05-31,16470
555075,2015-05-31,16013
555076,2015-05-31,13900
555077,2015-05-31,17975
555091,2015-05-31,12748
555092,2015-05-31,16483
555093,2015-05-31,12720
555094,2015-05-31,13398
555095,2015-05-31,12540
555096,2015-05-31,12682
555097,2015-05-31,16333
555098,2015-05-31,16333
555099,2015-05-31,16333
555101,2015-05-31,13070
555102,2015-05-31,14819
555103,2015-05-31,17454
555104,2015-05-31,17949
555106,2015-05-31,12790
555107,2015-05-31,12594
555108,2015-05-31,18231
555109,2015-05-31,16023
555110,2015-05-31,17841
555111,2015-05-31,16434
555112,2015-05-31,17725
555113,2015-05-31,18190
555114,2015-05-31,13571
555116,2015-05-31,16919
555119,2015-05-31,15163
555124,2015-05-31,18204
555125,2015-05-31,13481
555127,2015-05-31,15241
555133,2015-05-31,16810
555147,2015-05-31,13505
555156,2015-06-01,15643
555157,2015-06-01,15643
555158,2015-06-01,14842
555159,2015-06-01,15124
555160,2015-06-01,14646
555161,2015-06-01,12423
555162,2015-06-01,12473
555164,2015-06-01,14646
555194,2015-06-01,16422
555195,2015-06-01,15240
555198,2015-06-01,15916
555199,2015-06-01,14606
555200,2015-06-01,17315
555201,2015-06-01,16969
555202,2015-06-01,16813
555203,2015-06-01,17191
555207,2015-06-01,16818
555213,2015-06-01,13094
555232,2015-06-01,14597
555233,2015-06-01,13917
555234,2015-06-01,14515
555240,2015-06-01,15039
555241,2015-06-01,14377
555242,2015-06-01,16424
555243,2015-06-01,13475
555245,2015-06-01,14800
555247,2015-06-01,14315
555249,2015-06-01,17472
555251,2015-06-01,13062
555257,2015-06-01,17596
555259,2015-06-01,13069
555260,2015-06-01,13263
555263,2015-06-01,15192
555264,2015-06-01,17757
555266,2015-06-01,15611
555270,2015-06-01,17723
555279,2015-06-01,16348
555280,2015-06-02,17162
555281,2015-06-02,17162
555282,2015-06-02,12709
555283,2015-06-02,17162
555284,2015-06-02,14298
555285,2015-06-02,14298
555286,2015-06-02,14298
555287,2015-06-02,14298
555289,2015-06-02,15078
555312,2015-06-02,16484
555340,2015-06-02,13334
555343,2015-06-02,15918
555344,2015-06-02,15311
555347,2015-06-02,14389
555348,2015-06-02,15184
555349,2015-06-02,16729
555350,2015-06-02,17652
555351,2015-06-02,13408
555352,2015-06-02,15838
555353,2015-06-02,16928
555356,2015-06-02,16672
555359,2015-06-02,18135
555363,2015-06-02,14453
555367,2015-06-02,17900
555368,2015-06-02,13437
555381,2015-06-02,17900
555382,2015-06-02,17133
555383,2015-06-02,12517
555385,2015-06-02,15658
555388,2015-06-02,17719
555389,2015-06-02,14543
555392,2015-06-02,14221
555393,2015-06-02,14221
555394,2015-06-02,12971
555395,2015-06-02,12971
555396,2015-06-02,16529
555399,2015-06-02,15555
555400,2015-06-02,14088
555401,2015-06-02,14088
555403,2015-06-02,12676
555405,2015-06-02,17531
555406,2015-06-02,17231
555407,2015-06-03,12775
555408,2015-06-03,13294
555410,2015-06-03,16239
555412,2015-06-03,13069
555413,2015-06-03,17994
555414,2015-06-03,16230
555415,2015-06-03,14500
555416,2015-06-03,14408
555417,2015-06-03,12601
555418,2015-06-03,15498
555419,2015-06-03,15498
555420,2015-06-03,13458
555422,2015-06-03,12779
555470,2015-06-03,12455
555471,2015-06-03,16117
555472,2015-06-03,16701
555473,2015-06-03,14700
555476,2015-06-03,16593
555477,2015-06-03,12359
555478,2015-06-03,13777
555479,2015-06-03,15189
555485,2015-06-03,17722
555486,2015-06-03,13248
555488,2015-06-03,16942
555489,2015-06-03,17949
555490,2015-06-03,17949
555491,2015-06-03,16525
555492,2015-06-03,16967
555493,2015-06-03,13695
555494,2015-06-03,15737
555495,2015-06-03,17068
555496,2015-06-03,15405
555497,2015-06-03,16659
555498,2015-06-03,13885
555499,2015-06-03,15812
555500,2015-06-03,15508
555501,2015-06-03,15508
555504,2015-06-03,15508
555507,2015-06-03,16186
555508,2015-06-03,16880
555509,2015-06-03,13435
555511,2015-06-05,17708
555512,2015-06-05,18198
555513,2015-06-05,12980
555514,2015-06-05,17071
555515,2015-06-05,17690
555516,2015-06-05,17706
555517,2015-06-05,13131
555518,2015-06-05,14891
555519,2015-06-05,16682
555520,2015-06-05,15038
555521,2015-06-05,13576
555522,2015-06-05,15796
555523,2015-06-05,12468
555524,2015-06-05,16923
555525,2015-06-05,14709
555526,2015-06-05,14364
555527,2015-06-05,14364
555528,2015-06-05,15694
555530,2015-06-05,16923
555531,2015-06-05,12678
555533,2015-06-05,15722
555534,2015-06-05,14682
555535,2015-06-05,16458
555536,2015-06-05,17675
555537,2015-06-05,15453
555538,2015-06-05,14512
555539,2015-06-05,14472
555540,2015-06-05,13668
555541,2015-06-05,16883
555542,2015-06-05,15108
555543,2015-06-05,13089
555544,2015-06-05,14621
555545,2015-06-05,17735
555546,2015-06-05,17735
555547,2015-06-05,12681
555548,2015-06-05,17811
555549,2015-06-05,13637
555550,2015-06-05,15245
555551,2015-06-05,14696
555552,2015-06-05,13610
555553,2015-06-05,12662
555554,2015-06-05,13742
555555,2015-06-05,16963
555556,2015-06-05,15704
555557,2015-06-05,13682
555558,2015-06-05,14159
555559,2015-06-05,13862
555560,2015-06-05,17346
555561,2015-06-05,16654
555562,2015-06-05,17841
555564,2015-06-05,15005
555565,2015-06-05,15298
555566,2015-06-05,14659
555567,2015-06-05,17050
555568,2015-06-05,17589
555569,2015-06-05,12727
555570,2015-06-05,15152
555571,2015-06-05,15462
555572,2015-06-05,12449
555573,2015-06-05,15349
555574,2015-06-05,12417
555575,2015-06-05,14466
555576,2015-06-05,13410
555577,2015-06-05,15301
555578,2015-06-05,15301
555579,2015-06-05,13983
555580,2015-06-05,13983
555581,2015-06-06,13865
555582,2015-06-06,14312
555583,2015-06-06,13534
555584,2015-06-06,16906
555585,2015-06-06,16029
555586,2015-06-06,14232
555587,2015-06-06,15687
555588,2015-06-06,16849
555589,2015-06-06,12802
555590,2015-06-06,17690
555591,2015-06-06,15073
555592,2015-06-06,14215
555593,2015-06-06,16298
555594,2015-06-06,13880
555601,2015-06-06,15852
555602,2015-06-06,16235
555603,2015-06-06,16209
555604,2015-06-06,16612
555620,2015-06-06,12748
555626,2015-06-06,16103
555627,2015-06-06,15805
555628,2015-06-06,15260
555630,2015-06-06,14732
555631,2015-06-06,18118
555632,2015-06-06,13798
555633,2015-06-06,14534
555634,2015-06-06,13319
555635,2015-06-06,13319
555637,2015-06-06,12535
555638,2015-06-06,15150
555640,2015-06-06,14475
555642,2015-06-06,18248
555644,2015-06-06,16520
555645,2015-06-06,18016
555646,2015-06-06,14135
555647,2015-06-06,12957
555648,2015-06-06,14623
555649,2015-06-06,15386
555650,2015-06-06,14156
555651,2015-06-06,17361
555653,2015-06-06,17673
555654,2015-06-06,18236
555691,2015-06-06,12843
555695,2015-06-06,16168
555701,2015-06-06,14498
555702,2015-06-06,14201
555703,2015-06-06,15379
555704,2015-06-06,14944
555705,2015-06-06,14713
555719,2015-06-06,12609
555720,2015-06-06,16611
555721,2015-06-06,15108
555724,2015-06-06,15737
555725,2015-06-06,15737
555726,2015-06-06,12540
555728,2015-06-06,17252
555731,2015-06-07,16655
555732,2015-06-07,14542
555733,2015-06-07,16839
555734,2015-06-07,17696
555735,2015-06-07,13327
555736,2015-06-07,17730
555737,2015-06-07,16153
555738,2015-06-07,16825
555739,2015-06-07,12380
555740,2015-06-07,18226
555741,2015-06-07,16817
555742,2015-06-07,16949
555743,2015-06-07,12868
555744,2015-06-07,18072
555745,2015-06-07,14462
555746,2015-06-07,14606
555751,2015-06-07,16462
555759,2015-06-07,13220
555798,2015-06-07,16422
555808,2015-06-07,14867
555810,2015-06-07,17091
555813,2015-06-07,13643
555815,2015-06-07,13089
555816,2015-06-07,13089
555817,2015-06-07,17091
555818,2015-06-07,13784
555819,2015-06-07,15073
555820,2015-06-07,16133
555829,2015-06-07,13330
555832,2015-06-07,15969
555834,2015-06-07,12891
555835,2015-06-07,14525
555836,2015-06-07,13098
555839,2015-06-07,13283
555840,2015-06-07,15805
555841,2015-06-07,14583
555842,2015-06-07,17874
555843,2015-06-07,12584
555844,2015-06-07,14711
555845,2015-06-07,17015
555846,2015-06-07,14180
555847,2015-06-07,14880
555848,2015-06-07,16081
555849,2015-06-07,13266
555850,2015-06-07,16550
555851,2015-06-07,13050
555852,2015-06-07,17429
555853,2015-06-07,14375
555854,2015-06-07,12748
555855,2015-06-07,15311
555856,2015-06-07,17124
555857,2015-06-07,16393
555858,2015-06-07,14911
555859,2015-06-07,17987
555861,2015-06-07,12990
555862,2015-06-07,12757
555863,2015-06-07,17026
555865,2015-06-07,14530
555866,2015-06-07,16841
555870,2015-06-07,17707
555871,2015-06-07,18073
555872,2015-06-07,13395
555875,2015-06-07,12748
555876,2015-06-07,15799
555884,2015-06-07,17389
555896,2015-06-07,15640
555916,2015-06-07,14958
555917,2015-06-07,17854
555918,2015-06-07,16098
555920,2015-06-07,18102
555921,2015-06-07,15449
555928,2015-06-08,12383
555929,2015-06-08,16525
555930,2015-06-08,14745
555931,2015-06-08,17828
555932,2015-06-08,14217
555933,2015-06-08,12567
555934,2015-06-08,15061
555936,2015-06-08,12567
555937,2015-06-08,12683
555938,2015-06-08,14257
555939,2015-06-08,17659
555940,2015-06-08,14191
555941,2015-06-08,12726
555942,2015-06-08,15743
555943,2015-06-08,13520
555944,2015-06-08,16955
555945,2015-06-08,17409
555946,2015-06-08,17238
555947,2015-06-08,14911
555948,2015-06-08,13752
555949,2015-06-08,16626
555950,2015-06-08,17966
555979,2015-06-08,15039
556009,2015-06-08,18221
556010,2015-06-08,17414
556016,2015-06-08,18092
556017,2015-06-08,15382
556018,2015-06-08,15382
556019,2015-06-08,18092
556020,2015-06-08,13571
556021,2015-06-08,12921
556022,2015-06-08,12921
556023,2015-06-08,14527
556024,2015-06-08,12808
556032,2015-06-08,15159
556034,2015-06-08,16672
556035,2015-06-08,15159
556036,2015-06-08,15159
556038,2015-06-08,13184
556039,2015-06-08,13001
556040,2015-06-08,14622
556041,2015-06-08,17954
556042,2015-06-08,14367
556043,2015-06-08,14078
556044,2015-06-08,15764
556045,2015-06-08,15764
556047,2015-06-08,12901
556048,2015-06-08,15609
556049,2015-06-08,16013
556050,2015-06-08,14367
556051,2015-06-08,13742
556052,2015-06-08,13742
556053,2015-06-08,15400
556054,2015-06-08,14561
556055,2015-06-08,14477
556056,2015-06-08,17841
556058,2015-06-08,13985
556059,2015-06-08,13630
556060,2015-06-08,14911
556062,2015-06-08,15189
556063,2015-06-08,14587
556064,2015-06-08,13777
556065,2015-06-08,14829
556066,2015-06-08,16872
556067,2015-06-08,12748
556068,2015-06-08,12748
556070,2015-06-08,17873
556071,2015-06-08,15974
556072,2015-06-08,16126
556073,2015-06-08,16358
556079,2015-06-08,18229
556084,2015-06-08,17491
556097,2015-06-08,15809
556098,2015-06-08,16832
556099,2015-06-08,13162
556100,2015-06-08,15238
556102,2015-06-08,13115
556103,2015-06-08,16011
556104,2015-06-08,13875
556105,2015-06-08,13466
556106,2015-06-08,14056
556107,2015-06-08,17360
556109,2015-06-09,13741
556110,2015-06-09,13856
556111,2015-06-09,13004
556112,2015-06-09,13265
556113,2015-06-09,13510
556114,2015-06-09,12569
556115,2015-06-09,15241
556116,2015-06-09,15214
556118,2015-06-09,13811
556119,2015-06-09,12594
556120,2015-06-09,16722
556121,2015-06-09,15855
556125,2015-06-09,12947
556126,2015-06-09,14911
556127,2015-06-09,12406
556128,2015-06-09,13038
556129,2015-06-09,14060
556130,2015-06-09,15738
556139,2015-06-09,14231
556179,2015-06-09,13756
556181,2015-06-09,15407
556182,2015-06-09,16892
556183,2015-06-09,13134
556184,2015-06-09,16592
556185,2015-06-09,16592
556186,2015-06-09,14241
556187,2015-06-09,15296
556189,2015-06-09,15615
556190,2015-06-09,15780
556191,2015-06-09,14501
556192,2015-06-09,15615
556193,2015-06-09,14132
556194,2015-06-09,12483
556195,2015-06-09,16745
556196,2015-06-09,18065
556197,2015-06-09,18065
556198,2015-06-09,14963
556199,2015-06-09,16170
556201,2015-06-09,12347
556202,2015-06-09,14606
556203,2015-06-09,12399
556204,2015-06-09,17169
556205,2015-06-09,15827
556206,2015-06-09,14911
556207,2015-06-09,17372
556208,2015-06-09,14040
556214,2015-06-09,14913
556216,2015-06-09,15252
556218,2015-06-09,17731
556219,2015-06-09,17731
556222,2015-06-09,17522
556228,2015-06-09,13538
556229,2015-06-09,12839
556230,2015-06-09,17402
556234,2015-06-09,17961
556235,2015-06-09,12778
556236,2015-06-09,16818
556238,2015-06-09,13397
556239,2015-06-09,15712
556240,2015-06-09,18041
556241,2015-06-09,12597
556244,2015-06-09,15867
556245,2015-06-09,17841
556246,2015-06-09,16113
556247,2015-06-09,15058
556248,2015-06-09,15681
556249,2015-06-09,15681
556252,2015-06-09,16779
556253,2015-06-09,17652
556254,2015-06-09,13213
556255,2015-06-09,18102
556256,2015-06-09,14309
556257,2015-06-09,17576
556258,2015-06-09,12694
556259,2015-06-09,12721
556263,2015-06-09,13969
556264,2015-06-09,16107
556266,2015-06-09,13900
556267,2015-06-09,13694
556271,2015-06-09,17483
556279,2015-06-09,14562
556280,2015-06-09,14584
556282,2015-06-10,15679
556283,2015-06-10,15628
556284,2015-06-10,17115
556285,2015-06-10,13686
556288,2015-06-10,13426
556290,2015-06-10,17088
556296,2015-06-10,15114
556298,2015-06-10,16581
556302,2015-06-10,15267
556303,2015-06-10,17064
556304,2015-06-10,12840
556305,2015-06-10,12643
556318,2015-06-10,16767
556323,2015-06-10,17819
556325,2015-06-10,17234
556329,2015-06-10,14573
556330,2015-06-10,17797
556341,2015-06-10,16614
556365,2015-06-10,16370
556386,2015-06-10,16668
556397,2015-06-10,16029
556408,2015-06-10,13533
556413,2015-06-10,16005
556415,2015-06-10,12409
556416,2015-06-10,15527
556417,2015-06-10,14543
556419,2015-06-10,15411
556425,2015-06-10,14178
556426,2015-06-10,16729
556432,2015-06-10,16184
556434,2015-06-10,14895
556435,2015-06-10,14895
556437,2015-06-10,14077
556439,2015-06-10,18061
556440,2015-06-10,14401
556441,2015-06-10,14415
556442,2015-06-10,15098
556443,2015-06-10,12712
556444,2015-06-10,15098
556446,2015-06-10,15098
556447,2015-06-10,15632
556454,2015-06-10,12947
556455,2015-06-10,15856
556456,2015-06-10,12748
556460,2015-06-12,14276
556461,2015-06-12,13798
556462,2015-06-12,14450
556463,2015-06-12,12583
556464,2015-06-12,18281
556465,2015-06-12,14984
556466,2015-06-12,15465
556467,2015-06-12,13232
556468,2015-06-12,14878
556469,2015-06-12,12516
556470,2015-06-12,15291
556471,2015-06-12,16466
556472,2015-06-12,16633
556473,2015-06-12,17265
556474,2015-06-12,16007
556475,2015-06-12,18109
556476,2015-06-12,17175
556477,2015-06-12,12841
556478,2015-06-12,13069
556479,2015-06-12,16983
556480,2015-06-12,13617
556481,2015-06-12,16115
556482,2015-06-12,17242
556483,2015-06-12,14823
556484,2015-06-12,16938
556485,2015-06-12,17211
556486,2015-06-12,17422
556487,2015-06-12,17289
556488,2015-06-12,16018
556489,2015-06-12,14704
556490,2015-06-12,13078
556491,2015-06-12,16794
556492,2015-06-12,15939
556494,2015-06-12,17802
556495,2015-06-12,18069
556496,2015-06-12,14397
556497,2015-06-12,15271
556498,2015-06-12,17961
556500,2015-06-13,13468
556501,2015-06-13,16700
556502,2015-06-13,13761
556503,2015-06-13,13517
556504,2015-06-13,13936
556505,2015-06-13,17381
556506,2015-06-13,17381
556507,2015-06-13,12567
556508,2015-06-13,16342
556509,2015-06-13,12708
556510,2015-06-13,14911
556512,2015-06-13,14688
556517,2015-06-13,12481
556519,2015-06-13,16794
556520,2015-06-13,14177
556521,2015-06-13,14573
556523,2015-06-13,16938
556526,2015-06-13,12732
556527,2015-06-13,16205
556528,2015-06-13,13269
556529,2015-06-13,12714
556531,2015-06-13,15491
556533,2015-06-13,15625
556534,2015-06-13,15036
556536,2015-06-13,17795
556537,2015-06-13,17725
556538,2015-06-13,15845
556539,2015-06-13,13589
556540,2015-06-13,13552
556541,2015-06-13,13552
556542,2015-06-13,14719
556571,2015-06-13,13018
556572,2015-06-13,15311
556573,2015-06-13,14667
556574,2015-06-13,16209
556575,2015-06-13,17027
556576,2015-06-13,14606
556577,2015-06-13,17579
556578,2015-06-13,12472
556579,2015-06-13,15069
556580,2015-06-13,17719
556596,2015-06-13,17349
556629,2015-06-13,14841
556630,2015-06-13,13999
556631,2015-06-13,13080
556632,2015-06-13,16987
556641,2015-06-13,13663
556642,2015-06-13,17236
556667,2015-06-13,15838
556670,2015-06-13,15838
556671,2015-06-13,17841
556672,2015-06-13,13742
556680,2015-06-14,13971
556681,2015-06-14,12826
556682,2015-06-14,15358
556683,2015-06-14,15358
556684,2015-06-14,12901
556685,2015-06-14,14503
556714,2015-06-14,14680
556718,2015-06-14,16013
556719,2015-06-14,17428
556720,2015-06-14,17428
556721,2015-06-14,15218
556722,2015-06-14,17428
556723,2015-06-14,18102
556724,2015-06-14,16745
556725,2015-06-14,18102
556726,2015-06-14,18102
556727,2015-06-14,17675
556728,2015-06-14,15719
556731,2015-06-14,18283
556732,2015-06-14,15039
556733,2015-06-14,16919
556734,2015-06-14,13476
556740,2015-06-14,17346
556746,2015-06-14,17644
556751,2015-06-14,15251
556767,2015-06-14,18073
556768,2015-06-14,17243
556776,2015-06-14,14730
556777,2015-06-14,14426
556778,2015-06-14,16712
556779,2015-06-14,16774
556780,2015-06-14,14524
556781,2015-06-14,13384
556782,2015-06-14,14871
556783,2015-06-14,13408
556784,2015-06-14,14461
556785,2015-06-14,13408
556786,2015-06-14,13408
556788,2015-06-14,15129
556789,2015-06-14,15129
556790,2015-06-14,15656
556791,2015-06-14,16928
556792,2015-06-14,17043
556794,2015-06-14,13720
556795,2015-06-14,15912
556797,2015-06-14,17101
556804,2015-06-14,15125
556805,2015-06-14,15125
556806,2015-06-14,15125
556808,2015-06-14,17749
556809,2015-06-14,17179
556811,2015-06-14,14997
556814,2015-06-15,14852
556815,2015-06-15,14852
556816,2015-06-15,12437
556817,2015-06-15,14609
556819,2015-06-15,12682
556820,2015-06-15,12682
556822,2015-06-15,17155
556827,2015-06-15,15134
556828,2015-06-15,17284
556829,2015-06-15,12809
556830,2015-06-15,15874
556831,2015-06-15,13631
556842,2015-06-15,13631
556845,2015-06-15,17511
556876,2015-06-15,16241
556878,2015-06-15,15574
556879,2015-06-15,16461
556881,2015-06-15,17389
556882,2015-06-15,14395
556883,2015-06-15,13343
556885,2015-06-15,18073
556886,2015-06-15,12624
556887,2015-06-15,14606
556889,2015-06-15,16644
556890,2015-06-15,17581
556891,2015-06-15,17581
556892,2015-06-15,17581
556903,2015-06-15,14527
556905,2015-06-15,16904
556906,2015-06-15,12843
556908,2015-06-15,18165
556909,2015-06-15,17536
556910,2015-06-15,12748
556912,2015-06-15,15005
556913,2015-06-15,16523
556914,2015-06-15,12877
556915,2015-06-15,15036
556916,2015-06-15,16898
556917,2015-06-15,12415
556918,2015-06-15,12415
556921,2015-06-15,16038
556922,2015-06-15,12748
556926,2015-06-15,16324
556927,2015-06-15,14156
556928,2015-06-15,14156
556929,2015-06-15,15611
556931,2015-06-15,15864
556935,2015-06-15,17651
556937,2015-06-15,17716
556942,2015-06-15,14222
556953,2015-06-16,14911
556954,2015-06-16,15585
556956,2015-06-16,13694
556958,2015-06-16,17490
556959,2015-06-16,16739
556960,2015-06-16,14844
556961,2015-06-16,16276
556964,2015-06-16,16145
556965,2015-06-16,15129
556967,2015-06-16,17193
556968,2015-06-16,12980
556969,2015-06-16,16257
556970,2015-06-16,13082
556971,2015-06-16,13082
556972,2015-06-16,17193
556977,2015-06-16,17446
556998,2015-06-16,16672
557002,2015-06-16,16672
557005,2015-06-16,13700
557006,2015-06-16,14282
557007,2015-06-16,12484
557008,2015-06-16,16729
557009,2015-06-16,14321
557010,2015-06-16,14289
557011,2015-06-16,16279
557012,2015-06-16,18241
557013,2015-06-16,15044
557014,2015-06-16,12971
557015,2015-06-16,14735
557016,2015-06-16,16942
557017,2015-06-16,13199
557018,2015-06-16,14285
557019,2015-06-16,15907
557020,2015-06-16,13246
557021,2015-06-16,17642
557023,2015-06-16,16225
557026,2015-06-16,16571
557027,2015-06-16,12816
557032,2015-06-16,16011
557033,2015-06-16,13826
557034,2015-06-16,13627
557038,2015-06-16,14037
557039,2015-06-16,16814
557040,2015-06-16,14243
557041,2015-06-16,13575
557042,2015-06-16,13004
557055,2015-06-16,12621
557056,2015-06-16,12621
557057,2015-06-16,16843
557058,2015-06-16,16843
557063,2015-06-16,17368
557064,2015-06-16,13263
557065,2015-06-16,17157
557066,2015-06-16,17463
557067,2015-06-16,13098
557068,2015-06-16,13263
557069,2015-06-16,12562
557070,2015-06-16,14755
557089,2015-06-16,13576
557092,2015-06-16,12908
557100,2015-06-16,16027
557103,2015-06-16,16852
557109,2015-06-16,15694
557110,2015-06-16,17865
557113,2015-06-16,16266
557114,2015-06-16,13951
557115,2015-06-16,14107
557116,2015-06-16,15219
557117,2015-06-16,14849
557118,2015-06-16,14849
557119,2015-06-16,17416
557120,2015-06-16,15669
557121,2015-06-16,14062
557122,2015-06-16,16558
557123,2015-06-16,15555
557124,2015-06-16,16359
557125,2015-06-16,17450
557126,2015-06-16,18168
557127,2015-06-16,15014
557128,2015-06-16,14765
557129,2015-06-16,17841
557130,2015-06-17,14005
557131,2015-06-17,13456
557132,2015-06-17,13107
557133,2015-06-17,17306
557134,2015-06-17,17306
557135,2015-06-17,17306
557136,2015-06-17,14911
557141,2015-06-17,16779
557143,2015-06-17,13090
557144,2015-06-17,13113
557145,2015-06-17,17139
557146,2015-06-17,17139
557147,2015-06-17,12408
557149,2015-06-17,17961
557150,2015-06-17,15555
557152,2015-06-17,15296
557153,2015-06-17,13735
557208,2015-06-17,16172
557210,2015-06-17,18118
557211,2015-06-17,15513
557212,2015-06-17,12901
557213,2015-06-17,15021
557214,2015-06-17,17677
557215,2015-06-17,17677
557216,2015-06-17,17677
557217,2015-06-17,17426
557218,2015-06-17,17426
557219,2015-06-17,14776
557220,2015-06-17,14776
557221,2015-06-17,16869
557222,2015-06-17,14936
557223,2015-06-17,13647
557225,2015-06-17,15311
557226,2015-06-17,15805
557227,2015-06-17,15805
557228,2015-06-17,15805
557230,2015-06-17,15181
557232,2015-06-17,12463
557233,2015-06-17,15356
557235,2015-06-17,17204
557237,2015-06-17,17204
557247,2015-06-17,12731
557248,2015-06-17,14491
557250,2015-06-17,12748
557251,2015-06-17,14085
557252,2015-06-17,17961
557255,2015-06-19,17616
557256,2015-06-19,17282
557257,2015-06-19,14051
557258,2015-06-19,12951
557259,2015-06-19,15909
557260,2015-06-19,17932
557261,2015-06-19,13005
557262,2015-06-19,16923
557263,2015-06-19,14646
557264,2015-06-19,13618
557265,2015-06-19,13097
557266,2015-06-19,14878
557267,2015-06-19,16805
557268,2015-06-19,13097
557270,2015-06-19,14162
557271,2015-06-19,17769
557272,2015-06-19,17368
557273,2015-06-19,16050
557274,2015-06-19,14004
557275,2015-06-19,15544
557276,2015-06-19,16931
557277,2015-06-19,16484
557278,2015-06-19,13089
557279,2015-06-19,18077
557280,2015-06-19,16701
557281,2015-06-19,13632
557283,2015-06-19,16813
557284,2015-06-19,17377
557285,2015-06-19,15046
557286,2015-06-19,17879
557287,2015-06-19,18109
557289,2015-06-19,16880
557290,2015-06-19,16880
557291,2015-06-19,18230
557292,2015-06-19,17562
557293,2015-06-19,16326
557294,2015-06-19,13629
557295,2015-06-19,12724
557296,2015-06-19,15334
557297,2015-06-19,12421
557298,2015-06-19,17519
557299,2015-06-19,13047
557301,2015-06-19,15373
557302,2015-06-19,13102
557303,2015-06-19,12450
557304,2015-06-19,16326
557305,2015-06-19,13568
557306,2015-06-19,18062
557307,2015-06-19,14820
557308,2015-06-19,16744
557309,2015-06-19,16493
557310,2015-06-19,13240
557311,2015-06-19,15700
557312,2015-06-19,17001
557313,2015-06-19,13524
557314,2015-06-19,12541
557315,2015-06-19,15535
557316,2015-06-19,17299
557317,2015-06-19,12837
557318,2015-06-19,14911
557319,2015-06-20,15076
557320,2015-06-20,15854
557321,2015-06-20,15854
557322,2015-06-20,17444
557325,2015-06-20,15291
557326,2015-06-20,14194
557327,2015-06-20,14194
557328,2015-06-20,14646
557329,2015-06-20,17227
557330,2015-06-20,14291
557331,2015-06-20,14291
557332,2015-06-20,14291
557333,2015-06-20,17723
557349,2015-06-20,16717
557350,2015-06-20,16670
557351,2015-06-20,16670
557389,2015-06-20,15921
557397,2015-06-20,17897
557406,2015-06-20,15747
557407,2015-06-20,14701
557409,2015-06-20,15410
557410,2015-06-20,14701
557414,2015-06-20,15840
557416,2015-06-20,17809
557426,2015-06-20,15016
557427,2015-06-20,12429
557428,2015-06-20,17857
557429,2015-06-20,17857
557430,2015-06-20,16013
557431,2015-06-20,18260
557442,2015-06-20,14808
557464,2015-06-20,15301
557466,2015-06-20,13815
557468,2015-06-20,16713
557469,2015-06-20,12904
557470,2015-06-20,13798
557471,2015-06-20,15825
557472,2015-06-20,12432
557473,2015-06-20,17428
557474,2015-06-20,12432
557476,2015-06-20,18223
557477,2015-06-20,18223
557483,2015-06-20,12643
557484,2015-06-20,14796
557485,2015-06-20,15769
557488,2015-06-20,15581
557489,2015-06-20,12490
557490,2015-06-20,13199
557492,2015-06-20,13717
557498,2015-06-20,12971
557499,2015-06-20,16320
557503,2015-06-20,16839
557504,2015-06-20,16839
557509,2015-06-20,15389
557510,2015-06-20,17588
557513,2015-06-20,15700
557514,2015-06-20,14667
557517,2015-06-20,15125
557518,2015-06-20,15280
557523,2015-06-21,12971
557524,2015-06-21,12748
557525,2015-06-21,12759
557526,2015-06-21,14397
557527,2015-06-21,13941
557528,2015-06-21,17159
557529,2015-06-21,15189
557560,2015-06-21,15329
557568,2015-06-21,17629
557569,2015-06-21,12474
557570,2015-06-21,15998
557571,2015-06-21,12830
557572,2015-06-21,15061
557573,2015-06-21,15061
557577,2015-06-21,14606
557583,2015-06-21,14776
557595,2015-06-21,15507
557598,2015-06-21,14667
557601,2015-06-21,18252
557602,2015-06-21,14110
557603,2015-06-21,16526
557604,2015-06-21,15039
557605,2015-06-21,14911
557611,2015-06-21,17695
557612,2015-06-21,14460
557614,2015-06-21,16394
557615,2015-06-21,15498
557616,2015-06-21,12930
557617,2015-06-21,14543
557618,2015-06-21,14960
557619,2015-06-21,17757
557620,2015-06-21,14408
557621,2015-06-21,12444
557622,2015-06-21,17960
557623,2015-06-21,15498
557625,2015-06-21,15159
557626,2015-06-21,14175
557627,2015-06-21,12583
557628,2015-06-21,15311
557630,2015-06-21,13178
557631,2015-06-21,18229
557632,2015-06-21,17420
557633,2015-06-21,13750
557634,2015-06-21,15412
557635,2015-06-21,12748
557636,2015-06-21,17841
557639,2015-06-21,12933
557662,2015-06-21,13630
557667,2015-06-22,15606
557668,2015-06-22,17828
557669,2015-06-22,12674
557670,2015-06-22,12798
557671,2015-06-22,13849
557672,2015-06-22,16114
557673,2015-06-22,16180
557674,2015-06-22,16422
557676,2015-06-22,15804
557681,2015-06-22,14463
557734,2015-06-22,12684
557735,2015-06-22,16214
557736,2015-06-22,13420
557739,2015-06-22,13780
557742,2015-06-22,14911
557743,2015-06-22,18155
557744,2015-06-22,15194
557745,2015-06-22,15750
557746,2015-06-22,15059
557747,2015-06-22,13611
557748,2015-06-22,14527
557749,2015-06-22,13477
557750,2015-06-22,16841
557751,2015-06-22,14092
557752,2015-06-22,14092
557753,2015-06-22,17877
557754,2015-06-22,12432
557755,2015-06-22,14733
557757,2015-06-22,14606
557758,2015-06-22,17585
557759,2015-06-22,14156
557760,2015-06-22,12901
557761,2015-06-22,14214
557762,2015-06-22,15810
557763,2015-06-22,17669
557764,2015-06-22,13089
557765,2015-06-22,16247
557766,2015-06-22,16566
557767,2015-06-22,13089
557769,2015-06-22,16626
557770,2015-06-22,14643
557771,2015-06-22,15601
557772,2015-06-22,16458
557774,2015-06-22,13695
557775,2015-06-22,16966
557776,2015-06-22,14422
557781,2015-06-22,17389
557782,2015-06-22,14640
557783,2015-06-22,12748
557785,2015-06-22,14364
557786,2015-06-22,15550
557787,2015-06-22,15041
557788,2015-06-22,14088
557789,2015-06-22,12379
557790,2015-06-22,14099
557792,2015-06-22,16987
557793,2015-06-22,14998
557794,2015-06-23,16287
557795,2015-06-23,13881
557796,2015-06-23,13881
557797,2015-06-23,12919
557798,2015-06-23,16187
557799,2015-06-23,14854
557800,2015-06-23,12748
557801,2015-06-23,13319
557802,2015-06-23,15130
557803,2015-06-23,12704
557804,2015-06-23,18198
557805,2015-06-23,17651
557846,2015-06-23,17365
557848,2015-06-23,15220
557849,2015-06-23,17613
557850,2015-06-23,12720
557852,2015-06-23,15384
557853,2015-06-23,16258
557854,2015-06-23,13268
557855,2015-06-23,16806
557856,2015-06-23,16647
557857,2015-06-23,17370
557858,2015-06-23,14159
557859,2015-06-23,17709
557860,2015-06-23,17630
557861,2015-06-23,13437
557864,2015-06-23,15253
557869,2015-06-23,17961
557870,2015-06-23,14404
557871,2015-06-23,13458
557872,2015-06-23,14911
557873,2015-06-23,17659
557875,2015-06-23,13300
557877,2015-06-23,15379
557878,2015-06-23,16940
557880,2015-06-23,14911
557881,2015-06-23,14401
557884,2015-06-23,17759
557885,2015-06-23,12465
557886,2015-06-23,17799
557887,2015-06-23,17759
557888,2015-06-23,14656
557889,2015-06-23,12412
557891,2015-06-23,17652
557892,2015-06-23,14534
557893,2015-06-23,15228
557894,2015-06-23,14818
557896,2015-06-23,17611
557897,2015-06-23,13881
557898,2015-06-23,17314
557900,2015-06-23,13098
557933,2015-06-23,13014
557935,2015-06-23,13929
557939,2015-06-23,12697
557940,2015-06-23,18017
557942,2015-06-23,13725
557948,2015-06-23,13937
557949,2015-06-23,15530
557950,2015-06-23,17848
557951,2015-06-23,14825
557952,2015-06-23,14584
557953,2015-06-23,12748
557954,2015-06-23,15023
557955,2015-06-23,16175
557956,2015-06-23,18283
557957,2015-06-23,13969
557958,2015-06-23,16161
557959,2015-06-23,17351
557960,2015-06-23,15453
557961,2015-06-24,18257
557962,2015-06-24,13709
557963,2015-06-24,13709
557964,2015-06-24,15498
557966,2015-06-24,15187
557967,2015-06-24,17704
557968,2015-06-24,17061
557969,2015-06-24,13856
557970,2015-06-24,16915
557972,2015-06-24,12500
557973,2015-06-24,12955
557974,2015-06-24,14541
557975,2015-06-24,15981
557976,2015-06-24,18118
557995,2015-06-24,17979
558006,2015-06-24,16626
558027,2015-06-24,14032
558028,2015-06-24,15128
558030,2015-06-24,16419
558031,2015-06-24,14180
558035,2015-06-24,15258
558038,2015-06-24,18219
558039,2015-06-24,18219
558040,2015-06-24,14309
558041,2015-06-24,12422
558042,2015-06-24,13870
558043,2015-06-24,13425
558044,2015-06-24,13870
558045,2015-06-24,12615
558049,2015-06-24,15850
558053,2015-06-24,15027
558054,2015-06-24,12971
558056,2015-06-24,15186
558057,2015-06-24,15665
558058,2015-06-24,14766
558062,2015-06-24,13784
558063,2015-06-24,16395
558065,2015-06-24,16419
558067,2015-06-24,14156
558069,2015-06-24,14156
558070,2015-06-24,12843
558073,2015-06-24,13004
558074,2015-06-24,13791
558075,2015-06-24,17858
558076,2015-06-24,14031
558077,2015-06-26,13408
558078,2015-06-26,13408
558079,2015-06-26,17402
558083,2015-06-26,17284
558084,2015-06-26,14837
558085,2015-06-26,13021
558086,2015-06-26,16728
558087,2015-06-26,17323
558089,2015-06-26,13505
558090,2015-06-26,14808
558092,2015-06-26,14808
558093,2015-06-26,17969
558094,2015-06-26,14795
558096,2015-06-26,15532
558098,2015-06-26,18044
558099,2015-06-26,17593
558100,2015-06-26,17768
558101,2015-06-26,18112
558102,2015-06-26,17372
558103,2015-06-26,13767
558104,2015-06-26,13668
558105,2015-06-26,15644
558107,2015-06-26,17811
558108,2015-06-26,12548
558109,2015-06-26,12474
558111,2015-06-26,17114
558113,2015-06-27,14911
558114,2015-06-27,14911
558115,2015-06-27,16003
558121,2015-06-27,13453
558122,2015-06-27,16570
558123,2015-06-27,15834
558124,2015-06-27,12493
558125,2015-06-27,16422
558126,2015-06-27,15482
558127,2015-06-27,13777
558159,2015-06-27,16904
558181,2015-06-27,17980
558182,2015-06-27,17386
558183,2015-06-27,15996
558191,2015-06-27,16869
558192,2015-06-27,16029
558193,2015-06-27,16029
558194,2015-06-27,14583
558195,2015-06-27,17735
558196,2015-06-27,16033
558197,2015-06-27,14298
558198,2015-06-27,14104
558199,2015-06-27,17110
558200,2015-06-27,15976
558201,2015-06-27,15838
558203,2015-06-27,17386
558204,2015-06-27,18193
558232,2015-06-27,17841
558233,2015-06-27,18073
558234,2015-06-27,18073
558235,2015-06-27,16242
558237,2015-06-27,12867
558241,2015-06-27,15932
558247,2015-06-27,14167
558248,2015-06-27,13798
558259,2015-06-28,15304
558260,2015-06-28,16945
558261,2015-06-28,16945
558262,2015-06-28,14646
558263,2015-06-28,14646
558264,2015-06-28,16473
558265,2015-06-28,12747
558271,2015-06-28,13895
558276,2015-06-28,16422
558293,2015-06-28,13656
558294,2015-06-28,16545
558295,2015-06-28,14481
558310,2015-06-28,16671
558311,2015-06-28,14646
558314,2015-06-28,16672
558315,2015-06-28,15065
558317,2015-06-28,14688
558325,2015-06-28,14351
558328,2015-06-28,15146
558330,2015-06-28,12748
558331,2015-06-28,17391
558332,2015-06-28,18241
558333,2015-06-28,13953
558334,2015-06-28,12599
558335,2015-06-28,17442
558336,2015-06-28,14364
558338,2015-06-28,16824
558339,2015-06-28,16928
558341,2015-06-28,14741
558348,2015-06-28,17188
558350,2015-06-28,17188
558351,2015-06-28,13767
558352,2015-06-28,17940
558353,2015-06-28,17940
558355,2015-06-28,13614
558356,2015-06-28,14854
558358,2015-06-28,17965
558362,2015-06-28,16029
558363,2015-06-28,16029
558365,2015-06-28,13631
558366,2015-06-28,13631
558367,2015-06-28,16550
558368,2015-06-28,14329
558370,2015-06-28,17750
558372,2015-06-28,16200
558375,2015-06-28,13418
558376,2015-06-28,13418
558381,2015-06-28,15299
558382,2015-06-28,17997
558383,2015-06-29,18075
558384,2015-06-29,17389
558385,2015-06-29,16525
558386,2015-06-29,14883
558387,2015-06-29,17391
558389,2015-06-29,14383
558390,2015-06-29,13461
558416,2015-06-29,16059
558417,2015-06-29,14156
558418,2015-06-29,12901
558419,2015-06-29,17702
558420,2015-06-29,14577
558421,2015-06-29,15611
558430,2015-06-29,13238
558431,2015-06-29,14911
558432,2015-06-29,17730
558435,2015-06-29,13078
558437,2015-06-29,17799
558440,2015-06-29,17408
558441,2015-06-29,14606
558442,2015-06-29,15537
558443,2015-06-29,15189
558447,2015-06-29,15311
558452,2015-06-29,15208
558454,2015-06-29,17063
558455,2015-06-29,14327
558456,2015-06-29,17063
558458,2015-06-29,14527
558459,2015-06-29,15334
558460,2015-06-29,16779
558461,2015-06-29,13263
558462,2015-06-29,13982
558467,2015-06-29,17757
558470,2015-06-29,16801
558472,2015-06-29,16553
558473,2015-06-29,16553
558474,2015-06-29,16553
558478,2015-06-29,16775
558479,2015-06-29,17837
558480,2015-06-30,15271
558481,2015-06-30,17675
558482,2015-06-30,16570
558483,2015-06-30,18171
558484,2015-06-30,14267
558501,2015-06-30,13871
558523,2015-06-30,17949
558524,2015-06-30,13113
558526,2015-06-30,17949
558527,2015-06-30,12748
558528,2015-06-30,17949
558529,2015-06-30,17949
558532,2015-06-30,15039
558533,2015-06-30,16717
558534,2015-06-30,13988
558535,2015-06-30,16904
558536,2015-06-30,12424
558537,2015-06-30,12424
558538,2015-06-30,15005
558539,2015-06-30,16556
558540,2015-06-30,17706
558542,2015-06-30,13593
558552,2015-06-30,13694
558554,2015-06-30,17949
558555,2015-06-30,15578
558556,2015-06-30,17954
558557,2015-06-30,13282
558558,2015-06-30,17841
558560,2015-06-30,17841
558561,2015-06-30,13742
558562,2015-06-30,16401
558563,2015-06-30,14561
558564,2015-06-30,14057
558565,2015-06-30,14803
558567,2015-06-30,14191
558568,2015-06-30,16316
558570,2015-06-30,17673
558571,2015-06-30,17017
558572,2015-06-30,14282
558573,2015-06-30,17017
558574,2015-06-30,17017
558608,2015-06-30,12524
558611,2015-06-30,16475
558612,2015-06-30,17949
558613,2015-06-30,14911
558616,2015-06-30,16045
558619,2015-06-30,14401
558620,2015-06-30,15584
558621,2015-06-30,13745
558622,2015-06-30,16357
558623,2015-06-30,12395
558624,2015-06-30,14560
558625,2015-06-30,14132
558626,2015-06-30,12569
558627,2015-06-30,14711
558628,2015-06-30,12626
558629,2015-06-30,15615
558630,2015-06-30,15615
558631,2015-06-30,17921
558632,2015-06-30,17930
558633,2015-06-30,16745
558634,2015-06-30,14506
558635,2015-06-30,16498
558636,2015-06-30,14702
558637,2015-06-30,17891
558638,2015-07-01,16317
558639,2015-07-01,13492
558640,2015-07-01,14911
558641,2015-07-01,17865
558642,2015-07-01,17667
558643,2015-07-01,13534
558644,2015-07-01,14156
558647,2015-07-01,14868
558653,2015-07-01,14868
558671,2015-07-01,17123
558679,2015-07-01,17800
558684,2015-07-01,14016
558685,2015-07-01,17706
558686,2015-07-01,17706
558687,2015-07-01,12598
558696,2015-07-01,16746
558699,2015-07-01,12494
558700,2015-07-01,17920
558701,2015-07-01,16866
558702,2015-07-01,12748
558703,2015-07-01,13730
558704,2015-07-01,17505
558705,2015-07-01,12748
558706,2015-07-01,16839
558707,2015-07-01,12748
558708,2015-07-01,12748
558709,2015-07-01,17338
558710,2015-07-01,15483
558711,2015-07-01,15483
558713,2015-07-01,15483
558714,2015-07-01,17888
558717,2015-07-01,12710
558718,2015-07-01,16589
558719,2015-07-01,13576
558721,2015-07-01,14338
558729,2015-07-01,13450
558731,2015-07-01,13285
558734,2015-07-01,16498
558737,2015-07-01,17988
558738,2015-07-01,12922
558740,2015-07-01,16775
558746,2015-07-01,14415
558747,2015-07-03,15465
558748,2015-07-03,17800
558749,2015-07-03,16326
558750,2015-07-03,18226
558751,2015-07-03,16009
558752,2015-07-03,16931
558754,2015-07-03,15518
558755,2015-07-03,14053
558756,2015-07-03,12843
558757,2015-07-03,13148
558758,2015-07-03,17939
558759,2015-07-03,13148
558760,2015-07-03,16918
558761,2015-07-03,15033
558762,2015-07-03,15023
558763,2015-07-03,12841
558765,2015-07-03,17312
558766,2015-07-03,14257
558767,2015-07-03,13833
558768,2015-07-03,15952
558769,2015-07-03,17899
558770,2015-07-03,12748
558771,2015-07-03,17105
558772,2015-07-03,15007
558773,2015-07-03,17781
558775,2015-07-04,18102
558776,2015-07-04,18102
558778,2015-07-04,17160
558779,2015-07-04,16682
558812,2015-07-04,16265
558813,2015-07-04,12682
558814,2015-07-04,14049
558841,2015-07-04,12471
558860,2015-07-04,17975
558861,2015-07-04,13373
558862,2015-07-04,13901
558863,2015-07-04,17243
558867,2015-07-04,17765
558868,2015-07-04,13266
558870,2015-07-04,14145
558871,2015-07-04,12557
558872,2015-07-04,17464
558873,2015-07-04,15290
558875,2015-07-04,13301
558876,2015-07-04,17841
558877,2015-07-04,17841
558878,2015-07-04,16385
558879,2015-07-04,12921
558880,2015-07-04,12921
558881,2015-07-04,12705
558885,2015-07-04,13267
558886,2015-07-04,13267
558887,2015-07-04,18265
558888,2015-07-04,14056
558891,2015-07-04,16861
558892,2015-07-04,17581
558893,2015-07-04,17581
558894,2015-07-04,16344
558895,2015-07-04,12619
558900,2015-07-04,15349
558902,2015-07-04,13001
558906,2015-07-04,15555
558908,2015-07-05,13338
558909,2015-07-05,13408
558910,2015-07-05,12989
558911,2015-07-05,14189
558912,2015-07-05,17024
558916,2015-07-05,16985
558917,2015-07-05,12980
558918,2015-07-05,15646
558919,2015-07-05,15078
558920,2015-07-05,15078
558921,2015-07-05,15078
558922,2015-07-05,16782
558923,2015-07-05,16837
558924,2015-07-05,15785
558925,2015-07-05,15785
558926,2015-07-05,17469
558927,2015-07-05,18177
558933,2015-07-05,16098
558959,2015-07-05,16103
558963,2015-07-05,14235
558964,2015-07-05,14235
558970,2015-07-05,18232
558990,2015-07-05,13489
558991,2015-07-05,14606
558992,2015-07-05,14223
558993,2015-07-05,16729
558994,2015-07-05,13854
558995,2015-07-05,17671
558996,2015-07-05,13085
558999,2015-07-05,15806
559000,2015-07-05,14099
559001,2015-07-05,18198
559002,2015-07-05,12971
559004,2015-07-05,12428
559005,2015-07-05,13183
559006,2015-07-05,14905
559009,2015-07-05,15549
559010,2015-07-05,14911
559011,2015-07-05,17049
559013,2015-07-05,13414
559014,2015-07-05,14262
559015,2015-07-05,13098
559016,2015-07-05,14051
559017,2015-07-05,14034
559018,2015-07-05,18203
559020,2015-07-05,14034
559021,2015-07-05,16525
559023,2015-07-05,18142
559024,2015-07-05,16616
559025,2015-07-05,16338
559026,2015-07-05,16146
559027,2015-07-05,17046
559028,2015-07-05,12839
559029,2015-07-05,16316
559032,2015-07-05,17511
559034,2015-07-05,13109
559035,2015-07-05,13695
559036,2015-07-05,12637
559044,2015-07-05,17306
559045,2015-07-05,14352
559046,2015-07-05,14352
559047,2015-07-05,13082
559048,2015-07-05,13027
559050,2015-07-05,13694
559056,2015-07-06,14645
559057,2015-07-06,13089
559058,2015-07-06,12407
559060,2015-07-06,15738
559061,2015-07-06,17220
559062,2015-07-06,13253
559063,2015-07-06,17220
559064,2015-07-06,15673
559068,2015-07-06,17841
559070,2015-07-06,13468
559091,2015-07-06,17905
559092,2015-07-06,16829
559095,2015-07-06,13198
559096,2015-07-06,12830
559097,2015-07-06,17562
559098,2015-07-06,16029
559106,2015-07-06,15889
559107,2015-07-06,15334
559108,2015-07-06,13094
559109,2015-07-06,15021
559110,2015-07-06,14145
559111,2015-07-06,17440
559112,2015-07-06,17315
559113,2015-07-06,13217
559120,2015-07-06,16393
559121,2015-07-06,13599
559122,2015-07-06,15159
559123,2015-07-06,17341
559124,2015-07-06,14621
559125,2015-07-06,13985
559126,2015-07-06,17341
559127,2015-07-06,15971
559128,2015-07-06,17238
559129,2015-07-06,17705
559130,2015-07-06,15189
559131,2015-07-06,18144
559132,2015-07-06,15053
559133,2015-07-06,17861
559134,2015-07-06,12700
559135,2015-07-06,12455
559137,2015-07-06,17861
559138,2015-07-06,16919
559139,2015-07-06,15061
559141,2015-07-06,15311
559142,2015-07-06,17719
559143,2015-07-06,15581
559144,2015-07-06,12921
559145,2015-07-06,17404
559146,2015-07-06,12921
559148,2015-07-06,12450
559150,2015-07-06,14002
559151,2015-07-06,17389
559152,2015-07-06,14214
559153,2015-07-06,13804
559154,2015-07-06,17045
559155,2015-07-06,13418
559156,2015-07-06,13418
559157,2015-07-06,13999
559158,2015-07-06,17428
559160,2015-07-06,17293
559164,2015-07-06,16422
559165,2015-07-06,12977
559167,2015-07-06,17997
559168,2015-07-06,13263
559169,2015-07-06,16722
559170,2015-07-06,16942
559171,2015-07-07,17651
559172,2015-07-07,17651
559173,2015-07-07,12540
559174,2015-07-07,18263
559185,2015-07-07,15512
559187,2015-07-07,12507
559199,2015-07-07,15288
559200,2015-07-07,13291
559201,2015-07-07,14217
559202,2015-07-07,13583
559203,2015-07-07,17723
559204,2015-07-07,13798
559205,2015-07-07,18073
559206,2015-07-07,18073
559237,2015-07-07,15267
559254,2015-07-07,16814
559255,2015-07-07,13027
559256,2015-07-07,15249
559289,2015-07-07,15719
559293,2015-07-07,16743
559295,2015-07-07,12362
559297,2015-07-07,16743
559298,2015-07-07,12471
559299,2015-07-07,16929
559300,2015-07-07,12471
559301,2015-07-07,13842
559302,2015-07-07,14527
559305,2015-07-07,17892
559306,2015-07-07,18236
559307,2015-07-07,15356
559308,2015-07-07,13158
559310,2015-07-07,15505
559311,2015-07-07,14459
559312,2015-07-07,14180
559313,2015-07-07,16325
559315,2015-07-07,13456
559316,2015-07-07,12647
559317,2015-07-07,17611
559318,2015-07-07,18013
559319,2015-07-07,18013
559320,2015-07-07,13208
559321,2015-07-07,17069
559322,2015-07-07,15769
559323,2015-07-07,12971
559324,2015-07-07,12971
559325,2015-07-07,17560
559326,2015-07-07,13835
559327,2015-07-07,13681
559328,2015-07-07,13743
559329,2015-07-07,15241
559330,2015-07-07,17696
559331,2015-07-07,16156
559332,2015-07-07,14021
559333,2015-07-07,16112
559336,2015-07-07,17315
559339,2015-07-07,13752
559340,2015-07-07,13699
559341,2015-07-07,15144
559342,2015-07-07,14493
559343,2015-07-07,17961
559346,2015-07-07,13486
559349,2015-07-07,15150
559350,2015-07-07,16842
559352,2015-07-07,17837
559353,2015-07-07,13302
559354,2015-07-07,16012
559355,2015-07-07,17007
559356,2015-07-07,15416
559357,2015-07-07,17107
559358,2015-07-07,15675
559359,2015-07-07,14702
559360,2015-07-07,14657
559361,2015-07-07,17312
559362,2015-07-08,12635
559363,2015-07-08,16091
559364,2015-07-08,17735
559366,2015-07-08,13102
559367,2015-07-08,13013
559368,2015-07-08,17031
559369,2015-07-08,14388
559370,2015-07-08,17042
559371,2015-07-08,14264
559372,2015-07-08,12461
559401,2015-07-08,15039
559418,2015-07-08,12681
559419,2015-07-08,16029
559420,2015-07-08,17663
559421,2015-07-08,12648
559422,2015-07-08,12553
559424,2015-07-08,18121
559436,2015-07-08,15901
559441,2015-07-08,12583
559455,2015-07-08,13018
559456,2015-07-08,13018
559457,2015-07-08,14918
559458,2015-07-08,14104
559459,2015-07-08,15311
559460,2015-07-08,13862
559462,2015-07-08,16523
559463,2015-07-08,17965
559464,2015-07-08,15157
559465,2015-07-08,14680
559466,2015-07-08,15679
559469,2015-07-08,15182
559471,2015-07-08,17512
559472,2015-07-08,18037
559477,2015-07-08,14315
559504,2015-07-08,15920
559505,2015-07-08,16398
559507,2015-07-08,15920
559508,2015-07-08,12748
559509,2015-07-08,15920
559510,2015-07-08,14961
559511,2015-07-08,15920
559512,2015-07-08,14188
559513,2015-07-08,14534
559516,2015-07-08,14708
559519,2015-07-08,17353
559523,2015-07-08,13955
559524,2015-07-10,16866
559525,2015-07-10,16923
559526,2015-07-10,15756
559527,2015-07-10,17787
559528,2015-07-10,13064
559529,2015-07-10,14808
559532,2015-07-10,14808
559535,2015-07-10,17841
559536,2015-07-10,16283
559537,2015-07-10,14472
559538,2015-07-10,16880
559539,2015-07-10,18024
559541,2015-07-10,18024
559542,2015-07-10,17126
559543,2015-07-10,17126
559544,2015-07-10,17126
559545,2015-07-10,15467
559546,2015-07-10,14163
559547,2015-07-10,17758
559548,2015-07-10,17997
559549,2015-07-10,13230
559550,2015-07-10,17757
559551,2015-07-10,16877
559552,2015-07-10,16014
559553,2015-07-11,16174
559554,2015-07-11,14258
559555,2015-07-11,13678
559556,2015-07-11,16156
559557,2015-07-11,17444
559605,2015-07-11,15045
559606,2015-07-11,14606
559607,2015-07-11,12681
559609,2015-07-11,13754
559629,2015-07-11,14690
559636,2015-07-11,13058
559637,2015-07-11,17381
559638,2015-07-11,17381
559639,2015-07-11,13767
559640,2015-07-11,15812
559641,2015-07-11,13184
559652,2015-07-11,17164
559653,2015-07-11,14552
559654,2015-07-11,13098
559656,2015-07-11,13675
559657,2015-07-11,16701
559658,2015-07-11,13003
559660,2015-07-11,16701
559661,2015-07-11,18061
559662,2015-07-11,16572
559665,2015-07-11,12556
559668,2015-07-11,13394
559669,2015-07-11,16332
559671,2015-07-11,17811
559672,2015-07-11,14796
559673,2015-07-11,13224
559674,2015-07-11,15856
559676,2015-07-11,17340
559677,2015-07-11,17340
559678,2015-07-11,16033
559679,2015-07-11,15265
559680,2015-07-11,12717
559682,2015-07-11,17337
559684,2015-07-11,14367
559685,2015-07-11,12599
559686,2015-07-11,17966
559687,2015-07-11,17966
559688,2015-07-11,12748
559690,2015-07-11,16422
559691,2015-07-11,13089
559696,2015-07-11,15577
559697,2015-07-11,15577
559698,2015-07-11,17589
559699,2015-07-12,12682
559700,2015-07-12,17450
559701,2015-07-12,16013
559702,2015-07-12,16013
559703,2015-07-12,16989
559704,2015-07-12,12669
559706,2015-07-12,16609
559707,2015-07-12,12358
559708,2015-07-12,13549
559709,2015-07-12,16656
559710,2015-07-12,12474
559711,2015-07-12,13590
559715,2015-07-12,14132
559733,2015-07-12,16145
559745,2015-07-12,17790
559746,2015-07-12,16515
559751,2015-07-12,14688
559768,2015-07-12,13207
559774,2015-07-12,18122
559782,2015-07-12,12722
559783,2015-07-12,13069
559784,2015-07-12,16839
559790,2015-07-12,14548
559791,2015-07-12,17675
559793,2015-07-12,17949
559794,2015-07-12,16700
559795,2015-07-12,17268
559797,2015-07-12,12720
559798,2015-07-12,12720
559804,2015-07-12,17405
559806,2015-07-12,13311
559807,2015-07-12,17841
559809,2015-07-12,16409
559810,2015-07-12,16168
559811,2015-07-12,13269
559812,2015-07-12,15051
559813,2015-07-12,18272
559814,2015-07-12,15544
559815,2015-07-12,15251
559818,2015-07-12,13408
559819,2015-07-12,12682
559821,2015-07-12,16365
559822,2015-07-12,16365
559823,2015-07-12,12919
559824,2015-07-12,17576
559826,2015-07-13,13420
559827,2015-07-13,15189
559828,2015-07-13,16998
559831,2015-07-13,14709
559834,2015-07-13,12576
559835,2015-07-13,13509
559836,2015-07-13,13911
559861,2015-07-13,15895
559862,2015-07-13,12782
559863,2015-07-13,15039
559864,2015-07-13,14916
559865,2015-07-13,14409
559866,2015-07-13,15795
559872,2015-07-13,16816
559876,2015-07-13,15752
559877,2015-07-13,15561
559878,2015-07-13,15493
559879,2015-07-13,15561
559881,2015-07-13,16899
559883,2015-07-13,14397
559884,2015-07-13,16843
559885,2015-07-13,16843
559886,2015-07-13,13669
559887,2015-07-13,13263
559888,2015-07-13,16450
559889,2015-07-13,12678
559890,2015-07-13,12464
559893,2015-07-13,14498
559894,2015-07-13,14159
559895,2015-07-13,14110
559896,2015-07-13,15530
559897,2015-07-13,16779
559898,2015-07-13,16225
559899,2015-07-13,12528
559900,2015-07-13,13089
559901,2015-07-13,18121
559902,2015-07-13,14502
559903,2015-07-13,12935
559904,2015-07-13,13149
559905,2015-07-13,15311
559906,2015-07-13,18219
559907,2015-07-13,12766
559909,2015-07-13,18245
559910,2015-07-13,18245
559911,2015-07-13,13777
559912,2015-07-13,14221
559913,2015-07-13,14221
559916,2015-07-13,14201
559918,2015-07-13,18225
559919,2015-07-13,12415
559920,2015-07-13,12415
559921,2015-07-13,13667
559922,2015-07-13,14400
559925,2015-07-13,17644
559926,2015-07-13,17644
559927,2015-07-13,17567
559928,2015-07-14,12405
559929,2015-07-14,14265
559930,2015-07-14,17738
559931,2015-07-14,17738
559932,2015-07-14,17389
559933,2015-07-14,16719
559934,2015-07-14,13012
559935,2015-07-14,15125
559936,2015-07-14,15125
559937,2015-07-14,13577
559938,2015-07-14,17315
559940,2015-07-14,17396
559941,2015-07-14,17396
559942,2015-07-14,17396
559944,2015-07-14,17396
559945,2015-07-14,17396
559948,2015-07-14,12653
559951,2015-07-14,14847
559979,2015-07-14,14862
559980,2015-07-14,17314
559981,2015-07-14,14562
559982,2015-07-14,12915
559984,2015-07-14,16657
559985,2015-07-14,16488
559986,2015-07-14,15256
559987,2015-07-14,12619
559988,2015-07-14,15402
559989,2015-07-14,13319
559990,2015-07-14,13319
559991,2015-07-14,14527
559993,2015-07-14,14716
560010,2015-07-14,13178
560018,2015-07-14,15987
560024,2015-07-14,15005
560025,2015-07-14,18283
560026,2015-07-14,16928
560032,2015-07-14,18283
560033,2015-07-14,12388
560034,2015-07-14,13933
560035,2015-07-14,17706
560036,2015-07-14,14911
560038,2015-07-14,12709
560041,2015-07-14,14156
560042,2015-07-14,17068
560047,2015-07-14,17259
560048,2015-07-14,13515
560049,2015-07-14,14857
560051,2015-07-14,15306
560052,2015-07-14,15187
560053,2015-07-14,17612
560078,2015-07-14,16040
560079,2015-07-14,15521
560080,2015-07-14,17450
560086,2015-07-14,15839
560087,2015-07-14,18172
560088,2015-07-14,15114
560089,2015-07-14,12748
560093,2015-07-14,14461
560094,2015-07-14,18109
560095,2015-07-14,17848
560096,2015-07-14,13538
560097,2015-07-14,13050
560098,2015-07-14,16907
560101,2015-07-14,14891
560102,2015-07-14,13994
560103,2015-07-14,17837
560104,2015-07-14,17921
560105,2015-07-14,16794
560106,2015-07-14,17554
560107,2015-07-15,12928
560108,2015-07-15,16979
560109,2015-07-15,13491
560115,2015-07-15,17841
560118,2015-07-15,16818
560119,2015-07-15,12815
560120,2015-07-15,14907
560122,2015-07-15,14332
560125,2015-07-15,18118
560145,2015-07-15,13381
560180,2015-07-15,14640
560181,2015-07-15,16621
560182,2015-07-15,12971
560183,2015-07-15,12971
560184,2015-07-15,12971
560185,2015-07-15,14676
560186,2015-07-15,17266
560187,2015-07-15,17444
560188,2015-07-15,18229
560190,2015-07-15,15737
560191,2015-07-15,16203
560199,2015-07-15,17948
560200,2015-07-15,13184
560201,2015-07-15,17061
560202,2015-07-15,12712
560203,2015-07-15,15311
560204,2015-07-15,12971
560205,2015-07-15,17068
560207,2015-07-15,15301
560209,2015-07-15,15004
560210,2015-07-15,14958
560211,2015-07-15,12621
560212,2015-07-15,14722
560222,2015-07-15,14293
560223,2015-07-15,16904
560224,2015-07-15,14572
560228,2015-07-15,17750
560229,2015-07-17,14013
560230,2015-07-17,12600
560231,2015-07-17,13305
560232,2015-07-17,14810
560233,2015-07-17,16813
560234,2015-07-17,16180
560235,2015-07-17,14060
560236,2015-07-17,15206
560237,2015-07-17,15281
560238,2015-07-17,17725
560239,2015-07-17,13507
560240,2015-07-17,15716
560241,2015-07-17,13967
560244,2015-07-17,16931
560246,2015-07-17,14292
560247,2015-07-17,14292
560248,2015-07-17,16255
560249,2015-07-17,17571
560250,2015-07-17,14659
560251,2015-07-17,17774
560252,2015-07-17,13468
560253,2015-07-17,13993
560254,2015-07-17,16678
560255,2015-07-17,16054
560256,2015-07-17,14462
560257,2015-07-17,13340
560258,2015-07-17,13340
560259,2015-07-17,13654
560260,2015-07-17,14044
560261,2015-07-17,12841
560262,2015-07-17,14224
560263,2015-07-17,16342
560264,2015-07-17,12833
560265,2015-07-17,17863
560266,2015-07-17,17389
560267,2015-07-17,13880
560268,2015-07-17,13880
560269,2015-07-17,16168
560270,2015-07-17,16744
560271,2015-07-17,16474
560272,2015-07-17,12691
560273,2015-07-17,14895
560274,2015-07-17,14895
560275,2015-07-17,14895
560276,2015-07-17,14606
560277,2015-07-17,15467
560278,2015-07-17,13610
560279,2015-07-17,14198
560280,2015-07-17,16422
560281,2015-07-17,17984
560282,2015-07-18,14758
560284,2015-07-18,13705
560285,2015-07-18,14944
560286,2015-07-18,14062
560287,2015-07-18,13821
560288,2015-07-18,15845
560295,2015-07-18,16681
560299,2015-07-18,17593
560300,2015-07-18,14911
560302,2015-07-18,14397
560305,2015-07-18,16511
560355,2015-07-18,15906
560356,2015-07-18,16875
560357,2015-07-18,15527
560359,2015-07-18,14159
560360,2015-07-18,12744
560361,2015-07-18,13488
560362,2015-07-18,13488
560363,2015-07-18,12589
560364,2015-07-18,16705
560366,2015-07-18,16859
560368,2015-07-18,17841
560381,2015-07-18,14733
560382,2015-07-18,17389
560383,2015-07-18,16762
560385,2015-07-18,14583
560387,2015-07-18,14667
560392,2015-07-18,13911
560393,2015-07-18,14808
560394,2015-07-18,14390
560397,2015-07-18,17652
560398,2015-07-18,12731
560410,2015-07-18,17213
560412,2015-07-18,12748
560413,2015-07-18,13564
560415,2015-07-18,15152
560416,2015-07-18,14798
560417,2015-07-18,16011
560422,2015-07-18,16746
560426,2015-07-18,14038
560432,2015-07-18,13327
560437,2015-07-18,13940
560441,2015-07-18,14029
560442,2015-07-18,15860
560443,2015-07-18,14776
560444,2015-07-18,13764
560445,2015-07-19,14156
560446,2015-07-19,14156
560447,2015-07-19,13756
560448,2015-07-19,12840
560449,2015-07-19,14732
560450,2015-07-19,14117
560451,2015-07-19,14911
560452,2015-07-19,12682
560453,2015-07-19,13209
560454,2015-07-19,12947
560469,2015-07-19,12971
560473,2015-07-19,12431
560483,2015-07-19,12955
560491,2015-07-19,12415
560499,2015-07-19,16713
560500,2015-07-19,17975
560501,2015-07-19,16475
560503,2015-07-19,17682
560504,2015-07-19,13081
560523,2015-07-19,15462
560527,2015-07-19,15727
560534,2015-07-19,14911
560535,2015-07-19,13167
560536,2015-07-19,16626
560537,2015-07-19,17779
560538,2015-07-19,16128
560539,2015-07-19,16745
560544,2015-07-19,12569
560545,2015-07-19,12569
560546,2015-07-19,17867
560547,2015-07-19,17419
560548,2015-07-19,17867
560549,2015-07-19,12664
560551,2015-07-19,18041
560552,2015-07-19,15311
560553,2015-07-19,13991
560554,2015-07-19,16232
560555,2015-07-19,14178
560557,2015-07-19,18101
560562,2015-07-19,15713
560566,2015-07-19,12662
560568,2015-07-19,13895
560569,2015-07-19,12480
560570,2015-07-19,16112
560571,2015-07-19,17735
560576,2015-07-19,17287
560577,2015-07-19,18223
560579,2015-07-19,15867
560580,2015-07-19,14088
560581,2015-07-19,12901
560582,2015-07-19,12875
560584,2015-07-19,13827
560586,2015-07-19,13631
560587,2015-07-19,13631
560590,2015-07-19,12560
560592,2015-07-19,13225
560595,2015-07-19,16656
560596,2015-07-19,13199
560597,2015-07-19,13798
560598,2015-07-19,17096
560599,2015-07-19,14609
560601,2015-07-19,16764
560602,2015-07-20,13629
560603,2015-07-20,18180
560604,2015-07-20,15251
560605,2015-07-20,17306
560606,2015-07-20,17422
560607,2015-07-20,12510
560634,2015-07-20,16133
560635,2015-07-20,12521
560640,2015-07-20,13854
560641,2015-07-20,15587
560642,2015-07-20,17866
560644,2015-07-20,16271
560646,2015-07-20,18102
560648,2015-07-20,18102
560650,2015-07-20,15529
560651,2015-07-20,15802
560686,2015-07-20,15632
560688,2015-07-20,16393
560689,2015-07-20,15039
560690,2015-07-20,16807
560691,2015-07-20,13136
560692,2015-07-20,14704
560693,2015-07-20,13136
560694,2015-07-20,12757
560695,2015-07-20,14101
560696,2015-07-20,14606
560697,2015-07-20,14401
560698,2015-07-20,16353
560700,2015-07-20,17229
560701,2015-07-20,16729
560710,2015-07-20,14646
560711,2015-07-20,17841
560712,2015-07-20,14456
560713,2015-07-20,16774
560714,2015-07-20,14456
560715,2015-07-20,13549
560716,2015-07-20,17675
560718,2015-07-20,17677
560720,2015-07-20,17677
560721,2015-07-20,17677
560723,2015-07-20,16464
560724,2015-07-20,16186
560725,2015-07-20,16186
560726,2015-07-20,17962
560727,2015-07-20,13571
560728,2015-07-20,12520
560729,2015-07-20,17511
560731,2015-07-20,16149
560732,2015-07-20,14056
560734,2015-07-20,15298
560736,2015-07-20,15260
560742,2015-07-20,14755
560754,2015-07-20,17754
560776,2015-07-21,13995
560781,2015-07-21,13969
560782,2015-07-21,14769
560783,2015-07-21,15108
560790,2015-07-21,14051
560791,2015-07-21,14688
560792,2015-07-21,15189
560805,2015-07-21,14259
560807,2015-07-21,18143
560820,2015-07-21,17811
560821,2015-07-21,17848
560824,2015-07-21,17935
560826,2015-07-21,18073
560827,2015-07-21,14517
560828,2015-07-21,14298
560829,2015-07-21,17694
560833,2015-07-21,16891
560834,2015-07-21,16523
560839,2015-07-21,14527
560841,2015-07-21,14298
560843,2015-07-21,14298
560844,2015-07-21,14298
560845,2015-07-21,15570
560853,2015-07-21,15311
560854,2015-07-21,13098
560856,2015-07-21,16607
560858,2015-07-21,14403
560859,2015-07-21,13668
560861,2015-07-21,17660
560862,2015-07-21,14085
560863,2015-07-21,12748
560864,2015-07-21,14407
560868,2015-07-21,14866
560870,2015-07-21,13157
560871,2015-07-21,14745
560872,2015-07-21,14745
560873,2015-07-21,13881
560875,2015-07-21,13562
560876,2015-07-21,12626
560878,2015-07-21,14410
560879,2015-07-21,16654
560881,2015-07-21,17965
560882,2015-07-21,17213
560883,2015-07-21,13694
560884,2015-07-21,13694
560885,2015-07-21,16188
560886,2015-07-21,16041
560887,2015-07-21,16041
560888,2015-07-21,15380
560891,2015-07-21,15106
560892,2015-07-21,13089
560893,2015-07-21,13804
560894,2015-07-21,14911
560895,2015-07-21,13089
560896,2015-07-21,15623
560897,2015-07-21,12971
560901,2015-07-21,12476
560906,2015-07-21,15827
560908,2015-07-21,15827
560911,2015-07-21,17961
560913,2015-07-21,17961
560914,2015-07-21,17175
560915,2015-07-21,13313
560916,2015-07-21,14911
560917,2015-07-21,17949
560918,2015-07-21,14849
560919,2015-07-21,15971
560920,2015-07-21,15370
560921,2015-07-21,16224
560922,2015-07-21,14911
560924,2015-07-22,15061
560925,2015-07-22,15061
560927,2015-07-22,13078
560928,2015-07-22,14852
560929,2015-07-22,16866
560930,2015-07-22,15829
560931,2015-07-22,16365
560934,2015-07-22,16722
560937,2015-07-22,17920
560942,2015-07-22,15005
560972,2015-07-22,14209
560974,2015-07-22,14426
560975,2015-07-22,14426
560976,2015-07-22,18146
560977,2015-07-22,16839
560978,2015-07-22,15815
560979,2015-07-22,15232
560980,2015-07-22,16107
560988,2015-07-22,15854
560989,2015-07-22,15704
560991,2015-07-22,12438
560992,2015-07-22,18161
560994,2015-07-22,15704
560996,2015-07-22,17625
560997,2015-07-22,12627
560998,2015-07-22,14243
561001,2015-07-22,16711
561002,2015-07-22,13750
561003,2015-07-22,13079
561004,2015-07-22,15189
561005,2015-07-22,17961
561006,2015-07-22,16161
561007,2015-07-22,15640
561008,2015-07-22,18150
561009,2015-07-22,15856
561010,2015-07-22,18262
561020,2015-07-22,13563
561021,2015-07-24,15465
561022,2015-07-24,14800
561023,2015-07-24,13576
561024,2015-07-24,12916
561025,2015-07-24,16241
561026,2015-07-24,17265
561027,2015-07-24,13802
561028,2015-07-24,17769
561029,2015-07-24,12490
561030,2015-07-24,16407
561031,2015-07-24,13461
561032,2015-07-24,13029
561033,2015-07-24,14443
561034,2015-07-24,15506
561035,2015-07-24,17312
561036,2015-07-24,13137
561037,2015-07-24,12472
561038,2015-07-24,17114
561039,2015-07-24,16525
561040,2015-07-24,12431
561042,2015-07-24,16305
561043,2015-07-24,15708
561044,2015-07-24,13831
561045,2015-07-24,17522
561046,2015-07-24,16218
561047,2015-07-24,16948
561048,2015-07-24,12939
561049,2015-07-24,12864
561050,2015-07-24,16558
561051,2015-07-24,16684
561052,2015-07-24,16684
561053,2015-07-24,16684
561054,2015-07-24,18229
561055,2015-07-24,16684
561056,2015-07-24,13477
561057,2015-07-24,17935
561058,2015-07-24,17724
561060,2015-07-24,17703
561062,2015-07-24,16668
561063,2015-07-24,12763
561064,2015-07-24,18109
561065,2015-07-24,14180
561066,2015-07-24,16710
561067,2015-07-24,14397
561068,2015-07-24,13116
561070,2015-07-24,16782
561071,2015-07-24,14057
561072,2015-07-24,14019
561073,2015-07-24,13408
561074,2015-07-24,13037
561075,2015-07-24,16458
561076,2015-07-24,17696
561077,2015-07-24,17649
561078,2015-07-24,16178
561079,2015-07-24,13956
561081,2015-07-24,13230
561082,2015-07-24,13230
561084,2015-07-25,14948
561085,2015-07-25,14367
561087,2015-07-25,15144
561088,2015-07-25,15144
561089,2015-07-25,17579
561092,2015-07-25,17054
561093,2015-07-25,12540
561094,2015-07-25,12474
561095,2015-07-25,17040
561096,2015-07-25,16099
561097,2015-07-25,15981
561098,2015-07-25,14194
561099,2015-07-25,14100
561100,2015-07-25,15289
561101,2015-07-25,16013
561102,2015-07-25,12412
561105,2015-07-25,15218
561106,2015-07-25,14246
561109,2015-07-25,15218
561111,2015-07-25,16422
561112,2015-07-25,14606
561113,2015-07-25,17841
561114,2015-07-25,14775
561115,2015-07-25,17675
561116,2015-07-25,13520
561118,2015-07-25,15781
561119,2015-07-25,17719
561120,2015-07-25,15835
561125,2015-07-25,17364
561128,2015-07-25,16249
561132,2015-07-25,14344
561147,2015-07-25,16841
561170,2015-07-25,16027
561189,2015-07-25,16557
561190,2015-07-25,17631
561191,2015-07-25,15129
561192,2015-07-25,16033
561193,2015-07-25,13296
561194,2015-07-25,13814
561195,2015-07-25,14796
561196,2015-07-25,14342
561197,2015-07-25,16364
561199,2015-07-25,14970
561200,2015-07-25,13695
561201,2015-07-25,14692
561202,2015-07-25,17705
561203,2015-07-25,14232
561204,2015-07-25,12836
561205,2015-07-25,17693
561206,2015-07-25,13110
561207,2015-07-25,13110
561208,2015-07-25,15372
561216,2015-07-25,14606
561219,2015-07-26,18180
561220,2015-07-26,17734
561221,2015-07-26,15281
561222,2015-07-26,13588
561223,2015-07-26,15358
561224,2015-07-26,13629
561226,2015-07-26,15618
561228,2015-07-26,12431
561231,2015-07-26,15855
561236,2015-07-26,15159
561241,2015-07-26,13930
561242,2015-07-26,16258
561244,2015-07-26,13865
561246,2015-07-26,16951
561247,2015-07-26,16592
561248,2015-07-26,16592
561257,2015-07-26,14911
561258,2015-07-26,15513
561259,2015-07-26,12584
561280,2015-07-26,18211
561284,2015-07-26,16818
561288,2015-07-26,13379
561295,2015-07-26,15311
561314,2015-07-26,16266
561320,2015-07-26,16942
561321,2015-07-26,13668
561322,2015-07-26,15203
561324,2015-07-26,14414
561325,2015-07-26,17596
561329,2015-07-26,15044
561330,2015-07-26,16019
561331,2015-07-26,16809
561332,2015-07-26,13492
561334,2015-07-26,15440
561352,2015-07-26,18094
561353,2015-07-26,18094
561355,2015-07-26,13090
561356,2015-07-26,14273
561359,2015-07-26,17160
561360,2015-07-26,16133
561363,2015-07-26,17238
561366,2015-07-26,15152
561368,2015-07-26,14866
561378,2015-07-26,17861
561381,2015-07-26,17920
561382,2015-07-26,16750
561383,2015-07-27,13730
561384,2015-07-27,13194
561385,2015-07-27,15660
561386,2015-07-27,15660
561387,2015-07-27,13824
561388,2015-07-27,12753
561389,2015-07-27,12971
561390,2015-07-27,17068
561391,2015-07-27,16628
561393,2015-07-27,18241
561394,2015-07-27,17315
561395,2015-07-27,13999
561396,2015-07-27,13458
561397,2015-07-27,16532
561398,2015-07-27,16767
561399,2015-07-27,15125
561430,2015-07-27,15172
561453,2015-07-27,13183
561455,2015-07-27,15095
561462,2015-07-27,14088
561463,2015-07-27,14527
561465,2015-07-27,16447
561466,2015-07-27,17243
561467,2015-07-27,14040
561468,2015-07-27,12709
561470,2015-07-27,12523
561471,2015-07-27,14911
561472,2015-07-27,14911
561473,2015-07-27,15078
561474,2015-07-27,14680
561485,2015-07-27,17841
561488,2015-07-27,16609
561502,2015-07-27,14305
561507,2015-07-27,12397
561508,2015-07-27,16696
561511,2015-07-27,15624
561512,2015-07-27,14534
561514,2015-07-27,14331
561517,2015-07-27,18226
561518,2015-07-27,15261
561519,2015-07-27,17870
561520,2015-07-27,17870
561521,2015-07-27,17870
561522,2015-07-27,17870
561528,2015-07-28,13098
561529,2015-07-28,13013
561530,2015-07-28,16174
561531,2015-07-28,14364
561532,2015-07-28,15061
561533,2015-07-28,16672
561534,2015-07-28,14307
561535,2015-07-28,15116
561537,2015-07-28,13870
561542,2015-07-28,15105
561544,2015-07-28,16170
561570,2015-07-28,14289
561583,2015-07-28,13813
561584,2015-07-28,13534
561585,2015-07-28,13728
561592,2015-07-28,14560
561593,2015-07-28,16003
561595,2015-07-28,12853
561597,2015-07-28,12853
561599,2015-07-28,12853
561600,2015-07-28,15861
561601,2015-07-28,18151
561602,2015-07-28,16951
561603,2015-07-28,14855
561605,2015-07-28,13925
561607,2015-07-28,17389
561610,2015-07-28,16076
561611,2015-07-28,17975
561614,2015-07-28,13871
561615,2015-07-28,13319
561616,2015-07-28,15023
561617,2015-07-28,18237
561618,2015-07-28,18172
561624,2015-07-28,16969
561625,2015-07-28,16843
561626,2015-07-28,14898
561627,2015-07-28,12453
561629,2015-07-28,12748
561630,2015-07-28,14527
561631,2015-07-28,14911
561632,2015-07-28,15639
561633,2015-07-28,17949
561634,2015-07-28,16912
561635,2015-07-28,16912
561636,2015-07-28,12910
561637,2015-07-28,17949
561638,2015-07-28,15118
561641,2015-07-28,15939
561642,2015-07-28,17965
561643,2015-07-28,15939
561644,2015-07-28,16029
561645,2015-07-28,14911
561646,2015-07-28,16029
561647,2015-07-28,13340
561648,2015-07-28,15746
561650,2015-07-28,15329
561653,2015-07-28,14002
561654,2015-07-28,14973
561655,2015-07-28,18102
561656,2015-07-28,17071
561657,2015-07-28,17071
561658,2015-07-28,12743
561659,2015-07-28,17450
561661,2015-07-28,12743
561662,2015-07-28,12407
561664,2015-07-28,15189
561669,2015-07-28,12507
561670,2015-07-28,17373
561671,2015-07-28,12830
561672,2015-07-28,12830
561675,2015-07-28,17483
561676,2015-07-28,13468
561677,2015-07-28,15311
561678,2015-07-28,17931
561679,2015-07-28,15245
561680,2015-07-28,18268
561683,2015-07-28,15518
561685,2015-07-28,14315
561686,2015-07-29,13148
561687,2015-07-29,13148
561688,2015-07-29,14407
561689,2015-07-29,15942
561690,2015-07-29,13875
561692,2015-07-29,14143
561693,2015-07-29,15120
561694,2015-07-29,16147
561695,2015-07-29,14005
561696,2015-07-29,13277
561697,2015-07-29,18127
561698,2015-07-29,15974
561699,2015-07-29,12971
561700,2015-07-29,14738
561701,2015-07-29,13102
561702,2015-07-29,15149
561704,2015-07-29,14606
561705,2015-07-29,14735
561706,2015-07-29,14735
561707,2015-07-29,14735
561708,2015-07-29,13575
561709,2015-07-29,17790
561710,2015-07-29,13827
561711,2015-07-29,13414
561712,2015-07-29,14499
561713,2015-07-29,12901
561714,2015-07-29,18081
561715,2015-07-29,13102
561719,2015-07-29,17519
561732,2015-07-29,14511
561743,2015-07-29,13089
561750,2015-07-29,16945
561773,2015-07-29,17841
561774,2015-07-29,16729
561783,2015-07-29,16062
561794,2015-07-29,12921
561795,2015-07-29,12716
561796,2015-07-29,13138
561797,2015-07-29,13178
561798,2015-07-29,14911
561799,2015-07-29,15776
561800,2015-07-29,13975
561801,2015-07-29,12981
561802,2015-07-29,12748
561803,2015-07-29,17926
561804,2015-07-29,14191
561806,2015-07-29,12839
561807,2015-07-29,17491
561808,2015-07-29,13534
561809,2015-07-29,16684
561811,2015-07-29,13106
561813,2015-07-29,13104
561814,2015-07-29,14854
561815,2015-07-29,14083
561816,2015-07-29,16184
561817,2015-07-29,12921
561818,2015-07-29,16775
561819,2015-07-29,13928
561857,2015-07-29,13004
561858,2015-07-29,18064
561859,2015-07-29,17750
561860,2015-07-29,17997
561861,2015-07-31,16839
561862,2015-07-31,15569
561863,2015-07-31,17695
561864,2015-07-31,13217
561865,2015-07-31,15569
561866,2015-07-31,14341
561867,2015-07-31,16931
561868,2015-07-31,16813
561869,2015-07-31,16764
561870,2015-07-31,14911
561871,2015-07-31,13018
561872,2015-07-31,13018
561873,2015-07-31,13316
561874,2015-07-31,16255
561875,2015-07-31,14885
561876,2015-07-31,14472
561877,2015-07-31,16401
561878,2015-07-31,17388
561879,2015-07-31,13722
561880,2015-07-31,13722
561881,2015-07-31,16477
561882,2015-07-31,13388
561883,2015-07-31,13388
561884,2015-07-31,15453
561885,2015-07-31,15532
561887,2015-07-31,14414
561888,2015-07-31,14092
561889,2015-07-31,15804
561890,2015-07-31,12697
561891,2015-07-31,15438
561893,2015-07-31,12942
561894,2015-07-31,14456
561895,2015-07-31,12748
561896,2015-07-31,15819
561897,2015-07-31,17841
561898,2015-07-31,12456
561899,2015-07-31,17173
561900,2015-07-31,16655
561901,2015-07-31,14156
561902,2015-07-31,17404
561903,2015-07-31,17162
561904,2015-08-01,17941
561905,2015-08-01,14947
561906,2015-08-01,12921
561907,2015-08-01,14060
561908,2015-08-01,14239
561909,2015-08-01,15625
561910,2015-08-01,17053
561911,2015-08-01,12534
561912,2015-08-01,13184
561913,2015-08-01,13184
561914,2015-08-01,17676
561915,2015-08-01,14408
561916,2015-08-01,15581
561917,2015-08-01,16904
561922,2015-08-01,13167
561923,2015-08-01,14112
561925,2015-08-01,16551
561926,2015-08-01,12749
561928,2015-08-01,12749
561933,2015-08-01,12949
561936,2015-08-01,14403
561952,2015-08-01,12949
561955,2015-08-01,12949
561967,2015-08-01,12844
561968,2015-08-01,16332
561969,2015-08-01,17757
561995,2015-08-01,16133
562002,2015-08-01,14567
562011,2015-08-01,16745
562014,2015-08-01,14341
562015,2015-08-01,17615
562017,2015-08-01,14937
562018,2015-08-01,17282
562019,2015-08-01,14709
562021,2015-08-01,16172
562023,2015-08-01,16814
562025,2015-08-01,12828
562029,2015-08-01,16182
562031,2015-08-01,16984
562032,2015-08-02,12347
562033,2015-08-02,15410
562034,2015-08-02,12449
562035,2015-08-02,12627
562036,2015-08-02,15187
562037,2015-08-02,13023
562038,2015-08-02,12633
562039,2015-08-02,12593
562040,2015-08-02,17553
562042,2015-08-02,13075
562043,2015-08-02,15342
562044,2015-08-02,16607
562045,2015-08-02,12644
562046,2015-08-02,12378
562047,2015-08-02,17788
562049,2015-08-02,14133
562050,2015-08-02,14133
562053,2015-08-02,16701
562085,2015-08-02,15228
562087,2015-08-02,14606
562088,2015-08-02,13094
562092,2015-08-02,16133
562093,2015-08-02,13777
562094,2015-08-02,15024
562095,2015-08-02,16712
562096,2015-08-02,15311
562098,2015-08-02,14315
562099,2015-08-02,14688
562100,2015-08-02,13437
562101,2015-08-02,13850
562102,2015-08-02,13089
562103,2015-08-02,13089
562105,2015-08-02,15271
562106,2015-08-02,14076
562107,2015-08-02,13805
562108,2015-08-02,17809
562109,2015-08-02,13798
562112,2015-08-02,18236
562120,2015-08-02,13756
562123,2015-08-02,17353
562125,2015-08-02,17887
562127,2015-08-03,13717
562128,2015-08-03,16150
562129,2015-08-03,13186
562130,2015-08-03,12750
562131,2015-08-03,18178
562132,2015-08-03,13384
562133,2015-08-03,16419
562136,2015-08-03,15374
562137,2015-08-03,12720
562138,2015-08-03,14737
562140,2015-08-03,18241
562141,2015-08-03,17389
562143,2015-08-03,16422
562145,2015-08-03,17656
562146,2015-08-03,17675
562148,2015-08-03,13695
562150,2015-08-03,14132
562152,2015-08-03,16168
562153,2015-08-03,14088
562155,2015-08-03,17940
562156,2015-08-03,14401
562157,2015-08-03,16012
562158,2015-08-03,15039
562161,2015-08-03,17841
562162,2015-08-03,12841
562163,2015-08-03,15628
562166,2015-08-03,13209
562173,2015-08-03,14530
562199,2015-08-03,12748
562200,2015-08-03,17719
562201,2015-08-03,14527
562202,2015-08-03,15290
562203,2015-08-03,16102
562204,2015-08-03,16324
562205,2015-08-03,18055
562207,2015-08-03,12643
562208,2015-08-03,16324
562209,2015-08-03,13213
562210,2015-08-03,13486
562211,2015-08-03,17429
562213,2015-08-03,13975
562214,2015-08-03,17731
562216,2015-08-03,16835
562217,2015-08-03,17659
562218,2015-08-03,13851
562219,2015-08-03,15089
562220,2015-08-03,15150
562222,2015-08-03,18073
562224,2015-08-03,17306
562233,2015-08-03,14972
562255,2015-08-03,16607
562256,2015-08-03,15152
562257,2015-08-03,17848
562258,2015-08-03,16348
562259,2015-08-03,15400
562260,2015-08-03,13408
562261,2015-08-03,13408
562262,2015-08-03,13408
562263,2015-08-03,17514
562269,2015-08-03,14056
562270,2015-08-03,12917
562271,2015-08-03,16098
562272,2015-08-04,12971
562273,2015-08-04,12502
562274,2015-08-04,12704
562275,2015-08-04,12689
562276,2015-08-04,17735
562277,2015-08-04,17315
562282,2015-08-04,13098
562283,2015-08-04,15249
562284,2015-08-04,15133
562285,2015-08-04,17404
562286,2015-08-04,15061
562287,2015-08-04,12455
562290,2015-08-04,14825
562313,2015-08-04,14640
562332,2015-08-04,13791
562339,2015-08-04,13571
562340,2015-08-04,13985
562341,2015-08-04,15005
562342,2015-08-04,16929
562343,2015-08-04,17381
562344,2015-08-04,17381
562345,2015-08-04,13694
562346,2015-08-04,16187
562347,2015-08-04,13263
562348,2015-08-04,17511
562349,2015-08-04,16915
562351,2015-08-04,16626
562353,2015-08-04,16180
562354,2015-08-04,17470
562355,2015-08-04,14768
562365,2015-08-04,14344
562366,2015-08-04,17692
562368,2015-08-04,16570
562369,2015-08-04,17584
562370,2015-08-04,12626
562371,2015-08-04,13709
562372,2015-08-04,16258
562373,2015-08-04,16672
562374,2015-08-04,14911
562376,2015-08-04,15254
562377,2015-08-04,14535
562378,2015-08-04,15046
562379,2015-08-04,15134
562380,2015-08-04,14778
562381,2015-08-04,16873
562387,2015-08-04,13402
562388,2015-08-04,18099
562389,2015-08-04,16531
562392,2015-08-04,15205
562393,2015-08-04,18172
562416,2015-08-04,13969
562418,2015-08-04,16572
562419,2015-08-04,14667
562421,2015-08-04,15241
562422,2015-08-04,13218
562424,2015-08-04,12584
562426,2015-08-04,12748
562427,2015-08-04,17267
562428,2015-08-04,17267
562429,2015-08-04,13767
562430,2015-08-04,18109
562431,2015-08-04,13069
562432,2015-08-04,14004
562433,2015-08-04,17677
562434,2015-08-04,12823
562435,2015-08-04,12693
562436,2015-08-04,17961
562437,2015-08-04,13047
562439,2015-08-04,12931
562440,2015-08-04,12931
562441,2015-08-04,14543
562442,2015-08-04,14397
562443,2015-08-04,17723
562444,2015-08-04,14713
562445,2015-08-04,12417
562446,2015-08-04,13145
562447,2015-08-04,15251
562448,2015-08-04,17428
562449,2015-08-04,14562
562450,2015-08-05,12562
562451,2015-08-05,15110
562452,2015-08-05,16302
562453,2015-08-05,18097
562454,2015-08-05,15128
562455,2015-08-05,18097
562456,2015-08-05,15194
562457,2015-08-05,18079
562458,2015-08-05,16029
562459,2015-08-05,16029
562460,2015-08-05,17841
562461,2015-08-05,16029
562462,2015-08-05,16029
562465,2015-08-05,13908
562466,2015-08-05,13435
562467,2015-08-05,13513
562468,2015-08-05,16928
562490,2015-08-05,14720
562516,2015-08-05,15129
562517,2015-08-05,15719
562518,2015-08-05,16818
562519,2015-08-05,16764
562520,2015-08-05,12599
562521,2015-08-05,17457
562523,2015-08-05,16174
562524,2015-08-05,15201
562525,2015-08-05,18282
562526,2015-08-05,16880
562527,2015-08-05,12647
562528,2015-08-05,12610
562529,2015-08-05,15201
562531,2015-08-05,13984
562532,2015-08-05,14083
562533,2015-08-05,17676
562534,2015-08-05,14031
562535,2015-08-05,13200
562537,2015-08-05,12517
562538,2015-08-05,15505
562539,2015-08-05,17220
562540,2015-08-05,17400
562541,2015-08-05,18102
562542,2015-08-05,17377
562543,2015-08-05,13552
562545,2015-08-05,12971
562549,2015-08-05,17092
562550,2015-08-05,13082
562551,2015-08-05,17231
562552,2015-08-05,12748
562555,2015-08-05,15671
562558,2015-08-05,13451
562560,2015-08-05,14156
562562,2015-08-05,16271
562563,2015-08-07,13450
562564,2015-08-07,15058
562565,2015-08-07,16206
562566,2015-08-07,16954
562567,2015-08-07,12877
562568,2015-08-07,12720
562569,2015-08-07,17323
562570,2015-08-07,14079
562571,2015-08-07,13782
562572,2015-08-07,17298
562573,2015-08-07,13248
562574,2015-08-07,14903
562575,2015-08-07,15411
562576,2015-08-07,15518
562578,2015-08-07,14331
562579,2015-08-07,16950
562580,2015-08-07,14024
562581,2015-08-07,15860
562583,2015-08-07,15831
562584,2015-08-07,13752
562585,2015-08-07,14053
562586,2015-08-07,16066
562587,2015-08-07,15640
562589,2015-08-07,15198
562590,2015-08-07,12748
562591,2015-08-07,12748
562592,2015-08-07,13418
562593,2015-08-07,16549
562595,2015-08-07,17602
562596,2015-08-08,16145
562598,2015-08-08,15152
562599,2015-08-08,13013
562600,2015-08-08,12676
562602,2015-08-08,12865
562603,2015-08-08,17870
562604,2015-08-08,17611
562605,2015-08-08,12530
562606,2015-08-08,13552
562607,2015-08-08,12885
562608,2015-08-08,15502
562609,2015-08-08,17331
562610,2015-08-08,16333
562611,2015-08-08,17716
562612,2015-08-08,16637
562614,2015-08-08,17961
562615,2015-08-08,16458
562616,2015-08-08,14748
562619,2015-08-08,15311
562621,2015-08-08,14415
562649,2015-08-08,14606
562650,2015-08-08,17404
562652,2015-08-08,14844
562670,2015-08-08,14911
562680,2015-08-08,17954
562688,2015-08-08,13869
562701,2015-08-08,13767
562708,2015-08-08,17085
562710,2015-08-08,14298
562711,2015-08-08,16788
562712,2015-08-08,13016
562713,2015-08-08,15189
562716,2015-08-08,14257
562718,2015-08-08,18241
562719,2015-08-08,16365
562720,2015-08-08,15033
562721,2015-08-08,15985
562722,2015-08-08,13798
562725,2015-08-09,17302
562727,2015-08-09,15601
562729,2015-08-09,12569
562730,2015-08-09,17554
562732,2015-08-09,18248
562733,2015-08-09,14626
562767,2015-08-09,13769
562768,2015-08-09,14127
562769,2015-08-09,14409
562770,2015-08-09,17139
562771,2015-08-09,13113
562772,2015-08-09,13097
562774,2015-08-09,13500
562775,2015-08-09,15078
562776,2015-08-09,14180
562777,2015-08-09,15247
562778,2015-08-09,17591
562779,2015-08-09,17841
562780,2015-08-09,14901
562781,2015-08-09,14334
562782,2015-08-09,13280
562783,2015-08-09,13018
562784,2015-08-09,16791
562787,2015-08-09,15581
562788,2015-08-09,17669
562789,2015-08-09,14646
562790,2015-08-09,14646
562791,2015-08-09,17730
562792,2015-08-09,17634
562804,2015-08-09,13355
562806,2015-08-09,13636
562807,2015-08-09,16053
562809,2015-08-09,16775
562810,2015-08-09,16656
562812,2015-08-09,13217
562838,2015-08-09,13162
562839,2015-08-09,14056
562840,2015-08-09,14527
562841,2015-08-09,17675
562842,2015-08-09,17675
562844,2015-08-10,12444
562847,2015-08-10,16245
562849,2015-08-10,16700
562850,2015-08-10,14680
562851,2015-08-10,13117
562852,2015-08-10,13050
562853,2015-08-10,13919
562854,2015-08-10,16133
562878,2015-08-10,16241
562879,2015-08-10,15640
562880,2015-08-10,15838
562881,2015-08-10,15632
562882,2015-08-10,12384
562883,2015-08-10,14056
562885,2015-08-10,14024
562886,2015-08-10,17994
562888,2015-08-10,14388
562890,2015-08-10,14191
562891,2015-08-10,13468
562892,2015-08-10,16292
562893,2015-08-10,17442
562894,2015-08-10,12571
562902,2015-08-10,13925
562907,2015-08-10,14116
562908,2015-08-10,16839
562912,2015-08-10,15311
562913,2015-08-10,17042
562914,2015-08-10,16558
562917,2015-08-10,17949
562918,2015-08-10,15615
562919,2015-08-10,15615
562920,2015-08-10,14495
562922,2015-08-10,12594
562923,2015-08-10,16996
562924,2015-08-10,16750
562925,2015-08-10,17389
562926,2015-08-10,17512
562928,2015-08-10,15494
562929,2015-08-10,17562
562930,2015-08-10,14209
562931,2015-08-10,14030
562932,2015-08-10,16904
562935,2015-08-10,14156
562939,2015-08-11,15498
562940,2015-08-11,15498
562941,2015-08-11,15498
562942,2015-08-11,13538
562944,2015-08-11,13985
562946,2015-08-11,15581
562947,2015-08-11,15987
562948,2015-08-11,17857
562949,2015-08-11,14346
562950,2015-08-11,15608
562951,2015-08-11,14462
562960,2015-08-11,14911
562963,2015-08-11,13203
562964,2015-08-11,13488
562965,2015-08-11,18226
562966,2015-08-11,16133
562967,2015-08-11,16422
562968,2015-08-11,14291
562973,2015-08-11,14911
562980,2015-08-11,17686
562984,2015-08-11,17841
562999,2015-08-11,15117
563011,2015-08-11,16283
563012,2015-08-11,17284
563013,2015-08-11,12993
563014,2015-08-11,13408
563016,2015-08-11,15358
563017,2015-08-11,13198
563018,2015-08-11,13427
563019,2015-08-11,17340
563020,2015-08-11,12428
563021,2015-08-11,18077
563022,2015-08-11,17248
563023,2015-08-11,14639
563024,2015-08-11,14639
563026,2015-08-11,15747
563028,2015-08-11,17629
563029,2015-08-11,18093
563030,2015-08-11,14834
563031,2015-08-11,13263
563032,2015-08-11,16076
563033,2015-08-11,16928
563034,2015-08-11,17644
563035,2015-08-11,17790
563036,2015-08-11,14868
563037,2015-08-11,12362
563038,2015-08-11,16656
563060,2015-08-11,17653
563061,2015-08-11,13588
563062,2015-08-11,17811
563070,2015-08-11,14099
563071,2015-08-11,17633
563073,2015-08-11,18235
563074,2015-08-11,12931
563075,2015-08-11,13645
563076,2015-08-11,14646
563078,2015-08-11,15955
563079,2015-08-11,15955
563080,2015-08-11,15955
563089,2015-08-11,15469
563090,2015-08-11,16186
563091,2015-08-11,12994
563092,2015-08-11,13307
563094,2015-08-11,14525
563095,2015-08-12,13158
563096,2015-08-12,15544
563097,2015-08-12,17642
563098,2015-08-12,14911
563099,2015-08-12,15689
563100,2015-08-12,12381
563103,2015-08-12,13873
563104,2015-08-12,13888
563110,2015-08-12,14849
563111,2015-08-12,15249
563112,2015-08-12,14849
563137,2015-08-12,14534
563147,2015-08-12,13695
563149,2015-08-12,13695
563150,2015-08-12,15192
563155,2015-08-12,13069
563161,2015-08-12,14790
563162,2015-08-12,16013
563163,2015-08-12,16013
563164,2015-08-12,16013
563165,2015-08-12,14646
563166,2015-08-12,18092
563167,2015-08-12,14696
563168,2015-08-12,16045
563169,2015-08-12,14911
563170,2015-08-12,18237
563171,2015-08-12,16317
563172,2015-08-12,12399
563173,2015-08-12,17381
563174,2015-08-12,16746
563175,2015-08-12,14855
563176,2015-08-12,17293
563177,2015-08-12,17293
563178,2015-08-12,16011
563179,2015-08-12,12431
563180,2015-08-12,16209
563181,2015-08-12,16612
563182,2015-08-12,17122
563183,2015-08-12,14110
563184,2015-08-12,17516
563188,2015-08-12,15606
563189,2015-08-12,12682
563191,2015-08-12,16678
563192,2015-08-12,16745
563194,2015-08-12,17858
563196,2015-08-12,14406
563198,2015-08-14,15270
563199,2015-08-14,16326
563200,2015-08-14,13838
563201,2015-08-14,13838
563202,2015-08-14,12722
563203,2015-08-14,16525
563204,2015-08-14,17048
563205,2015-08-14,14040
563206,2015-08-14,17613
563208,2015-08-14,14040
563209,2015-08-14,13527
563210,2015-08-14,16466
563211,2015-08-14,17049
563212,2015-08-14,17800
563213,2015-08-14,16115
563214,2015-08-14,16370
563215,2015-08-14,15683
563216,2015-08-14,17841
563217,2015-08-14,13515
563227,2015-08-14,14301
563228,2015-08-14,17988
563229,2015-08-14,17988
563230,2015-08-14,15376
563231,2015-08-14,14658
563233,2015-08-14,17988
563234,2015-08-15,13621
563235,2015-08-15,15939
563236,2015-08-15,17252
563237,2015-08-15,14321
563238,2015-08-15,15093
563239,2015-08-15,15048
563241,2015-08-15,12758
563242,2015-08-15,17173
563243,2015-08-15,18241
563245,2015-08-15,16272
563246,2015-08-15,13089
563247,2015-08-15,13089
563248,2015-08-15,14702
563250,2015-08-15,15624
563251,2015-08-15,12919
563252,2015-08-15,17655
563253,2015-08-15,15218
563254,2015-08-15,15218
563255,2015-08-15,14527
563256,2015-08-15,18143
563257,2015-08-15,13799
563259,2015-08-15,17958
563260,2015-08-15,16668
563261,2015-08-15,16836
563262,2015-08-15,15311
563264,2015-08-15,13720
563268,2015-08-15,13940
563288,2015-08-15,12656
563300,2015-08-15,16774
563328,2015-08-15,14606
563333,2015-08-15,15996
563345,2015-08-15,12619
563346,2015-08-15,14282
563347,2015-08-15,16961
563348,2015-08-15,13078
563349,2015-08-15,14623
563350,2015-08-15,14498
563351,2015-08-15,16902
563352,2015-08-15,15706
563353,2015-08-15,15480
563354,2015-08-15,15271
563355,2015-08-15,14156
563356,2015-08-15,16210
563357,2015-08-15,13277
563358,2015-08-15,17858
563360,2015-08-15,15023
563361,2015-08-15,15315
563362,2015-08-15,15114
563364,2015-08-16,14466
563365,2015-08-16,15373
563366,2015-08-16,15373
563367,2015-08-16,16133
563368,2015-08-16,13995
563369,2015-08-16,13394
563370,2015-08-16,16153
563371,2015-08-16,14006
563372,2015-08-16,15653
563373,2015-08-16,12569
563374,2015-08-16,13953
563376,2015-08-16,15752
563377,2015-08-16,15002
563381,2015-08-16,15768
563382,2015-08-16,18221
563383,2015-08-16,14407
563384,2015-08-16,17315
563404,2015-08-16,16303
563411,2015-08-16,16927
563425,2015-08-16,15140
563426,2015-08-16,15140
563427,2015-08-16,16470
563428,2015-08-16,13159
563429,2015-08-16,13999
563430,2015-08-16,14918
563431,2015-08-16,16266
563432,2015-08-16,16713
563434,2015-08-16,14057
563435,2015-08-16,16131
563436,2015-08-16,16131
563437,2015-08-16,14232
563438,2015-08-16,13743
563440,2015-08-16,13189
563441,2015-08-16,13140
563442,2015-08-16,17637
563443,2015-08-16,12641
563444,2015-08-16,16033
563448,2015-08-16,15220
563450,2015-08-16,16523
563451,2015-08-16,18241
563454,2015-08-16,13305
563465,2015-08-16,16168
563468,2015-08-16,16168
563476,2015-08-16,17682
563477,2015-08-16,17097
563482,2015-08-16,17097
563498,2015-08-16,17719
563499,2015-08-16,13470
563500,2015-08-16,15856
563501,2015-08-16,15856
563502,2015-08-17,12722
563503,2015-08-17,16488
563504,2015-08-17,16218
563505,2015-08-17,17865
563506,2015-08-17,17398
563507,2015-08-17,14414
563508,2015-08-17,16133
563509,2015-08-17,16092
563510,2015-08-17,15734
563518,2015-08-17,12421
563522,2015-08-17,17975
563532,2015-08-17,17511
563533,2015-08-17,16241
563534,2015-08-17,14323
563538,2015-08-17,17841
563540,2015-08-17,12473
563543,2015-08-17,15039
563544,2015-08-17,17937
563545,2015-08-17,15039
563546,2015-08-17,16729
563548,2015-08-17,12528
563550,2015-08-17,14194
563551,2015-08-17,17757
563552,2015-08-17,17656
563555,2015-08-17,16755
563556,2015-08-17,17706
563557,2015-08-17,15786
563558,2015-08-17,14156
563559,2015-08-17,14156
563560,2015-08-17,12971
563561,2015-08-17,18073
563562,2015-08-17,16029
563563,2015-08-17,16029
563564,2015-08-17,16633
563565,2015-08-17,17338
563566,2015-08-17,13655
563567,2015-08-17,13004
563569,2015-08-17,18257
563571,2015-08-17,15541
563572,2015-08-17,16734
563573,2015-08-17,16734
563574,2015-08-17,15827
563575,2015-08-17,17949
563576,2015-08-17,12748
563578,2015-08-17,12949
563580,2015-08-17,16706
563584,2015-08-17,15122
563585,2015-08-17,17070
563588,2015-08-17,17450
563589,2015-08-17,17450
563590,2015-08-17,17450
563597,2015-08-18,14305
563613,2015-08-18,12688
563614,2015-08-18,12415
563615,2015-08-18,16945
563616,2015-08-18,13027
563617,2015-08-18,15301
563618,2015-08-18,15400
563619,2015-08-18,12839
563620,2015-08-18,13014
563621,2015-08-18,13113
563622,2015-08-18,15189
563623,2015-08-18,15189
563626,2015-08-18,16187
563638,2015-08-18,15311
563656,2015-08-18,15615
563657,2015-08-18,15615
563658,2015-08-18,15505
563659,2015-08-18,13694
563660,2015-08-18,13694
563661,2015-08-18,13048
563662,2015-08-18,12729
563674,2015-08-18,14132
563680,2015-08-18,18272
563684,2015-08-18,17386
563685,2015-08-18,14911
563686,2015-08-18,13098
563688,2015-08-18,16767
563689,2015-08-18,15743
563690,2015-08-18,15152
563691,2015-08-18,13668
563692,2015-08-18,17243
563694,2015-08-18,14741
563695,2015-08-18,13617
563696,2015-08-18,12962
563697,2015-08-18,16813
563698,2015-08-18,14667
563699,2015-08-18,13381
563703,2015-08-18,13273
563705,2015-08-18,17736
563706,2015-08-18,14189
563707,2015-08-18,16626
563708,2015-08-18,17001
563709,2015-08-18,15472
563710,2015-08-18,17742
563711,2015-08-18,16928
563712,2015-08-18,12680
563714,2015-08-18,14565
563718,2015-08-18,15144
563719,2015-08-18,13576
563720,2015-08-18,15867
563721,2015-08-18,15232
563722,2015-08-18,17720
563723,2015-08-18,13319
563726,2015-08-18,16582
563727,2015-08-18,15797
563728,2015-08-18,17045
563729,2015-08-18,14051
563730,2015-08-18,14221
563731,2015-08-18,17576
563732,2015-08-18,15125
563733,2015-08-18,18225
563734,2015-08-18,14064
563735,2015-08-18,16743
563736,2015-08-18,13784
563737,2015-08-18,16261
563738,2015-08-18,15024
563739,2015-08-18,17750
563740,2015-08-19,17747
563741,2015-08-19,14759
563742,2015-08-19,17929
563743,2015-08-19,12828
563744,2015-08-19,13266
563745,2015-08-19,15159
563746,2015-08-19,14745
563747,2015-08-19,13089
563748,2015-08-19,16170
563749,2015-08-19,12360
563750,2015-08-19,16122
563753,2015-08-19,12513
563754,2015-08-19,15396
563755,2015-08-19,17612
563756,2015-08-19,12418
563764,2015-08-19,14606
563771,2015-08-19,17841
563776,2015-08-19,12600
563808,2015-08-19,12626
563812,2015-08-19,16249
563818,2015-08-19,13327
563819,2015-08-19,14062
563821,2015-08-19,14533
563822,2015-08-19,16184
563830,2015-08-19,16638
563831,2015-08-19,18081
563832,2015-08-19,16419
563833,2015-08-19,14755
563834,2015-08-19,14401
563835,2015-08-19,13242
563836,2015-08-19,15938
563837,2015-08-19,15078
563839,2015-08-19,16828
563840,2015-08-19,14712
563841,2015-08-19,17402
563842,2015-08-19,13871
563843,2015-08-19,17811
563844,2015-08-19,17725
563845,2015-08-19,12991
563846,2015-08-19,16672
563847,2015-08-19,16139
563848,2015-08-19,14911
563849,2015-08-19,14772
563850,2015-08-19,15311
563851,2015-08-19,14765
563852,2015-08-19,12395
563853,2015-08-19,12560
563854,2015-08-19,12364
563855,2015-08-19,14709
563857,2015-08-19,12968
563858,2015-08-19,18170
563890,2015-08-19,15862
563891,2015-08-19,14500
563892,2015-08-19,16330
563893,2015-08-19,16330
563895,2015-08-21,18229
563896,2015-08-21,17061
563897,2015-08-21,12523
563898,2015-08-21,12971
563900,2015-08-21,14566
563901,2015-08-21,17097
563902,2015-08-21,17029
563903,2015-08-21,17068
563904,2015-08-21,13397
563905,2015-08-21,13267
563906,2015-08-21,14246
563907,2015-08-21,14733
563908,2015-08-21,18109
563909,2015-08-21,15701
563910,2015-08-21,17428
563911,2015-08-21,16265
563912,2015-08-21,17675
563913,2015-08-21,14911
563914,2015-08-21,12518
563915,2015-08-21,14224
563916,2015-08-21,13435
563917,2015-08-21,14572
563919,2015-08-21,14735
563920,2015-08-21,16407
563921,2015-08-21,16407
563922,2015-08-21,14529
563923,2015-08-21,14460
563924,2015-08-21,15984
563925,2015-08-21,13610
563926,2015-08-21,12553
563927,2015-08-21,14013
563928,2015-08-21,17059
563929,2015-08-21,15031
563931,2015-08-21,14895
563932,2015-08-21,14895
563933,2015-08-21,16536
563934,2015-08-21,15313
563935,2015-08-21,15547
563936,2015-08-22,17828
563937,2015-08-22,18204
563938,2015-08-22,18144
563939,2015-08-22,14959
563940,2015-08-22,17416
563941,2015-08-22,15738
563942,2015-08-22,15801
563943,2015-08-22,13139
563944,2015-08-22,17581
563945,2015-08-22,17581
563946,2015-08-22,17527
563947,2015-08-22,12363
563949,2015-08-22,12747
563950,2015-08-22,12471
563951,2015-08-22,16839
563952,2015-08-22,15572
563953,2015-08-22,16201
563954,2015-08-22,16652
563955,2015-08-22,16652
563956,2015-08-22,14282
563981,2015-08-22,14948
563982,2015-08-22,14397
564016,2015-08-22,15712
564017,2015-08-22,14057
564019,2015-08-22,13408
564020,2015-08-22,13971
564022,2015-08-22,13269
564023,2015-08-22,17562
564034,2015-08-22,12935
564037,2015-08-22,14800
564038,2015-08-22,16555
564039,2015-08-22,12645
564040,2015-08-22,14560
564041,2015-08-22,14560
564042,2015-08-22,15443
564043,2015-08-22,14414
564044,2015-08-22,16952
564045,2015-08-22,16013
564046,2015-08-22,16013
564047,2015-08-22,16952
564048,2015-08-22,16013
564049,2015-08-22,17585
564050,2015-08-22,17160
564051,2015-08-22,14265
564052,2015-08-22,15033
564053,2015-08-22,14188
564054,2015-08-22,17857
564055,2015-08-22,13933
564056,2015-08-22,14387
564057,2015-08-22,15296
564058,2015-08-22,17676
564059,2015-08-22,15796
564060,2015-08-22,17073
564061,2015-08-22,14505
564062,2015-08-22,17706
564065,2015-08-22,15150
564066,2015-08-22,17703
564067,2015-08-22,18241
564075,2015-08-22,17659
564076,2015-08-22,14045
564077,2015-08-22,14711
564078,2015-08-22,17083
564079,2015-08-22,12627
564082,2015-08-23,12627
564083,2015-08-23,17469
564085,2015-08-23,14911
564088,2015-08-23,17702
564089,2015-08-23,15971
564090,2015-08-23,17041
564091,2015-08-23,15804
564092,2015-08-23,13767
564093,2015-08-23,14930
564095,2015-08-23,14930
564096,2015-08-23,16133
564109,2015-08-23,17450
564132,2015-08-23,12901
564133,2015-08-23,14364
564135,2015-08-23,16550
564136,2015-08-23,14404
564137,2015-08-23,15722
564139,2015-08-23,16904
564140,2015-08-23,12621
564141,2015-08-23,17841
564143,2015-08-23,16814
564144,2015-08-23,13939
564145,2015-08-23,14329
564146,2015-08-23,15838
564147,2015-08-23,14004
564148,2015-08-23,18147
564149,2015-08-23,14543
564150,2015-08-23,14936
564158,2015-08-23,16712
564159,2015-08-23,12593
564160,2015-08-23,15569
564161,2015-08-23,14523
564162,2015-08-23,13481
564163,2015-08-23,13481
564164,2015-08-23,17940
564165,2015-08-23,13593
564166,2015-08-23,15089
564167,2015-08-23,17735
564168,2015-08-23,16794
564169,2015-08-23,14646
564170,2015-08-23,17696
564171,2015-08-23,16133
564172,2015-08-23,16033
564173,2015-08-23,12567
564174,2015-08-23,14191
564181,2015-08-23,13862
564182,2015-08-23,17242
564186,2015-08-23,15755
564187,2015-08-23,15005
564188,2015-08-23,13140
564189,2015-08-23,14769
564190,2015-08-23,16143
564191,2015-08-23,17315
564192,2015-08-23,17719
564195,2015-08-23,14060
564196,2015-08-23,17315
564197,2015-08-23,13425
564198,2015-08-23,14418
564199,2015-08-23,13263
564200,2015-08-23,18018
564201,2015-08-24,12540
564202,2015-08-24,16342
564203,2015-08-24,18061
564216,2015-08-24,12642
564219,2015-08-24,16422
564222,2015-08-24,12971
564223,2015-08-24,13013
564224,2015-08-24,15249
564225,2015-08-24,17268
564226,2015-08-24,12523
564227,2015-08-24,15249
564228,2015-08-24,13743
564231,2015-08-24,13468
564246,2015-08-24,13534
564248,2015-08-24,13798
564256,2015-08-24,14796
564268,2015-08-24,16968
564272,2015-08-24,16308
564300,2015-08-24,16723
564301,2015-08-24,14299
564302,2015-08-24,15932
564303,2015-08-24,16042
564304,2015-08-24,14527
564305,2015-08-24,14875
564306,2015-08-24,17865
564307,2015-08-24,17865
564308,2015-08-24,13901
564309,2015-08-24,12471
564310,2015-08-24,15769
564311,2015-08-24,15769
564312,2015-08-24,15769
564313,2015-08-24,13728
564314,2015-08-24,12695
564315,2015-08-24,14730
564316,2015-08-24,13985
564317,2015-08-24,13890
564318,2015-08-24,14035
564319,2015-08-24,15059
564321,2015-08-24,15059
564322,2015-08-24,13694
564323,2015-08-24,13694
564324,2015-08-24,13694
564325,2015-08-24,13694
564326,2015-08-24,17256
564327,2015-08-24,16029
564328,2015-08-24,12662
564329,2015-08-24,12569
564330,2015-08-24,13411
564332,2015-08-24,14407
564333,2015-08-24,13199
564334,2015-08-24,15812
564335,2015-08-24,15800
564336,2015-08-24,12748
564337,2015-08-24,12649
564338,2015-08-24,12649
564339,2015-08-24,15939
564342,2015-08-24,16340
564346,2015-08-24,15727
564350,2015-08-24,14401
564351,2015-08-24,13881
564352,2015-08-24,14262
564353,2015-08-24,15764
564354,2015-08-24,15764
564355,2015-08-24,13507
564356,2015-08-24,13969
564357,2015-08-24,14973
564358,2015-08-24,17869
564359,2015-08-24,14056
564360,2015-08-24,12471
564361,2015-08-24,17869
564363,2015-08-24,15434
564364,2015-08-24,15434
564366,2015-08-25,13236
564367,2015-08-25,12712
564369,2015-08-25,15189
564370,2015-08-25,17134
564371,2015-08-25,17705
564372,2015-08-25,12714
564373,2015-08-25,15290
564374,2015-08-25,16589
564375,2015-08-25,13078
564376,2015-08-25,14196
564377,2015-08-25,15263
564378,2015-08-25,12417
564379,2015-08-25,16779
564380,2015-08-25,14314
564381,2015-08-25,13000
564382,2015-08-25,15129
564383,2015-08-25,15251
564398,2015-08-25,18241
564419,2015-08-25,16093
564428,2015-08-25,17844
564429,2015-08-25,16638
564430,2015-08-25,15955
564431,2015-08-25,15955
564432,2015-08-25,13517
564433,2015-08-25,16503
564434,2015-08-25,14687
564436,2015-08-25,17841
564437,2015-08-25,13320
564438,2015-08-25,16628
564439,2015-08-25,12841
564440,2015-08-25,13928
564471,2015-08-25,12583
564473,2015-08-25,16722
564474,2015-08-25,14180
564475,2015-08-25,12500
564476,2015-08-25,12610
564477,2015-08-25,13854
564479,2015-08-25,12682
564480,2015-08-25,17656
564481,2015-08-25,12464
564482,2015-08-25,13149
564483,2015-08-25,14050
564484,2015-08-25,13634
564485,2015-08-25,16429
564489,2015-08-25,15950
564495,2015-08-25,17719
564496,2015-08-25,13050
564503,2015-08-25,13971
564507,2015-08-25,15513
564510,2015-08-25,14194
564526,2015-08-25,15805
564529,2015-08-25,14111
564531,2015-08-25,12624
564532,2015-08-25,14055
564534,2015-08-25,12748
564535,2015-08-25,18075
564536,2015-08-25,13159
564537,2015-08-25,15550
564538,2015-08-25,13408
564539,2015-08-25,12715
564540,2015-08-25,12748
564541,2015-08-25,16309
564542,2015-08-25,16458
564543,2015-08-25,16818
564544,2015-08-25,15663
564551,2015-08-25,17730
564552,2015-08-25,16670
564553,2015-08-25,18200
564554,2015-08-25,17189
564555,2015-08-25,12748
564556,2015-08-25,12748
564557,2015-08-25,17576
564558,2015-08-26,12704
564559,2015-08-26,15811
564560,2015-08-26,16184
564561,2015-08-26,13340
564562,2015-08-26,15203
564563,2015-08-26,13630
564564,2015-08-26,13003
564565,2015-08-26,14911
564572,2015-08-26,15078
564573,2015-08-26,14606
564574,2015-08-26,15078
564583,2015-08-26,17949
564614,2015-08-26,13994
564626,2015-08-26,18167
564627,2015-08-26,15132
564629,2015-08-26,14866
564630,2015-08-26,13644
564631,2015-08-26,17451
564632,2015-08-26,16556
564634,2015-08-26,14210
564635,2015-08-26,15615
564636,2015-08-26,17146
564637,2015-08-26,16641
564638,2015-08-26,13812
564639,2015-08-26,18036
564640,2015-08-26,14837
564641,2015-08-26,13489
564642,2015-08-26,13527
564643,2015-08-26,15356
564647,2015-08-26,17920
564648,2015-08-26,15641
564649,2015-08-26,15611
564650,2015-08-26,14646
564651,2015-08-26,14646
564652,2015-08-26,14646
564653,2015-08-26,14776
564654,2015-08-26,14911
564656,2015-08-26,14141
564657,2015-08-26,14135
564660,2015-08-26,15074
564661,2015-08-26,12948
564666,2015-08-26,12492
564668,2015-08-26,17183
564669,2015-08-26,16872
564670,2015-08-26,12683
564709,2015-08-28,15569
564710,2015-08-28,15625
564712,2015-08-28,15611
564713,2015-08-28,16768
564714,2015-08-28,15290
564715,2015-08-28,14472
564716,2015-08-28,14810
564717,2015-08-28,15669
564718,2015-08-28,13301
564719,2015-08-28,15325
564720,2015-08-28,15095
564721,2015-08-28,15095
564722,2015-08-28,16456
564723,2015-08-28,16168
564724,2015-08-28,15555
564725,2015-08-28,18041
564726,2015-08-28,18077
564727,2015-08-28,16686
564728,2015-08-28,13199
564729,2015-08-28,13137
564731,2015-08-28,16186
564732,2015-08-28,16466
564733,2015-08-28,17841
564734,2015-08-28,12484
564735,2015-08-28,15856
564736,2015-08-28,16353
564737,2015-08-28,15312
564738,2015-08-28,16816
564739,2015-08-28,16931
564740,2015-08-28,14044
564741,2015-08-28,16107
564742,2015-08-28,17346
564743,2015-08-28,14606
564744,2015-08-28,13778
564745,2015-08-28,16806
564746,2015-08-28,17633
564747,2015-08-28,14869
564749,2015-08-30,12708
564750,2015-08-30,17690
564752,2015-08-30,16126
564753,2015-08-30,13709
564764,2015-08-30,14096
564800,2015-08-30,14108
564803,2015-08-30,13870
564811,2015-08-30,15769
564814,2015-08-30,12931
564815,2015-08-30,12748
564816,2015-08-30,14901
564819,2015-08-30,12814
564821,2015-08-30,14078
564836,2015-08-30,17402
564839,2015-08-30,13524
564842,2015-08-30,16133
564843,2015-08-30,15866
564846,2015-08-30,14507
564848,2015-08-30,16928
564849,2015-08-30,17675
564850,2015-08-30,17298
564851,2015-08-30,13183
564852,2015-08-30,14976
564853,2015-08-31,12423
564855,2015-08-31,16746
564856,2015-08-31,12477
564858,2015-08-31,12484
564859,2015-08-31,14057
564860,2015-08-31,17725
564861,2015-08-31,17315
564862,2015-08-31,12678
564863,2015-08-31,15491
564866,2015-08-31,14660
564868,2015-08-31,16842
564871,2015-08-31,17949
564872,2015-08-31,16083
564895,2015-08-31,15596
564896,2015-08-31,13726
564897,2015-08-31,12678
564898,2015-08-31,14513
564901,2015-08-31,15690
564902,2015-08-31,18198
564904,2015-08-31,15984
564906,2015-08-31,12682
564910,2015-08-31,13993
564912,2015-08-31,12490
564943,2015-08-31,17706
564950,2015-08-31,17320
564953,2015-08-31,17588
564957,2015-08-31,15260
564958,2015-08-31,13089
564959,2015-08-31,17299
564961,2015-08-31,14525
564962,2015-08-31,17777
564963,2015-08-31,15582
564965,2015-08-31,17677
564966,2015-08-31,17677
564967,2015-08-31,17659
564972,2015-08-31,12621
564975,2015-08-31,17097
564976,2015-08-31,17315
564995,2015-08-31,16780
565014,2015-08-31,16180
565056,2015-08-31,16278
565067,2015-08-31,15856
565080,2015-09-01,13509
565082,2015-09-01,13305
565083,2015-09-01,16187
565084,2015-09-01,17306
565086,2015-09-01,13631
565087,2015-09-01,13276
565088,2015-09-01,16145
565090,2015-09-01,17572
565091,2015-09-01,16011
565092,2015-09-01,14092
565093,2015-09-01,13408
565114,2015-09-01,13588
565115,2015-09-01,16880
565116,2015-09-01,13089
565117,2015-09-01,13089
565118,2015-09-01,15039
565119,2015-09-01,16722
565120,2015-09-01,15206
565121,2015-09-01,14239
565122,2015-09-01,13069
565123,2015-09-01,17949
565124,2015-09-01,12436
565125,2015-09-01,14217
565126,2015-09-01,17653
565127,2015-09-01,13147
565128,2015-09-01,15189
565129,2015-09-01,15719
565133,2015-09-01,13458
565139,2015-09-01,16422
565141,2015-09-01,17841
565142,2015-09-01,17386
565143,2015-09-01,17386
565144,2015-09-01,16456
565145,2015-09-01,12415
565146,2015-09-01,12415
565147,2015-09-01,16187
565149,2015-09-01,14414
565150,2015-09-01,14298
565151,2015-09-01,16923
565152,2015-09-01,17799
565153,2015-09-01,18241
565154,2015-09-01,13470
565155,2015-09-01,16672
565156,2015-09-01,13045
565157,2015-09-01,16168
565158,2015-09-01,17024
565181,2015-09-01,17381
565186,2015-09-01,17220
565192,2015-09-01,17220
565197,2015-09-01,13376
565198,2015-09-01,16729
565199,2015-09-01,18171
565200,2015-09-01,17576
565201,2015-09-01,14907
565202,2015-09-01,14482
565204,2015-09-01,15829
565205,2015-09-01,14735
565206,2015-09-01,12971
565207,2015-09-01,16764
565208,2015-09-01,18172
565209,2015-09-01,15910
565210,2015-09-01,17750
565211,2015-09-01,16638
565212,2015-09-01,12828
565213,2015-09-01,14911
565214,2015-09-01,14911
565216,2015-09-01,12971
565217,2015-09-01,13099
565218,2015-09-01,12739
565219,2015-09-01,14420
565220,2015-09-01,13437
565221,2015-09-01,16525
565222,2015-09-01,13629
565223,2015-09-01,15410
565224,2015-09-01,14713
565225,2015-09-01,16808
565226,2015-09-02,16992
565228,2015-09-02,16333
565230,2015-09-02,16705
565235,2015-09-02,13418
565236,2015-09-02,14276
565238,2015-09-02,16945
565239,2015-09-02,12670
565240,2015-09-02,17949
565241,2015-09-02,17949
565242,2015-09-02,14436
565243,2015-09-02,16735
565244,2015-09-02,16735
565245,2015-09-02,16678
565246,2015-09-02,12408
565247,2015-09-02,15864
565248,2015-09-02,15860
565249,2015-09-02,18027
565250,2015-09-02,13643
565251,2015-09-02,12748
565261,2015-09-02,12474
565285,2015-09-02,16013
565287,2015-09-02,12483
565289,2015-09-02,14911
565291,2015-09-02,18102
565292,2015-09-02,16102
565293,2015-09-02,17857
565295,2015-09-02,12794
565309,2015-09-02,15311
565311,2015-09-02,16210
565312,2015-09-02,14527
565315,2015-09-02,14019
565316,2015-09-02,15628
565317,2015-09-02,12921
565318,2015-09-02,12921
565320,2015-09-02,16745
565321,2015-09-02,12437
565322,2015-09-02,12437
565324,2015-09-02,13232
565325,2015-09-02,16086
565326,2015-09-02,16706
565327,2015-09-02,12832
565328,2015-09-02,14004
565329,2015-09-02,14606
565330,2015-09-02,16989
565331,2015-09-02,16674
565332,2015-09-02,13695
565333,2015-09-02,12375
565338,2015-09-02,14948
565350,2015-09-02,14178
565366,2015-09-02,17091
565367,2015-09-02,17091
565372,2015-09-02,17090
565377,2015-09-02,18087
565380,2015-09-02,14463
565381,2015-09-02,16173
565383,2015-09-02,14096
565384,2015-09-02,13507
565386,2015-09-02,17997
565387,2015-09-02,14560
565388,2015-09-02,14415
565397,2015-09-02,14171
565398,2015-09-02,15856
565399,2015-09-02,12748
565401,2015-09-02,16686
565404,2015-09-04,13434
565405,2015-09-04,14211
565406,2015-09-04,13804
565407,2015-09-04,16983
565408,2015-09-04,16813
565409,2015-09-04,16761
565410,2015-09-04,14691
565411,2015-09-04,13772
565412,2015-09-04,14156
565413,2015-09-04,18223
565414,2015-09-04,15046
565415,2015-09-04,14067
565416,2015-09-04,12710
565417,2015-09-04,15738
565418,2015-09-04,13576
565419,2015-09-04,13808
565420,2015-09-04,16326
565421,2015-09-04,16744
565423,2015-09-04,12569
565424,2015-09-04,15215
565426,2015-09-04,12851
565427,2015-09-04,17774
565429,2015-09-04,16434
565430,2015-09-04,14335
565431,2015-09-04,14965
565432,2015-09-04,16241
565433,2015-09-04,14965
565434,2015-09-04,12867
565435,2015-09-04,16241
565436,2015-09-04,14189
565437,2015-09-04,17050
565438,2015-09-04,17229
565439,2015-09-04,14852
565440,2015-09-04,12709
565441,2015-09-04,13240
565442,2015-09-04,12627
565443,2015-09-04,12567
565444,2015-09-04,17894
565445,2015-09-04,13548
565446,2015-09-04,16057
565447,2015-09-04,14107
565448,2015-09-04,16057
565449,2015-09-04,16057
565450,2015-09-04,17722
565451,2015-09-04,15365
565452,2015-09-04,15187
565453,2015-09-04,15136
565454,2015-09-04,17410
565456,2015-09-04,16629
565457,2015-09-05,14565
565458,2015-09-05,16523
565459,2015-09-05,16656
565460,2015-09-05,16843
565461,2015-09-05,18261
565462,2015-09-05,16551
565463,2015-09-05,13748
565464,2015-09-05,13748
565465,2015-09-05,15364
565466,2015-09-05,12422
565467,2015-09-05,14129
565468,2015-09-05,14129
565469,2015-09-05,17389
565470,2015-09-05,12576
565471,2015-09-05,13931
565472,2015-09-05,16255
565473,2015-09-05,16717
565474,2015-09-05,14156
565475,2015-09-05,14156
565476,2015-09-05,14156
565478,2015-09-05,15005
565479,2015-09-05,13999
565480,2015-09-05,18273
565481,2015-09-05,16891
565488,2015-09-05,15307
565491,2015-09-05,13881
565492,2015-09-05,13881
565513,2015-09-05,14401
565515,2015-09-05,17491
565519,2015-09-05,12502
565541,2015-09-05,14159
565542,2015-09-05,16820
565563,2015-09-05,14177
565565,2015-09-05,14534
565569,2015-09-05,14111
565577,2015-09-05,14177
565579,2015-09-05,18283
565580,2015-09-05,13851
565583,2015-09-05,12816
565584,2015-09-05,14243
565585,2015-09-05,16172
565586,2015-09-05,16172
565587,2015-09-05,12727
565588,2015-09-05,16918
565589,2015-09-05,17450
565590,2015-09-05,16029
565591,2015-09-05,16029
565592,2015-09-05,16029
565593,2015-09-05,17612
565594,2015-09-05,13510
565595,2015-09-05,13192
565596,2015-09-05,16444
565598,2015-09-05,14842
565610,2015-09-05,14849
565611,2015-09-05,14849
565612,2015-09-05,12616
565613,2015-09-05,13744
565614,2015-09-05,17309
565616,2015-09-05,15238
565618,2015-09-05,15974
565631,2015-09-05,14680
565643,2015-09-05,13468
565644,2015-09-05,15491
565648,2015-09-05,18196
565649,2015-09-05,16712
565664,2015-09-05,13211
565665,2015-09-05,15856
565667,2015-09-06,17449
565668,2015-09-06,15291
565669,2015-09-06,17560
565670,2015-09-06,14944
565672,2015-09-06,17700
565673,2015-09-06,14441
565674,2015-09-06,15271
565675,2015-09-06,15513
565676,2015-09-06,15513
565677,2015-09-06,15521
565678,2015-09-06,15521
565679,2015-09-06,15199
565680,2015-09-06,14560
565682,2015-09-06,14796
565684,2015-09-06,16455
565685,2015-09-06,15671
565723,2015-09-06,14408
565724,2015-09-06,16168
565725,2015-09-06,13949
565726,2015-09-06,14360
565727,2015-09-06,13158
565728,2015-09-06,17716
565729,2015-09-06,17716
565730,2015-09-06,14715
565731,2015-09-06,17716
565732,2015-09-06,17068
565733,2015-09-06,16359
565734,2015-09-06,17191
565735,2015-09-06,16904
565736,2015-09-06,13784
565737,2015-09-06,16400
565738,2015-09-06,14667
565740,2015-09-06,15189
565741,2015-09-06,15189
565747,2015-09-06,14239
565748,2015-09-06,14156
565749,2015-09-06,14156
565750,2015-09-06,14208
565751,2015-09-06,16393
565753,2015-09-06,13538
565754,2015-09-06,15462
565756,2015-09-06,18230
565757,2015-09-06,17339
565758,2015-09-06,16928
565759,2015-09-06,12720
565760,2015-09-06,12720
565763,2015-09-06,14739
565765,2015-09-06,12526
565766,2015-09-06,17841
565768,2015-09-06,14040
565769,2015-09-06,16175
565776,2015-09-06,15311
565777,2015-09-06,12569
565778,2015-09-06,17460
565779,2015-09-06,15804
565780,2015-09-06,13130
565781,2015-09-06,13098
565782,2015-09-06,12748
565783,2015-09-06,13122
565784,2015-09-06,15089
565785,2015-09-06,12461
565788,2015-09-07,13210
565790,2015-09-07,16767
565791,2015-09-07,16029
565792,2015-09-07,14397
565793,2015-09-07,16029
565794,2015-09-07,16029
565795,2015-09-07,17481
565796,2015-09-07,14916
565800,2015-09-07,14911
565801,2015-09-07,12685
565802,2015-09-07,17573
565803,2015-09-07,17735
565805,2015-09-07,18229
565806,2015-09-07,15594
565807,2015-09-07,14334
565808,2015-09-07,16843
565835,2015-09-07,14452
565836,2015-09-07,17511
565838,2015-09-07,15071
565839,2015-09-07,13186
565842,2015-09-07,13808
565844,2015-09-07,17442
565845,2015-09-07,14709
565846,2015-09-07,14606
565849,2015-09-07,14309
565850,2015-09-07,14530
565851,2015-09-07,14911
565853,2015-09-07,13756
565854,2015-09-07,12490
565855,2015-09-07,15114
565856,2015-09-07,17345
565857,2015-09-07,14911
565858,2015-09-07,17949
565859,2015-09-07,16818
565860,2015-09-07,12748
565861,2015-09-07,17368
565862,2015-09-07,15885
565863,2015-09-07,17422
565865,2015-09-07,12637
565870,2015-09-07,16828
565877,2015-09-07,15189
565901,2015-09-07,13798
565914,2015-09-07,18093
565915,2015-09-07,15752
565916,2015-09-07,14156
565918,2015-09-07,13249
565920,2015-09-08,15298
565921,2015-09-08,13889
565922,2015-09-08,14116
565923,2015-09-08,17567
565924,2015-09-08,13026
565926,2015-09-08,13305
565929,2015-09-08,15488
565930,2015-09-08,12685
565931,2015-09-08,12683
565932,2015-09-08,16418
565933,2015-09-08,15885
565934,2015-09-08,18222
565936,2015-09-08,15653
565937,2015-09-08,13468
565967,2015-09-08,14646
565971,2015-09-08,13571
565975,2015-09-08,14646
565990,2015-09-08,13577
565993,2015-09-08,13013
565994,2015-09-08,13244
565995,2015-09-08,16076
566001,2015-09-08,13700
566005,2015-09-08,16426
566006,2015-09-08,13018
566008,2015-09-08,16426
566009,2015-09-08,16076
566010,2015-09-08,13700
566013,2015-09-08,17004
566014,2015-09-08,14688
566015,2015-09-08,16426
566016,2015-09-08,15144
566017,2015-09-08,13330
566018,2015-09-08,13137
566019,2015-09-08,17243
566020,2015-09-08,13925
566021,2015-09-08,15306
566022,2015-09-08,13925
566023,2015-09-08,12955
566024,2015-09-08,13871
566025,2015-09-08,17634
566026,2015-09-08,15618
566027,2015-09-08,15618
566028,2015-09-08,13848
566033,2015-09-08,16031
566035,2015-09-08,12839
566037,2015-09-08,13249
566038,2015-09-08,14511
566039,2015-09-08,14223
566040,2015-09-08,12540
566041,2015-09-08,13814
566042,2015-09-08,17811
566043,2015-09-08,13769
566044,2015-09-08,13769
566045,2015-09-08,15400
566046,2015-09-08,12971
566047,2015-09-08,17370
566048,2015-09-08,16558
566049,2015-09-08,15730
566050,2015-09-08,13854
566051,2015-09-08,15198
566052,2015-09-08,13199
566053,2015-09-08,14410
566054,2015-09-08,12592
566055,2015-09-08,15453
566056,2015-09-08,14410
566057,2015-09-08,17997
566058,2015-09-08,16682
566059,2015-09-08,12569
566061,2015-09-08,13267
566062,2015-09-08,14522
566063,2015-09-08,16011
566073,2015-09-08,14562
566074,2015-09-09,12535
566075,2015-09-09,16173
566076,2015-09-09,12449
566077,2015-09-09,13441
566079,2015-09-09,17593
566080,2015-09-09,15187
566081,2015-09-09,16293
566082,2015-09-09,16293
566083,2015-09-09,13145
566085,2015-09-09,17841
566086,2015-09-09,14051
566087,2015-09-09,13319
566089,2015-09-09,14062
566091,2015-09-09,17870
566092,2015-09-09,13823
566094,2015-09-09,17965
566108,2015-09-09,16027
566115,2015-09-09,12674
566117,2015-09-09,17965
566123,2015-09-09,15039
566124,2015-09-09,16515
566162,2015-09-09,15249
566163,2015-09-09,12637
566169,2015-09-09,14414
566170,2015-09-09,12879
566171,2015-09-09,18118
566172,2015-09-09,17001
566173,2015-09-09,12787
566175,2015-09-09,18237
566178,2015-09-09,16353
566184,2015-09-09,16723
566186,2015-09-09,16603
566188,2015-09-09,14312
566189,2015-09-09,17800
566190,2015-09-09,12748
566191,2015-09-09,14388
566192,2015-09-09,14915
566193,2015-09-09,14961
566194,2015-09-09,14711
566195,2015-09-09,12433
566196,2015-09-09,14180
566198,2015-09-09,18109
566199,2015-09-09,14824
566200,2015-09-09,16910
566201,2015-09-09,15189
566202,2015-09-09,15652
566203,2015-09-09,16362
566204,2015-09-09,14628
566206,2015-09-09,16362
566207,2015-09-09,12830
566208,2015-09-09,16362
566213,2015-09-09,14895
566214,2015-09-09,14895
566215,2015-09-09,14895
566217,2015-09-09,14096
566218,2015-09-09,13079
566219,2015-09-09,17426
566220,2015-09-09,15251
566225,2015-09-11,16899
566226,2015-09-11,15605
566227,2015-09-11,14258
566228,2015-09-11,13408
566229,2015-09-11,13408
566230,2015-09-11,15159
566231,2015-09-11,14837
566232,2015-09-11,15159
566233,2015-09-11,12635
566234,2015-09-11,15035
566235,2015-09-11,15636
566236,2015-09-11,16384
566237,2015-09-11,13742
566238,2015-09-11,17377
566239,2015-09-11,14665
566240,2015-09-11,14508
566241,2015-09-11,15939
566242,2015-09-11,15502
566243,2015-09-11,15502
566244,2015-09-11,15502
566245,2015-09-11,13426
566246,2015-09-11,13941
566247,2015-09-11,16107
566248,2015-09-11,13272
566249,2015-09-11,13527
566250,2015-09-11,15587
566251,2015-09-11,12841
566253,2015-09-11,13527
566254,2015-09-11,13993
566255,2015-09-11,13324
566256,2015-09-11,12680
566257,2015-09-11,13324
566258,2015-09-11,13124
566259,2015-09-11,17317
566260,2015-09-11,14212
566261,2015-09-11,13372
566262,2015-09-11,15527
566264,2015-09-11,14606
566265,2015-09-11,18255
566266,2015-09-11,17299
566267,2015-09-11,12647
566268,2015-09-11,13813
566269,2015-09-11,17864
566270,2015-09-11,16523
566271,2015-09-11,14250
566272,2015-09-11,14487
566273,2015-09-11,14720
566274,2015-09-11,13884
566275,2015-09-11,16549
566276,2015-09-11,13450
566277,2015-09-11,16796
566278,2015-09-11,13614
566279,2015-09-11,14432
566281,2015-09-11,12748
566282,2015-09-11,15782
566283,2015-09-11,17838
566284,2015-09-11,14825
566285,2015-09-11,13611
566286,2015-09-11,14057
566287,2015-09-11,17218
566288,2015-09-11,12883
566289,2015-09-11,15601
566290,2015-09-11,14456
566291,2015-09-11,12965
566292,2015-09-11,13381
566293,2015-09-11,14533
566294,2015-09-11,15533
566295,2015-09-11,15547
566296,2015-09-11,17841
566297,2015-09-11,16794
566298,2015-09-11,14030
566299,2015-09-11,16871
566300,2015-09-11,18215
566301,2015-09-11,16474
566302,2015-09-11,16474
566303,2015-09-12,12997
566304,2015-09-12,18158
566305,2015-09-12,14110
566306,2015-09-12,13265
566307,2015-09-12,14307
566308,2015-09-12,15865
566309,2015-09-12,14307
566310,2015-09-12,15980
566311,2015-09-12,15980
566312,2015-09-12,16150
566314,2015-09-12,15358
566315,2015-09-12,15392
566317,2015-09-12,13375
566318,2015-09-12,15971
566319,2015-09-12,13431
566320,2015-09-12,13983
566321,2015-09-12,17961
566322,2015-09-12,16209
566326,2015-09-12,16211
566328,2015-09-12,13743
566329,2015-09-12,14527
566334,2015-09-12,13798
566345,2015-09-12,17685
566361,2015-09-12,15253
566364,2015-09-12,15253
566393,2015-09-12,13269
566394,2015-09-12,13650
566395,2015-09-12,14952
566396,2015-09-12,14292
566397,2015-09-12,17811
566398,2015-09-12,12884
566399,2015-09-12,16141
566400,2015-09-12,17139
566402,2015-09-12,14997
566403,2015-09-12,16985
566405,2015-09-12,17919
566408,2015-09-12,16984
566420,2015-09-12,16360
566421,2015-09-12,12924
566422,2015-09-12,13064
566424,2015-09-12,13309
566425,2015-09-12,16458
566426,2015-09-12,17865
566427,2015-09-12,17433
566428,2015-09-12,15932
566429,2015-09-12,17865
566430,2015-09-12,16475
566431,2015-09-12,18180
566432,2015-09-12,13704
566433,2015-09-12,16839
566434,2015-09-12,17090
566435,2015-09-12,13854
566438,2015-09-12,15996
566439,2015-09-12,17656
566440,2015-09-12,15755
566441,2015-09-12,17719
566442,2015-09-12,14732
566443,2015-09-12,17071
566444,2015-09-12,14020
566447,2015-09-12,12989
566448,2015-09-12,14897
566450,2015-09-12,15673
566451,2015-09-12,18069
566452,2015-09-12,14901
566453,2015-09-12,17811
566455,2015-09-12,14500
566465,2015-09-12,15764
566477,2015-09-13,14359
566479,2015-09-13,13831
566480,2015-09-13,16451
566481,2015-09-13,15769
566482,2015-09-13,16609
566483,2015-09-13,13880
566484,2015-09-13,13880
566485,2015-09-13,13880
566486,2015-09-13,16098
566487,2015-09-13,16422
566488,2015-09-13,12940
566489,2015-09-13,16814
566491,2015-09-13,14060
566492,2015-09-13,12679
566494,2015-09-13,17404
566495,2015-09-13,15529
566518,2015-09-13,17779
566520,2015-09-13,17757
566537,2015-09-13,13767
566539,2015-09-13,17228
566554,2015-09-13,13136
566555,2015-09-13,15216
566556,2015-09-13,16353
566557,2015-09-13,14646
566558,2015-09-13,15311
566559,2015-09-13,18044
566560,2015-09-13,17092
566561,2015-09-13,18145
566562,2015-09-13,17365
566563,2015-09-13,12909
566564,2015-09-13,15522
566566,2015-09-13,14096
566567,2015-09-13,16161
566571,2015-09-13,17037
566572,2015-09-13,13488
566575,2015-09-13,17133
566576,2015-09-13,13098
566580,2015-09-13,12822
566581,2015-09-13,16081
566582,2015-09-13,13384
566583,2015-09-13,15343
566585,2015-09-13,16409
566586,2015-09-13,12619
566587,2015-09-13,14132
566588,2015-09-13,17562
566589,2015-09-13,14753
566590,2015-09-13,14032
566591,2015-09-13,16036
566592,2015-09-13,15201
566594,2015-09-13,16959
566595,2015-09-13,18251
566596,2015-09-13,14163
566597,2015-09-13,14194
566598,2015-09-13,12664
566599,2015-09-13,15998
566600,2015-09-13,13704
566601,2015-09-13,16469
566604,2015-09-13,16279
566605,2015-09-13,13263
566606,2015-09-13,15194
566607,2015-09-13,13032
566610,2015-09-13,17961
566612,2015-09-13,16229
566616,2015-09-14,12895
566617,2015-09-14,18092
566618,2015-09-14,17640
566619,2015-09-14,13798
566620,2015-09-14,13588
566621,2015-09-14,15845
566622,2015-09-14,13860
566623,2015-09-14,12756
566624,2015-09-14,17315
566625,2015-09-14,14911
566627,2015-09-14,18229
566628,2015-09-14,12971
566629,2015-09-14,15622
566630,2015-09-14,12971
566631,2015-09-14,15622
566632,2015-09-14,15622
566633,2015-09-14,17193
566634,2015-09-14,13183
566647,2015-09-14,18001
566648,2015-09-14,14198
566649,2015-09-14,18173
566667,2015-09-14,14660
566668,2015-09-14,18065
566669,2015-09-14,18065
566670,2015-09-14,18065
566673,2015-09-14,17728
566674,2015-09-14,15105
566675,2015-09-14,15105
566694,2015-09-14,16401
566705,2015-09-14,13552
566707,2015-09-14,13552
566708,2015-09-14,13078
566709,2015-09-14,16745
566713,2015-09-14,15933
566717,2015-09-14,17841
566718,2015-09-14,15854
566719,2015-09-14,15081
566720,2015-09-14,13634
566721,2015-09-14,12921
566722,2015-09-14,13408
566723,2015-09-14,15804
566724,2015-09-14,14284
566726,2015-09-14,15021
566727,2015-09-14,17347
566728,2015-09-14,15841
566729,2015-09-14,14562
566730,2015-09-14,14606
566731,2015-09-14,17883
566732,2015-09-14,17716
566733,2015-09-14,15103
566734,2015-09-14,16910
566735,2015-09-14,15707
566736,2015-09-14,12726
566737,2015-09-14,13430
566738,2015-09-14,14110
566739,2015-09-14,12566
566740,2015-09-14,17033
566744,2015-09-14,14177
566746,2015-09-14,13321
566747,2015-09-14,16928
566750,2015-09-14,15380
566755,2015-09-14,13877
566756,2015-09-14,12457
566759,2015-09-14,16210
566760,2015-09-14,15272
566769,2015-09-15,18211
566770,2015-09-15,15304
566771,2015-09-15,15322
566772,2015-09-15,13107
566773,2015-09-15,12444
566774,2015-09-15,12921
566776,2015-09-15,14911
566778,2015-09-15,17961
566781,2015-09-15,17333
566783,2015-09-15,13539
566786,2015-09-15,13518
566788,2015-09-15,14306
566789,2015-09-15,13134
566790,2015-09-15,17679
566816,2015-09-15,12731
566817,2015-09-15,16160
566818,2015-09-15,13104
566819,2015-09-15,17214
566821,2015-09-15,14227
566822,2015-09-15,17677
566823,2015-09-15,14227
566829,2015-09-15,14608
566833,2015-09-15,17865
566846,2015-09-15,14911
566847,2015-09-15,15005
566848,2015-09-15,18172
566849,2015-09-15,16341
566850,2015-09-15,13662
566851,2015-09-15,15573
566860,2015-09-15,17002
566861,2015-09-15,12748
566862,2015-09-15,13018
566863,2015-09-15,13018
566864,2015-09-15,17786
566865,2015-09-15,14735
566866,2015-09-15,13694
566867,2015-09-15,13694
566868,2015-09-15,14595
566869,2015-09-15,13658
566870,2015-09-15,13658
566871,2015-09-15,17047
566872,2015-09-15,16729
566873,2015-09-15,12682
566875,2015-09-15,17669
566891,2015-09-15,14894
566901,2015-09-15,17434
566904,2015-09-15,15660
566912,2015-09-15,14367
566913,2015-09-15,17602
566914,2015-09-15,15466
566915,2015-09-15,16945
566916,2015-09-15,12457
566917,2015-09-15,18259
566918,2015-09-15,12722
566921,2015-09-15,17898
566922,2015-09-15,16156
566923,2015-09-15,15511
566926,2015-09-15,17402
566927,2015-09-15,17846
566928,2015-09-15,16189
566929,2015-09-15,17428
566930,2015-09-15,15417
566931,2015-09-15,18102
566932,2015-09-15,17576
566933,2015-09-15,18102
566934,2015-09-15,18102
566935,2015-09-15,18102
566936,2015-09-15,18102
566937,2015-09-15,12995
566938,2015-09-15,14557
566950,2015-09-15,17594
566951,2015-09-15,17293
566954,2015-09-15,15804
566959,2015-09-15,17530
566962,2015-09-15,16764
566964,2015-09-15,17573
566967,2015-09-15,16746
566968,2015-09-15,16350
566969,2015-09-15,15205
566971,2015-09-16,12963
566972,2015-09-16,16573
566973,2015-09-16,15152
566974,2015-09-16,13599
566975,2015-09-16,13599
566976,2015-09-16,15382
566979,2015-09-16,13141
566980,2015-09-16,15498
566981,2015-09-16,15498
566984,2015-09-16,12471
566987,2015-09-16,12476
566988,2015-09-16,16709
567043,2015-09-16,13268
567062,2015-09-16,16108
567066,2015-09-16,13418
567074,2015-09-16,17068
567076,2015-09-16,15505
567077,2015-09-16,18122
567085,2015-09-16,12434
567092,2015-09-16,13196
567093,2015-09-16,17144
567094,2015-09-16,16924
567095,2015-09-16,17049
567096,2015-09-16,15099
567097,2015-09-16,13323
567099,2015-09-16,15311
567102,2015-09-16,14124
567104,2015-09-16,15975
567111,2015-09-16,17663
567124,2015-09-16,15240
567126,2015-09-16,17238
567128,2015-09-16,18055
567134,2015-09-16,12600
567138,2015-09-16,17652
567139,2015-09-16,13563
567140,2015-09-16,15410
567141,2015-09-16,17370
567142,2015-09-16,14262
567144,2015-09-16,12871
567145,2015-09-16,12921
567148,2015-09-16,18225
567153,2015-09-16,14056
567154,2015-09-16,15523
567156,2015-09-16,14462
567157,2015-09-16,12748
567158,2015-09-16,16878
567159,2015-09-18,15465
567160,2015-09-18,14562
567161,2015-09-18,15947
567162,2015-09-18,16525
567163,2015-09-18,13247
567164,2015-09-18,14487
567165,2015-09-18,17841
567166,2015-09-18,13078
567167,2015-09-18,15547
567168,2015-09-18,14878
567169,2015-09-18,14487
567170,2015-09-18,13566
567171,2015-09-18,17677
567172,2015-09-18,18194
567173,2015-09-18,16689
567174,2015-09-18,16438
567175,2015-09-18,13067
567176,2015-09-18,15533
567178,2015-09-18,17858
567179,2015-09-18,15547
567180,2015-09-18,17802
567181,2015-09-18,17750
567182,2015-09-18,13334
567183,2015-09-18,14769
567184,2015-09-18,16033
567185,2015-09-18,16370
567186,2015-09-18,17073
567188,2015-09-19,12457
567189,2015-09-19,17069
567190,2015-09-19,18226
567191,2015-09-19,12562
567192,2015-09-19,17961
567193,2015-09-19,18094
567194,2015-09-19,18094
567195,2015-09-19,17451
567196,2015-09-19,12379
567197,2015-09-19,14934
567199,2015-09-19,17058
567200,2015-09-19,16460
567202,2015-09-19,13325
567203,2015-09-19,16080
567204,2015-09-19,15365
567205,2015-09-19,15365
567206,2015-09-19,13562
567211,2015-09-19,14159
567213,2015-09-19,14684
567236,2015-09-19,14735
567239,2015-09-19,14735
567252,2015-09-19,13695
567280,2015-09-19,14646
567287,2015-09-19,18232
567288,2015-09-19,16906
567290,2015-09-19,14646
567291,2015-09-19,12527
567292,2015-09-19,14606
567293,2015-09-19,12640
567294,2015-09-19,13774
567295,2015-09-19,17490
567296,2015-09-19,12682
567297,2015-09-19,15594
567298,2015-09-19,12497
567299,2015-09-19,13524
567300,2015-09-19,12724
567302,2015-09-19,15058
567303,2015-09-19,17613
567304,2015-09-19,14704
567305,2015-09-19,12621
567306,2015-09-19,12752
567307,2015-09-19,15078
567308,2015-09-19,16422
567309,2015-09-19,12901
567310,2015-09-19,15504
567311,2015-09-19,13777
567312,2015-09-19,15500
567313,2015-09-19,15675
567323,2015-09-19,17557
567324,2015-09-19,12879
567325,2015-09-19,13228
567326,2015-09-19,14290
567327,2015-09-19,13102
567328,2015-09-19,14356
567329,2015-09-19,13416
567333,2015-09-19,14282
567334,2015-09-19,14911
567336,2015-09-19,12621
567338,2015-09-19,14146
567339,2015-09-19,14146
567340,2015-09-19,12540
567341,2015-09-19,14961
567342,2015-09-19,16235
567343,2015-09-19,17628
567344,2015-09-19,13704
567346,2015-09-19,13767
567354,2015-09-19,18017
567356,2015-09-19,16527
567362,2015-09-19,17848
567368,2015-09-20,17147
567369,2015-09-20,17527
567370,2015-09-20,14236
567372,2015-09-20,14191
567373,2015-09-20,16700
567374,2015-09-20,15341
567375,2015-09-20,14766
567376,2015-09-20,13767
567377,2015-09-20,17450
567378,2015-09-20,14911
567379,2015-09-20,13089
567380,2015-09-20,12620
567381,2015-09-20,17450
567382,2015-09-20,16215
567383,2015-09-20,18180
567384,2015-09-20,17450
567385,2015-09-20,14866
567386,2015-09-20,17863
567387,2015-09-20,17450
567408,2015-09-20,14201
567423,2015-09-20,17450
567424,2015-09-20,16369
567425,2015-09-20,13767
567426,2015-09-20,13767
567428,2015-09-20,14911
567429,2015-09-20,17686
567453,2015-09-20,17450
567454,2015-09-20,15839
567455,2015-09-20,16029
567456,2015-09-20,16029
567457,2015-09-20,14164
567458,2015-09-20,17450
567459,2015-09-20,14221
567460,2015-09-20,15888
567462,2015-09-20,14446
567470,2015-09-20,16624
567472,2015-09-20,15039
567473,2015-09-20,17841
567474,2015-09-20,13448
567475,2015-09-20,16360
567476,2015-09-20,14859
567477,2015-09-20,16327
567478,2015-09-20,12584
567480,2015-09-20,17450
567481,2015-09-20,16777
567482,2015-09-20,16464
567483,2015-09-20,16584
567484,2015-09-20,17340
567485,2015-09-20,15026
567486,2015-09-20,17340
567487,2015-09-20,17340
567488,2015-09-20,17564
567489,2015-09-20,18135
567504,2015-09-20,13356
567505,2015-09-20,12352
567506,2015-09-20,13038
567508,2015-09-20,17724
567509,2015-09-20,14298
567510,2015-09-20,14298
567511,2015-09-20,13094
567512,2015-09-20,12720
567513,2015-09-20,14401
567514,2015-09-20,16928
567515,2015-09-20,16839
567516,2015-09-20,13138
567517,2015-09-20,14211
567522,2015-09-20,17873
567523,2015-09-21,17034
567524,2015-09-21,15696
567525,2015-09-21,18241
567526,2015-09-21,12435
567528,2015-09-21,14356
567529,2015-09-21,18236
567530,2015-09-21,12390
567531,2015-09-21,14397
567533,2015-09-21,17651
567537,2015-09-21,16656
567542,2015-09-21,16626
567545,2015-09-21,13155
567546,2015-09-21,16525
567552,2015-09-21,12583
567578,2015-09-21,12701
567579,2015-09-21,18228
567580,2015-09-21,16493
567610,2015-09-21,17511
567611,2015-09-21,16076
567612,2015-09-21,17164
567613,2015-09-21,13908
567614,2015-09-21,16103
567615,2015-09-21,13316
567616,2015-09-21,14911
567617,2015-09-21,15140
567618,2015-09-21,12721
567619,2015-09-21,15203
567621,2015-09-21,16016
567622,2015-09-21,14527
567623,2015-09-21,17415
567625,2015-09-21,13627
567626,2015-09-21,15311
567628,2015-09-21,14060
567630,2015-09-21,15737
567631,2015-09-21,13350
567632,2015-09-21,13946
567633,2015-09-21,12939
567634,2015-09-21,12939
567635,2015-09-21,16523
567636,2015-09-21,16358
567637,2015-09-21,17865
567638,2015-09-21,17865
567639,2015-09-21,15290
567640,2015-09-21,12604
567642,2015-09-21,12409
567644,2015-09-21,16989
567653,2015-09-21,12550
567654,2015-09-21,16627
567656,2015-09-21,14096
567657,2015-09-21,12523
567658,2015-09-21,14428
567659,2015-09-21,17475
567660,2015-09-21,17731
567661,2015-09-21,13959
567662,2015-09-21,17758
567663,2015-09-21,14951
567664,2015-09-21,14780
567666,2015-09-21,12520
567669,2015-09-21,14887
567672,2015-09-21,16085
567675,2015-09-21,15351
567676,2015-09-21,15114
567678,2015-09-21,15399
567679,2015-09-21,14606
567683,2015-09-21,13704
567687,2015-09-21,17888
567692,2015-09-21,17997
567697,2015-09-22,16558
567698,2015-09-22,13529
567699,2015-09-22,17466
567700,2015-09-22,16379
567701,2015-09-22,17172
567702,2015-09-22,15810
567707,2015-09-22,14676
567709,2015-09-22,15239
567710,2015-09-22,16213
567711,2015-09-22,15603
567718,2015-09-22,17730
567720,2015-09-22,14911
567721,2015-09-22,12409
567742,2015-09-22,14261
567747,2015-09-22,18102
567756,2015-09-22,12678
567768,2015-09-22,15950
567785,2015-09-22,18102
567792,2015-09-22,17581
567793,2015-09-22,12657
567794,2015-09-22,17581
567795,2015-09-22,14646
567796,2015-09-22,16395
567797,2015-09-22,16735
567798,2015-09-22,13089
567799,2015-09-22,13089
567800,2015-09-22,13089
567801,2015-09-22,13089
567802,2015-09-22,14299
567803,2015-09-22,18102
567804,2015-09-22,17920
567805,2015-09-22,12854
567806,2015-09-22,18102
567807,2015-09-22,17027
567808,2015-09-22,17027
567809,2015-09-22,13804
567816,2015-09-22,17243
567817,2015-09-22,15005
567818,2015-09-22,14395
567819,2015-09-22,14004
567821,2015-09-22,14659
567822,2015-09-22,17644
567823,2015-09-22,12910
567824,2015-09-22,12739
567826,2015-09-22,12877
567846,2015-09-22,13486
567849,2015-09-22,15571
567850,2015-09-22,15067
567851,2015-09-22,15067
567852,2015-09-22,18102
567853,2015-09-22,15484
567854,2015-09-22,14038
567855,2015-09-22,13220
567856,2015-09-22,14077
567858,2015-09-22,16813
567859,2015-09-22,12936
567860,2015-09-22,18102
567864,2015-09-22,16236
567865,2015-09-22,17311
567866,2015-09-22,16669
567868,2015-09-22,17603
567869,2015-09-22,16669
567873,2015-09-22,13055
567874,2015-09-22,13055
567875,2015-09-22,16348
567878,2015-09-22,16910
567879,2015-09-22,16161
567880,2015-09-22,15398
567881,2015-09-22,15640
567882,2015-09-22,12906
567883,2015-09-22,12906
567886,2015-09-22,12930
567887,2015-09-22,15237
567888,2015-09-22,17079
567889,2015-09-22,16633
567890,2015-09-22,14125
567892,2015-09-22,15394
567893,2015-09-22,17163
567894,2015-09-22,16389
567895,2015-09-22,13777
567897,2015-09-22,12364
567898,2015-09-22,13394
567899,2015-09-22,14911
567900,2015-09-22,14911
567904,2015-09-22,12609
567905,2015-09-22,12952
567906,2015-09-22,14113
567907,2015-09-22,18172
567908,2015-09-22,18172
567909,2015-09-22,13012
567910,2015-09-22,12437
567911,2015-09-22,14854
567912,2015-09-22,15555
567913,2015-09-22,18144
567914,2015-09-22,12647
567915,2015-09-22,12579
567917,2015-09-22,14298
567922,2015-09-22,13279
567924,2015-09-22,12471
567928,2015-09-22,12380
567929,2015-09-22,12425
567934,2015-09-22,16173
567935,2015-09-22,13320
567936,2015-09-22,15194
567937,2015-09-22,14147
567938,2015-09-22,12704
567939,2015-09-22,16715
567941,2015-09-22,13519
567942,2015-09-22,15804
567943,2015-09-22,14702
567944,2015-09-22,14562
567951,2015-09-23,17069
567954,2015-09-23,13004
567957,2015-09-23,16136
567958,2015-09-23,12619
567959,2015-09-23,12516
567960,2015-09-23,13777
567962,2015-09-23,15838
567966,2015-09-23,16782
567967,2015-09-23,15858
567968,2015-09-23,12546
567969,2015-09-23,15744
567970,2015-09-23,18041
567971,2015-09-23,16681
567972,2015-09-23,13949
567973,2015-09-23,13994
567975,2015-09-23,17416
567976,2015-09-23,13127
567977,2015-09-23,17388
567979,2015-09-23,14215
567980,2015-09-23,15311
567983,2015-09-23,15714
568001,2015-09-23,12540
568013,2015-09-23,17480
568040,2015-09-23,12681
568044,2015-09-23,15763
568046,2015-09-23,18118
568047,2015-09-23,15075
568048,2015-09-23,14911
568049,2015-09-23,17841
568050,2015-09-23,15901
568051,2015-09-23,18189
568054,2015-09-23,16978
568056,2015-09-23,12705
568058,2015-09-23,18188
568059,2015-09-23,13097
568060,2015-09-23,14546
568061,2015-09-23,16910
568062,2015-09-23,14014
568063,2015-09-23,15981
568064,2015-09-23,14880
568065,2015-09-23,16240
568066,2015-09-23,14529
568069,2015-09-23,13336
568070,2015-09-23,16128
568075,2015-09-23,14652
568082,2015-09-23,14944
568083,2015-09-23,15903
568086,2015-09-23,14944
568094,2015-09-23,15807
568095,2015-09-23,14911
568098,2015-09-23,15762
568099,2015-09-23,15916
568100,2015-09-23,15475
568101,2015-09-23,15978
568103,2015-09-23,12518
568104,2015-09-23,16485
568131,2015-09-23,16872
568132,2015-09-23,15549
568136,2015-09-25,13630
568137,2015-09-25,12488
568139,2015-09-25,13083
568140,2015-09-25,17411
568141,2015-09-25,16326
568142,2015-09-25,16744
568143,2015-09-25,13266
568144,2015-09-25,14005
568145,2015-09-25,12388
568146,2015-09-25,16169
568147,2015-09-25,15044
568148,2015-09-25,14135
568149,2015-09-25,14285
568150,2015-09-25,16689
568151,2015-09-25,17506
568152,2015-09-25,16480
568153,2015-09-25,17716
568154,2015-09-25,13787
568155,2015-09-25,17006
568156,2015-09-25,14367
568158,2015-09-25,16133
568159,2015-09-25,17719
568160,2015-09-25,17498
568161,2015-09-25,15860
568162,2015-09-25,14194
568163,2015-09-25,14540
568164,2015-09-25,14561
568165,2015-09-25,17131
568166,2015-09-25,14800
568167,2015-09-25,15706
568168,2015-09-25,15799
568169,2015-09-25,14152
568170,2015-09-25,16931
568171,2015-09-25,15312
568172,2015-09-25,12348
568173,2015-09-25,16187
568174,2015-09-25,16261
568175,2015-09-25,14820
568176,2015-09-25,12685
568177,2015-09-25,13536
568178,2015-09-25,18155
568179,2015-09-25,12545
568180,2015-09-25,15429
568181,2015-09-25,17154
568182,2015-09-25,13079
568183,2015-09-25,13991
568185,2015-09-25,16594
568186,2015-09-25,17837
568187,2015-09-25,13408
568188,2015-09-25,16049
568189,2015-09-25,14757
568190,2015-09-25,16342
568191,2015-09-25,16655
568192,2015-09-25,14235
568193,2015-09-25,17107
568194,2015-09-25,16008
568195,2015-09-25,13408
568196,2015-09-25,16705
568197,2015-09-25,16746
568198,2015-09-25,16771
568199,2015-09-25,17315
568200,2015-09-25,16198
568201,2015-09-25,14712
568202,2015-09-25,15366
568203,2015-09-25,13435
568204,2015-09-25,13670
568205,2015-09-25,18066
568206,2015-09-25,14806
568207,2015-09-25,15150
568208,2015-09-25,12783
568209,2015-09-25,13089
568210,2015-09-25,17159
568211,2015-09-25,13429
568212,2015-09-25,15154
568213,2015-09-25,15214
568214,2015-09-26,12823
568215,2015-09-26,13390
568216,2015-09-26,16168
568218,2015-09-26,13389
568219,2015-09-26,13468
568220,2015-09-26,15626
568221,2015-09-26,14911
568222,2015-09-26,16603
568223,2015-09-26,12412
568224,2015-09-26,17377
568225,2015-09-26,13014
568226,2015-09-26,16719
568227,2015-09-26,17841
568228,2015-09-26,15358
568229,2015-09-26,15358
568230,2015-09-26,12925
568231,2015-09-26,14808
568234,2015-09-26,17705
568235,2015-09-26,13410
568236,2015-09-26,12820
568238,2015-09-26,13927
568239,2015-09-26,18205
568241,2015-09-26,15218
568242,2015-09-26,14931
568243,2015-09-26,14217
568245,2015-09-26,13867
568301,2015-09-26,16383
568310,2015-09-26,14911
568311,2015-09-26,17287
568312,2015-09-26,18241
568313,2015-09-26,14908
568314,2015-09-26,14387
568315,2015-09-26,16705
568316,2015-09-26,16407
568317,2015-09-26,17491
568318,2015-09-26,13233
568319,2015-09-26,17389
568320,2015-09-26,17674
568321,2015-09-26,13639
568322,2015-09-26,15958
568323,2015-09-26,15078
568324,2015-09-26,16778
568325,2015-09-26,14667
568326,2015-09-26,13200
568327,2015-09-26,15492
568328,2015-09-26,18016
568329,2015-09-26,15243
568330,2015-09-26,16468
568331,2015-09-26,16600
568332,2015-09-26,13434
568333,2015-09-26,15344
568340,2015-09-26,13866
568342,2015-09-26,14473
568343,2015-09-26,16839
568344,2015-09-26,16531
568346,2015-09-26,14096
568350,2015-09-26,12612
568364,2015-09-26,16999
568366,2015-09-26,14217
568367,2015-09-26,15755
568368,2015-09-26,17997
568369,2015-09-26,16710
568374,2015-09-26,12748
568375,2015-09-26,13405
568376,2015-09-26,14031
568378,2015-09-27,13035
568379,2015-09-27,16626
568380,2015-09-27,18008
568381,2015-09-27,14321
568382,2015-09-27,13499
568383,2015-09-27,13514
568384,2015-09-27,12748
568387,2015-09-27,13704
568389,2015-09-27,12971
568390,2015-09-27,17811
568392,2015-09-27,14272
568391,2015-09-27,17788
568393,2015-09-27,15754
568394,2015-09-27,13314
568396,2015-09-27,16462
568397,2015-09-27,15745
568398,2015-09-27,14543
568399,2015-09-27,16145
568400,2015-09-27,13644
568402,2015-09-27,16629
568409,2015-09-27,15701
568413,2015-09-27,14818
568414,2015-09-27,14901
568415,2015-09-27,15150
568417,2015-09-27,14911
568423,2015-09-27,17061
568428,2015-09-27,14419
568458,2015-09-27,13384
568460,2015-09-27,13384
568469,2015-09-27,14141
568471,2015-09-27,17805
568472,2015-09-27,12517
568480,2015-09-27,17490
568485,2015-09-27,17511
568491,2015-09-27,15443
568492,2015-09-27,18278
568493,2015-09-27,12987
568494,2015-09-27,16266
568495,2015-09-27,14755
568505,2015-09-27,15311
568509,2015-09-27,16422
568510,2015-09-27,13555
568511,2015-09-27,16422
568512,2015-09-27,14101
568513,2015-09-27,13555
568515,2015-09-27,14466
568517,2015-09-27,14456
568518,2015-09-27,12680
568519,2015-09-27,16607
568526,2015-09-27,17656
568527,2015-09-27,13178
568528,2015-09-27,13979
568529,2015-09-27,16181
568530,2015-09-27,17591
568531,2015-09-27,16713
568533,2015-09-27,15061
568535,2015-09-27,15241
568536,2015-09-27,15061
568537,2015-09-27,15061
568538,2015-09-27,15061
568539,2015-09-27,13016
568540,2015-09-27,13016
568541,2015-09-27,14047
568542,2015-09-27,16750
568547,2015-09-27,15568
568549,2015-09-27,13950
568550,2015-09-27,14883
568551,2015-09-27,14883
568552,2015-09-27,14824
568553,2015-09-27,15674
568554,2015-09-27,12455
568555,2015-09-27,16122
568556,2015-09-27,15827
568558,2015-09-27,16354
568564,2015-09-27,17576
568566,2015-09-27,17609
568568,2015-09-28,14412
568569,2015-09-28,17857
568574,2015-09-28,13862
568576,2015-09-28,17017
568577,2015-09-28,15301
568578,2015-09-28,15301
568583,2015-09-28,15584
568585,2015-09-28,17370
568586,2015-09-28,16119
568588,2015-09-28,14109
568589,2015-09-28,17405
568590,2015-09-28,13126
568591,2015-09-28,17088
568592,2015-09-28,17469
568593,2015-09-28,13988
568594,2015-09-28,13397
568595,2015-09-28,16681
568614,2015-09-28,13515
568645,2015-09-28,12656
568647,2015-09-28,16157
568648,2015-09-28,16672
568650,2015-09-28,13505
568651,2015-09-28,12362
568652,2015-09-28,15841
568653,2015-09-28,13798
568654,2015-09-28,14911
568655,2015-09-28,17611
568656,2015-09-28,14911
568657,2015-09-28,16460
568658,2015-09-28,18242
568659,2015-09-28,13516
568660,2015-09-28,15134
568661,2015-09-28,18109
568662,2015-09-28,16764
568663,2015-09-28,14440
568665,2015-09-28,13018
568666,2015-09-28,14609
568667,2015-09-28,14606
568668,2015-09-28,15750
568669,2015-09-28,13488
568670,2015-09-28,14978
568671,2015-09-28,13139
568672,2015-09-28,15348
568673,2015-09-28,16182
568674,2015-09-28,12708
568675,2015-09-28,14298
568676,2015-09-28,18242
568680,2015-09-28,18265
568685,2015-09-28,16394
568686,2015-09-28,16115
568687,2015-09-28,16321
568688,2015-09-28,16458
568690,2015-09-28,16332
568692,2015-09-28,13901
568695,2015-09-28,16321
568696,2015-09-28,13842
568697,2015-09-28,16281
568698,2015-09-28,14911
568699,2015-09-28,12352
568700,2015-09-28,16690
568701,2015-09-28,13924
568702,2015-09-28,17950
568703,2015-09-28,12748
568704,2015-09-28,13321
568705,2015-09-28,14434
568706,2015-09-28,14911
568707,2015-09-28,14911
568708,2015-09-28,12393
568709,2015-09-28,15036
568710,2015-09-28,14649
568711,2015-09-28,14947
568712,2015-09-28,17841
568713,2015-09-28,13061
568715,2015-09-28,17783
568717,2015-09-28,18102
568718,2015-09-28,18102
568726,2015-09-28,16775
568727,2015-09-28,15796
568728,2015-09-28,17513
568729,2015-09-28,16909
568780,2015-09-29,18235
568781,2015-09-29,14952
568782,2015-09-29,13985
568783,2015-09-29,17739
568784,2015-09-29,15144
568785,2015-09-29,16929
568786,2015-09-29,15144
568787,2015-09-29,13741
568788,2015-09-29,17894
568789,2015-09-29,14522
568790,2015-09-29,14062
568791,2015-09-29,16650
568792,2015-09-29,18192
568793,2015-09-29,16011
568794,2015-09-29,17447
568795,2015-09-29,17870
568797,2015-09-29,13694
568798,2015-09-29,12615
568800,2015-09-29,14868
568801,2015-09-29,14475
568802,2015-09-29,14834
568803,2015-09-29,15030
568804,2015-09-29,17819
568805,2015-09-29,12826
568819,2015-09-29,17427
568828,2015-09-29,15175
568829,2015-09-29,17633
568831,2015-09-29,16059
568833,2015-09-29,17348
568868,2015-09-29,12957
568869,2015-09-29,12957
568870,2015-09-29,17930
568872,2015-09-29,12372
568873,2015-09-29,14188
568874,2015-09-29,14524
568875,2015-09-29,14527
568876,2015-09-29,13881
568877,2015-09-29,14680
568878,2015-09-29,14524
568880,2015-09-29,14524
568881,2015-09-29,13960
568882,2015-09-29,12839
568883,2015-09-29,18198
568893,2015-09-29,15712
568894,2015-09-29,17528
568895,2015-09-29,15356
568896,2015-09-29,16361
568897,2015-09-29,13886
568898,2015-09-29,13354
568900,2015-09-29,13647
568901,2015-09-29,15050
568902,2015-09-29,13503
568904,2015-09-29,14691
568905,2015-09-29,14691
568906,2015-09-29,14681
568907,2015-09-29,15370
568908,2015-09-29,16653
568909,2015-09-29,16818
568910,2015-09-29,16574
568912,2015-09-29,17528
568913,2015-09-29,15050
568915,2015-09-29,14948
568916,2015-09-29,15452
568917,2015-09-29,15955
568918,2015-09-29,15955
568919,2015-09-29,12937
568921,2015-09-29,17373
568938,2015-09-29,17220
568943,2015-09-29,17306
568944,2015-09-29,16589
568945,2015-09-29,14239
568947,2015-09-29,14696
568950,2015-09-29,12458
568951,2015-09-29,17724
568952,2015-09-29,14305
568953,2015-09-29,12728
568954,2015-09-29,13576
568955,2015-09-29,13759
568966,2015-09-29,14681
568984,2015-09-29,17813
568987,2015-09-29,12709
568988,2015-09-29,12718
568989,2015-09-29,14709
568990,2015-09-29,15933
568991,2015-09-29,18204
568992,2015-09-29,17218
568993,2015-09-29,15062
568994,2015-09-29,12598
568995,2015-09-29,16779
568996,2015-09-29,13131
568997,2015-09-29,16233
568998,2015-09-29,17905
568999,2015-09-29,15949
569000,2015-09-29,17015
569001,2015-09-29,12703
569002,2015-09-29,17572
569003,2015-09-29,13364
569004,2015-09-29,14409
569005,2015-09-29,16268
569006,2015-09-29,16268
569007,2015-09-29,17552
569008,2015-09-29,15114
569009,2015-09-29,15984
569010,2015-09-30,14156
569011,2015-09-30,14655
569012,2015-09-30,15187
569013,2015-09-30,15187
569014,2015-09-30,18053
569015,2015-09-30,13575
569016,2015-09-30,14916
569017,2015-09-30,13813
569018,2015-09-30,12676
569019,2015-09-30,15602
569020,2015-09-30,15321
569021,2015-09-30,15321
569022,2015-09-30,17725
569024,2015-09-30,12822
569025,2015-09-30,18041
569026,2015-09-30,16101
569027,2015-09-30,13089
569028,2015-09-30,14911
569029,2015-09-30,17450
569030,2015-09-30,17450
569033,2015-09-30,15611
569035,2015-09-30,15565
569036,2015-09-30,18217
569037,2015-09-30,13263
569046,2015-09-30,14422
569060,2015-09-30,13954
569077,2015-09-30,13092
569078,2015-09-30,14688
569079,2015-09-30,14226
569080,2015-09-30,15593
569081,2015-09-30,13972
569082,2015-09-30,18229
569084,2015-09-30,17949
569085,2015-09-30,17949
569086,2015-09-30,17949
569087,2015-09-30,13095
569089,2015-09-30,13764
569097,2015-09-30,12731
569099,2015-09-30,17961
569100,2015-09-30,12748
569101,2015-09-30,14164
569103,2015-09-30,16133
569104,2015-09-30,15287
569105,2015-09-30,16729
569106,2015-09-30,17376
569108,2015-09-30,16013
569110,2015-09-30,17675
569111,2015-09-30,17675
569120,2015-09-30,12583
569122,2015-09-30,12694
569123,2015-09-30,12748
569124,2015-09-30,15172
569125,2015-09-30,15611
569126,2015-09-30,13347
569127,2015-09-30,15903
569129,2015-09-30,15034
569130,2015-09-30,14911
569132,2015-09-30,17757
569133,2015-09-30,15185
569134,2015-09-30,15411
569136,2015-09-30,15834
569139,2015-09-30,16404
569140,2015-09-30,14503
569141,2015-09-30,13021
569142,2015-09-30,13021
569143,2015-09-30,15867
569144,2015-09-30,17227
569145,2015-09-30,18008
569147,2015-09-30,12842
569148,2015-09-30,16613
569203,2015-10-02,16353
569204,2015-10-02,16591
569205,2015-10-02,16923
569206,2015-10-02,15038
569207,2015-10-02,17811
569208,2015-10-02,16693
569209,2015-10-02,16626
569210,2015-10-02,13681
569211,2015-10-02,15774
569212,2015-10-02,15164
569213,2015-10-02,13782
569214,2015-10-02,14533
569215,2015-10-02,13571
569216,2015-10-02,15555
569217,2015-10-02,15579
569218,2015-10-02,15952
569219,2015-10-02,13558
569220,2015-10-02,16007
569221,2015-10-02,14970
569222,2015-10-02,15906
569223,2015-10-02,16283
569224,2015-10-02,15701
569225,2015-10-02,16930
569226,2015-10-02,16930
569227,2015-10-02,14051
569228,2015-10-02,15547
569229,2015-10-02,14502
569230,2015-10-02,16533
569231,2015-10-02,13379
569232,2015-10-02,16667
569234,2015-10-02,17841
569235,2015-10-02,17841
569236,2015-10-02,14432
569238,2015-10-02,17954
569239,2015-10-03,14644
569240,2015-10-03,18059
569241,2015-10-03,14488
569242,2015-10-03,14193
569243,2015-10-03,13344
569244,2015-10-03,13344
569246,2015-10-03,14096
569247,2015-10-03,17924
569248,2015-10-03,12886
569249,2015-10-03,14092
569250,2015-10-03,16747
569252,2015-10-03,14333
569253,2015-10-03,13635
569254,2015-10-03,18116
569255,2015-10-03,18102
569257,2015-10-03,18102
569258,2015-10-03,17330
569261,2015-10-03,17321
569262,2015-10-03,14815
569263,2015-10-03,18102
569302,2015-10-03,16205
569319,2015-10-03,14290
569322,2015-10-03,16912
569323,2015-10-03,16912
569324,2015-10-03,16912
569325,2015-10-03,16774
569326,2015-10-03,14360
569327,2015-10-03,15091
569328,2015-10-03,14360
569329,2015-10-03,17652
569330,2015-10-03,15311
569331,2015-10-03,16875
569332,2015-10-03,12637
569333,2015-10-03,13431
569334,2015-10-03,12931
569336,2015-10-03,15088
569337,2015-10-03,17396
569338,2015-10-03,16013
569339,2015-10-03,15299
569340,2015-10-03,15299
569342,2015-10-03,16013
569343,2015-10-03,18102
569357,2015-10-03,15930
569358,2015-10-03,18257
569359,2015-10-03,18257
569360,2015-10-03,14653
569361,2015-10-03,16183
569362,2015-10-03,18102
569363,2015-10-03,13297
569364,2015-10-03,13167
569365,2015-10-03,18102
569366,2015-10-03,18102
569367,2015-10-03,13994
569368,2015-10-03,15971
569369,2015-10-03,15105
569371,2015-10-03,14651
569373,2015-10-03,12971
569382,2015-10-03,15502
569383,2015-10-03,15159
569384,2015-10-03,15159
569385,2015-10-03,14031
569386,2015-10-03,15159
569388,2015-10-03,14031
569389,2015-10-03,15502
569396,2015-10-03,16441
569397,2015-10-04,12747
569398,2015-10-04,17381
569399,2015-10-04,17381
569400,2015-10-04,17381
569401,2015-10-04,15111
569402,2015-10-04,12413
569403,2015-10-04,13319
569404,2015-10-04,13319
569405,2015-10-04,15241
569406,2015-10-04,16253
569407,2015-10-04,15694
569408,2015-10-04,13881
569409,2015-10-04,14110
569411,2015-10-04,12989
569412,2015-10-04,13650
569413,2015-10-04,13650
569416,2015-10-04,13801
569417,2015-10-04,17629
569418,2015-10-04,12989
569419,2015-10-04,15864
569420,2015-10-04,16881
569423,2015-10-04,16882
569424,2015-10-04,15529
569457,2015-10-04,14606
569459,2015-10-04,16713
569460,2015-10-04,13895
569461,2015-10-04,16556
569462,2015-10-04,17014
569467,2015-10-04,14291
569468,2015-10-04,16186
569469,2015-10-04,16360
569470,2015-10-04,17673
569471,2015-10-04,15046
569472,2015-10-04,14515
569474,2015-10-04,14178
569479,2015-10-04,13408
569480,2015-10-04,13408
569481,2015-10-04,15255
569482,2015-10-04,14184
569483,2015-10-04,14057
569484,2015-10-04,14057
569486,2015-10-04,15339
569487,2015-10-04,13351
569488,2015-10-04,16440
569489,2015-10-04,12457
569491,2015-10-04,14056
569492,2015-10-04,16333
569493,2015-10-04,13317
569494,2015-10-04,15739
569496,2015-10-04,12395
569513,2015-10-04,14332
569514,2015-10-04,15228
569515,2015-10-04,15181
569518,2015-10-04,13263
569519,2015-10-04,13792
569520,2015-10-04,17667
569521,2015-10-04,16474
569522,2015-10-04,12664
569523,2015-10-04,16033
569524,2015-10-04,14506
569527,2015-10-04,12512
569528,2015-10-04,16242
569529,2015-10-04,12512
569530,2015-10-04,17957
569531,2015-10-04,12695
569532,2015-10-04,13552
569533,2015-10-04,16374
569535,2015-10-04,15044
569536,2015-10-04,13269
569537,2015-10-04,13269
569538,2015-10-04,14462
569539,2015-10-04,18102
569546,2015-10-04,15276
569550,2015-10-04,15955
569555,2015-10-05,17728
569556,2015-10-05,14936
569557,2015-10-05,14936
569558,2015-10-05,14936
569559,2015-10-05,12971
569560,2015-10-05,14511
569561,2015-10-05,13468
569562,2015-10-05,12720
569563,2015-10-05,12481
569564,2015-10-05,13989
569565,2015-10-05,16722
569566,2015-10-05,14739
569567,2015-10-05,16059
569568,2015-10-05,12700
569569,2015-10-05,18061
569570,2015-10-05,16684
569571,2015-10-05,16684
569572,2015-10-05,16684
569573,2015-10-05,17511
569574,2015-10-05,15127
569575,2015-10-05,16106
569576,2015-10-05,17739
569577,2015-10-05,12828
569579,2015-10-05,17666
569580,2015-10-05,15039
569581,2015-10-05,15081
569583,2015-10-05,15039
569590,2015-10-05,13949
569629,2015-10-05,15249
569630,2015-10-05,13458
569631,2015-10-05,13483
569632,2015-10-05,13808
569633,2015-10-05,16478
569634,2015-10-05,12843
569635,2015-10-05,12748
569637,2015-10-05,15757
569638,2015-10-05,16140
569639,2015-10-05,12471
569640,2015-10-05,12471
569641,2015-10-05,12841
569643,2015-10-05,15730
569647,2015-10-05,12415
569648,2015-10-05,17754
569649,2015-10-05,16029
569650,2015-10-05,12415
569651,2015-10-05,14534
569652,2015-10-05,15628
569653,2015-10-05,12451
569654,2015-10-05,13854
569656,2015-10-05,14434
569658,2015-10-05,16359
569659,2015-10-05,14099
569660,2015-10-05,17382
569661,2015-10-05,17483
569662,2015-10-05,15244
569664,2015-10-05,18237
569665,2015-10-05,12789
569666,2015-10-05,17690
569667,2015-10-05,17521
569668,2015-10-05,16040
569669,2015-10-05,14730
569670,2015-10-05,14730
569671,2015-10-05,16020
569672,2015-10-05,17841
569673,2015-10-05,17222
569674,2015-10-05,17841
569675,2015-10-05,15687
569677,2015-10-05,15106
569678,2015-10-05,17816
569679,2015-10-05,16160
569680,2015-10-05,16803
569683,2015-10-05,15953
569684,2015-10-05,13947
569685,2015-10-05,16758
569686,2015-10-05,12719
569687,2015-10-05,13709
569688,2015-10-05,15048
569689,2015-10-05,13709
569690,2015-10-05,15351
569691,2015-10-05,18223
569692,2015-10-05,14389
569693,2015-10-05,17837
569694,2015-10-05,17735
569695,2015-10-05,16843
569696,2015-10-05,16843
569697,2015-10-05,17647
569698,2015-10-05,14054
569699,2015-10-05,12723
569701,2015-10-05,12723
569702,2015-10-05,14396
569705,2015-10-05,15762
569706,2015-10-05,13798
569714,2015-10-05,18033
569715,2015-10-05,15856
569716,2015-10-06,15804
569717,2015-10-06,13845
569718,2015-10-06,15837
569719,2015-10-06,14646
569720,2015-10-06,14646
569721,2015-10-06,12628
569722,2015-10-06,12431
569723,2015-10-06,12431
569724,2015-10-06,15061
569725,2015-10-06,15061
569726,2015-10-06,17419
569727,2015-10-06,12500
569728,2015-10-06,15416
569729,2015-10-06,16350
569730,2015-10-06,16422
569731,2015-10-06,13999
569732,2015-10-06,13177
569734,2015-10-06,14538
569735,2015-10-06,14646
569736,2015-10-06,14317
569737,2015-10-06,16295
569738,2015-10-06,13013
569739,2015-10-06,14911
569740,2015-10-06,15769
569741,2015-10-06,14626
569742,2015-10-06,16478
569766,2015-10-06,14849
569767,2015-10-06,14849
569768,2015-10-06,13078
569769,2015-10-06,13078
569780,2015-10-06,13199
569781,2015-10-06,13199
569789,2015-10-06,16924
569790,2015-10-06,15910
569799,2015-10-06,13602
569803,2015-10-06,13090
569815,2015-10-06,15838
569822,2015-10-06,15706
569823,2015-10-06,16895
569824,2015-10-06,17295
569825,2015-10-06,15805
569826,2015-10-06,18161
569827,2015-10-06,13591
569828,2015-10-06,14527
569832,2015-10-06,15315
569833,2015-10-06,15306
569834,2015-10-06,14383
569835,2015-10-06,15518
569836,2015-10-06,12910
569837,2015-10-06,12748
569838,2015-10-06,13504
569839,2015-10-06,15769
569840,2015-10-06,17428
569841,2015-10-06,17428
569842,2015-10-06,13426
569843,2015-10-06,14449
569844,2015-10-06,12626
569845,2015-10-06,14819
569846,2015-10-06,13422
569847,2015-10-06,14116
569848,2015-10-06,16316
569849,2015-10-06,15264
569850,2015-10-06,16432
569852,2015-10-06,13771
569853,2015-10-06,13771
569856,2015-10-06,17068
569857,2015-10-06,12939
569858,2015-10-06,12939
569859,2015-10-06,16814
569860,2015-10-06,13812
569861,2015-10-06,13816
569862,2015-10-06,14518
569864,2015-10-06,14533
569865,2015-10-06,12748
569866,2015-10-06,12757
569867,2015-10-06,12569
569868,2015-10-06,13018
569870,2015-10-06,12757
569871,2015-10-06,13089
569872,2015-10-06,13089
569873,2015-10-06,13089
569887,2015-10-06,13882
569888,2015-10-06,13049
569889,2015-10-06,17930
569890,2015-10-06,14738
569892,2015-10-06,15937
569893,2015-10-06,12627
569894,2015-10-06,15707
569897,2015-10-06,17813
569899,2015-10-06,13940
569900,2015-10-06,17651
569901,2015-10-06,12923
569903,2015-10-06,13892
569904,2015-10-06,13023
569905,2015-10-06,13549
569906,2015-10-06,12748
569907,2015-10-06,12569
569910,2015-10-06,17139
569912,2015-10-06,17139
569914,2015-10-06,14257
569915,2015-10-06,16454
569917,2015-10-06,17453
569918,2015-10-06,15766
569919,2015-10-06,15300
569920,2015-10-06,13348
569921,2015-10-06,12523
569923,2015-10-06,16184
569932,2015-10-06,18221
569936,2015-10-06,17490
569943,2015-10-06,14592
569948,2015-10-06,14959
569962,2015-10-06,13993
569965,2015-10-06,18109
569968,2015-10-06,17921
569977,2015-10-06,14702
569983,2015-10-06,17231
569997,2015-10-07,12394
569998,2015-10-07,12540
569999,2015-10-07,17030
570000,2015-10-07,12420
570001,2015-10-07,14427
570002,2015-10-07,12477
570003,2015-10-07,14792
570007,2015-10-07,12519
570008,2015-10-07,13359
570009,2015-10-07,14138
570010,2015-10-07,15297
570011,2015-10-07,16477
570014,2015-10-07,15214
570016,2015-10-07,14911
570017,2015-10-07,15706
570018,2015-10-07,13629
570019,2015-10-07,17841
570020,2015-10-07,12684
570021,2015-10-07,17841
570022,2015-10-07,14067
570023,2015-10-07,13876
570024,2015-10-07,17975
570026,2015-10-07,12781
570027,2015-10-07,14844
570028,2015-10-07,16210
570030,2015-10-07,12740
570036,2015-10-07,16358
570049,2015-10-07,17228
570076,2015-10-07,15738
570082,2015-10-07,12524
570086,2015-10-07,17086
570088,2015-10-07,16764
570089,2015-10-07,16839
570090,2015-10-07,13806
570091,2015-10-07,15632
570092,2015-10-07,16029
570093,2015-10-07,18096
570094,2015-10-07,16029
570095,2015-10-07,12528
570096,2015-10-07,15311
570097,2015-10-07,16029
570098,2015-10-07,13169
570100,2015-10-07,13695
570101,2015-10-07,14560
570102,2015-10-07,16455
570103,2015-10-07,15719
570108,2015-10-07,13004
570111,2015-10-07,15005
570113,2015-10-07,15874
570114,2015-10-07,13587
570115,2015-10-07,13798
570116,2015-10-07,12856
570117,2015-10-07,15815
570118,2015-10-07,13276
570119,2015-10-07,12748
570121,2015-10-07,13419
570123,2015-10-07,13314
570124,2015-10-07,16989
570125,2015-10-07,17509
570126,2015-10-07,16910
570127,2015-10-07,16900
570128,2015-10-07,13689
570129,2015-10-07,12885
570130,2015-10-07,12885
570144,2015-10-07,13004
570167,2015-10-07,15615
570168,2015-10-07,17596
570177,2015-10-07,17509
570178,2015-10-07,16558
570179,2015-10-07,17509
570180,2015-10-07,17509
570181,2015-10-07,16354
570183,2015-10-07,15208
570184,2015-10-07,14029
570186,2015-10-07,17509
570188,2015-10-07,13763
570189,2015-10-07,12492
570190,2015-10-07,13456
570191,2015-10-07,12778
570192,2015-10-07,17509
570195,2015-10-07,14825
570196,2015-10-07,18136
570197,2015-10-07,13755
570200,2015-10-07,16918
570201,2015-10-07,16918
570206,2015-10-09,15465
570208,2015-10-09,16104
570209,2015-10-09,16326
570210,2015-10-09,13259
570211,2015-10-09,13558
570212,2015-10-09,17811
570213,2015-10-09,16248
570214,2015-10-09,12748
570215,2015-10-09,16066
570216,2015-10-09,14595
570217,2015-10-09,17323
570218,2015-10-09,16873
570219,2015-10-09,16809
570220,2015-10-09,15612
570222,2015-10-09,13113
570223,2015-10-09,15787
570224,2015-10-09,16931
570225,2015-10-09,16595
570226,2015-10-09,16931
570227,2015-10-09,13260
570228,2015-10-09,15821
570229,2015-10-09,15756
570230,2015-10-09,18088
570231,2015-10-09,16685
570232,2015-10-09,14040
570233,2015-10-09,16685
570234,2015-10-09,17790
570235,2015-10-09,13193
570237,2015-10-09,13212
570238,2015-10-09,16332
570239,2015-10-09,16518
570240,2015-10-09,13212
570241,2015-10-09,14801
570242,2015-10-09,16380
570243,2015-10-09,15606
570244,2015-10-09,14514
570245,2015-10-09,14415
570246,2015-10-09,16921
570247,2015-10-10,15193
570248,2015-10-10,17809
570249,2015-10-10,17509
570250,2015-10-10,14027
570251,2015-10-10,17025
570252,2015-10-10,14665
570253,2015-10-10,14156
570254,2015-10-10,16179
570255,2015-10-10,17648
570256,2015-10-10,15152
570257,2015-10-10,13767
570265,2015-10-10,15125
570266,2015-10-10,15125
570267,2015-10-10,12682
570268,2015-10-10,13098
570269,2015-10-10,17227
570270,2015-10-10,15304
570271,2015-10-10,13756
570272,2015-10-10,14297
570273,2015-10-10,13373
570275,2015-10-10,13098
570280,2015-10-10,15473
570281,2015-10-10,17949
570282,2015-10-10,13473
570284,2015-10-10,14419
570285,2015-10-10,16637
570287,2015-10-10,17425
570288,2015-10-10,16960
570289,2015-10-10,17377
570292,2015-10-10,13418
570293,2015-10-10,14128
570332,2015-10-10,18169
570333,2015-10-10,18126
570337,2015-10-10,16688
570338,2015-10-10,16029
570342,2015-10-10,17706
570348,2015-10-10,16982
570353,2015-10-10,17706
570356,2015-10-10,15330
570374,2015-10-10,14719
570380,2015-10-10,14606
570388,2015-10-10,14911
570404,2015-10-10,16395
570405,2015-10-10,13429
570407,2015-10-10,17186
570408,2015-10-10,13685
570409,2015-10-10,12682
570410,2015-10-10,16776
570411,2015-10-10,16954
570412,2015-10-10,16385
570413,2015-10-10,17652
570414,2015-10-10,17214
570415,2015-10-10,14201
570416,2015-10-10,15608
570418,2015-10-10,15211
570419,2015-10-10,15608
570420,2015-10-10,17841
570421,2015-10-10,13980
570422,2015-10-10,14132
570423,2015-10-10,14451
570424,2015-10-10,17372
570425,2015-10-10,15128
570426,2015-10-10,13352
570427,2015-10-10,17462
570428,2015-10-10,15553
570429,2015-10-10,13225
570430,2015-10-10,15886
570441,2015-10-10,15473
570442,2015-10-10,16549
570443,2015-10-10,17203
570444,2015-10-10,17284
570445,2015-10-10,12748
570446,2015-10-10,12431
570448,2015-10-10,13224
570449,2015-10-10,16133
570452,2015-10-10,12427
570455,2015-10-10,14529
570457,2015-10-10,13666
570458,2015-10-10,14535
570459,2015-10-10,15801
570461,2015-10-10,14434
570466,2015-10-10,16791
570467,2015-10-10,12607
570479,2015-10-10,17589
570481,2015-10-10,17552
570482,2015-10-10,17459
570485,2015-10-10,14911
570488,2015-10-10,14096
570489,2015-10-10,14533
570491,2015-10-10,14395
570492,2015-10-11,14194
570493,2015-10-11,14194
570494,2015-10-11,14051
570495,2015-10-11,16861
570496,2015-10-11,16422
570498,2015-10-11,16136
570499,2015-10-11,12772
570500,2015-10-11,15858
570501,2015-10-11,14857
570502,2015-10-11,14744
570503,2015-10-11,17965
570504,2015-10-11,18241
570505,2015-10-11,14841
570506,2015-10-11,13283
570507,2015-10-11,16561
570509,2015-10-11,13109
570510,2015-10-11,15370
570511,2015-10-11,14397
570512,2015-10-11,14952
570513,2015-10-11,14952
570514,2015-10-11,13089
570516,2015-10-11,14121
570517,2015-10-11,13971
570521,2015-10-11,12371
570522,2015-10-11,16029
570554,2015-10-11,14800
570555,2015-10-11,17119
570557,2015-10-11,16029
570590,2015-10-11,18075
570591,2015-10-11,17071
570593,2015-10-11,18180
570594,2015-10-11,13517
570597,2015-10-11,16837
570598,2015-10-11,14175
570600,2015-10-11,16076
570601,2015-10-11,17620
570602,2015-10-11,14141
570632,2015-10-11,17412
570634,2015-10-11,15024
570637,2015-10-11,12530
570638,2015-10-11,17888
570640,2015-10-11,12474
570642,2015-10-11,15024
570646,2015-10-11,12824
570648,2015-10-11,16086
570649,2015-10-11,17659
570650,2015-10-11,13263
570651,2015-10-11,14911
570652,2015-10-11,17863
570653,2015-10-11,14710
570656,2015-10-11,16120
570657,2015-10-11,14911
570659,2015-10-11,16120
570660,2015-10-11,14866
570661,2015-10-11,17554
570662,2015-10-11,16120
570663,2015-10-11,13627
570664,2015-10-11,16362
570665,2015-10-11,16120
570666,2015-10-11,13919
570667,2015-10-11,12362
570668,2015-10-11,17837
570669,2015-10-11,15955
570670,2015-10-11,14624
570671,2015-10-11,16171
570672,2015-10-11,12536
570673,2015-10-11,15351
570674,2015-10-11,14911
570675,2015-10-11,13690
570676,2015-10-11,14640
570677,2015-10-11,12836
570678,2015-10-11,15199
570679,2015-10-11,17769
570680,2015-10-11,13969
570681,2015-10-11,12381
570682,2015-10-11,12948
570685,2015-10-11,13208
570693,2015-10-11,16161
570694,2015-10-12,14911
570695,2015-10-12,17489
570696,2015-10-12,15840
570697,2015-10-12,15281
570698,2015-10-12,18171
570699,2015-10-12,15421
570700,2015-10-12,14156
570701,2015-10-12,16652
570702,2015-10-12,16652
570703,2015-10-12,14911
570705,2015-10-12,13208
570706,2015-10-12,14911
570707,2015-10-12,14541
570713,2015-10-12,17064
570714,2015-10-12,13520
570715,2015-10-12,18287
570716,2015-10-12,17193
570717,2015-10-12,17173
570718,2015-10-12,12518
570719,2015-10-12,17913
570720,2015-10-12,17934
570721,2015-10-12,13842
570722,2015-10-12,14642
570723,2015-10-12,15267
570724,2015-10-12,12602
570725,2015-10-12,12381
570726,2015-10-12,16607
570731,2015-10-12,15038
570733,2015-10-12,17190
570754,2015-10-12,12633
570769,2015-10-12,12664
570776,2015-10-12,13985
570784,2015-10-12,12569
570790,2015-10-12,13575
570791,2015-10-12,17346
570792,2015-10-12,12709
570793,2015-10-12,12444
570794,2015-10-12,14761
570795,2015-10-12,17193
570796,2015-10-12,16241
570797,2015-10-12,15311
570798,2015-10-12,12679
570799,2015-10-12,16203
570806,2015-10-12,13115
570807,2015-10-12,13704
570818,2015-10-12,17841
570821,2015-10-12,17173
570823,2015-10-12,12691
570824,2015-10-12,14299
570825,2015-10-12,18229
570826,2015-10-12,16753
570827,2015-10-12,15831
570829,2015-10-12,16295
570830,2015-10-12,14852
570832,2015-10-12,13058
570833,2015-10-12,14834
570834,2015-10-12,13865
570836,2015-10-12,17410
570839,2015-10-12,14911
570840,2015-10-12,13468
570841,2015-10-12,12553
570842,2015-10-12,17676
570843,2015-10-12,17293
570844,2015-10-12,15473
570846,2015-10-12,13983
570847,2015-10-12,17737
570848,2015-10-12,15473
570849,2015-10-12,15473
570851,2015-10-12,12583
570852,2015-10-12,13078
570855,2015-10-12,17314
570856,2015-10-12,13464
570857,2015-10-12,15555
570859,2015-10-12,18277
570861,2015-10-12,14775
570862,2015-10-12,17528
570863,2015-10-12,15144
570864,2015-10-12,16945
570865,2015-10-12,16945
570866,2015-10-12,17096
570875,2015-10-12,12667
570876,2015-10-12,16085
570877,2015-10-13,16523
570878,2015-10-13,16523
570879,2015-10-13,12685
570880,2015-10-13,14291
570881,2015-10-13,12498
570882,2015-10-13,13930
570883,2015-10-13,13477
570884,2015-10-13,17315
570885,2015-10-13,14211
570886,2015-10-13,13777
570887,2015-10-13,17169
570888,2015-10-13,17509
570896,2015-10-13,14217
570906,2015-10-13,14537
570910,2015-10-13,15489
570919,2015-10-13,12584
570961,2015-10-13,13784
570964,2015-10-13,12766
570973,2015-10-13,14180
570983,2015-10-13,14963
570984,2015-10-13,17279
571006,2015-10-13,17063
571007,2015-10-13,13487
571008,2015-10-13,17063
571017,2015-10-13,15116
571028,2015-10-13,16770
571030,2015-10-13,12876
571031,2015-10-13,15005
571032,2015-10-13,13827
571033,2015-10-13,14251
571034,2015-10-13,12359
571035,2015-10-13,12446
571036,2015-10-13,17567
571038,2015-10-13,15511
571039,2015-10-13,16121
571040,2015-10-13,15272
571041,2015-10-13,14527
571043,2015-10-13,17892
571044,2015-10-13,14421
571046,2015-10-13,18096
571047,2015-10-13,16042
571048,2015-10-13,16042
571049,2015-10-13,16670
571050,2015-10-13,14624
571053,2015-10-13,12631
571054,2015-10-13,14234
571055,2015-10-13,14975
571056,2015-10-13,15367
571057,2015-10-13,15367
571058,2015-10-13,13853
571060,2015-10-13,17813
571062,2015-10-13,16773
571063,2015-10-13,16430
571064,2015-10-13,17181
571065,2015-10-13,12613
571067,2015-10-13,16793
571069,2015-10-13,13668
571080,2015-10-13,13719
571081,2015-10-13,16775
571090,2015-10-13,15271
571098,2015-10-13,17841
571099,2015-10-13,13911
571100,2015-10-13,16682
571101,2015-10-13,16570
571102,2015-10-13,16570
571103,2015-10-13,18160
571104,2015-10-13,18130
571105,2015-10-13,17614
571106,2015-10-13,14976
571107,2015-10-13,13858
571108,2015-10-13,14555
571109,2015-10-13,14976
571111,2015-10-13,14976
571117,2015-10-13,16224
571118,2015-10-14,16239
571120,2015-10-14,16950
571121,2015-10-14,18228
571122,2015-10-14,16566
571123,2015-10-14,14856
571125,2015-10-14,16394
571129,2015-10-14,14156
571142,2015-10-14,14567
571158,2015-10-14,14606
571169,2015-10-14,16168
571178,2015-10-14,14089
571179,2015-10-14,15482
571180,2015-10-14,15498
571181,2015-10-14,15498
571182,2015-10-14,13115
571183,2015-10-14,14796
571184,2015-10-14,15478
571185,2015-10-14,13047
571187,2015-10-14,12380
571188,2015-10-14,12783
571189,2015-10-14,13213
571190,2015-10-14,17771
571191,2015-10-14,17404
571192,2015-10-14,13050
571193,2015-10-14,15484
571197,2015-10-14,16413
571199,2015-10-14,17949
571200,2015-10-14,14060
571201,2015-10-14,14937
571202,2015-10-14,14937
571203,2015-10-14,17677
571204,2015-10-14,17677
571205,2015-10-14,15620
571212,2015-10-14,12856
571213,2015-10-14,13995
571214,2015-10-14,14390
571215,2015-10-14,13810
571216,2015-10-14,16081
571217,2015-10-14,17451
571218,2015-10-14,17451
571219,2015-10-14,15601
571221,2015-10-14,16416
571223,2015-10-14,13810
571224,2015-10-14,13136
571225,2015-10-14,14397
571226,2015-10-14,13006
571227,2015-10-14,12477
571228,2015-10-14,15132
571229,2015-10-14,15453
571230,2015-10-14,13717
571231,2015-10-14,15856
571232,2015-10-14,17986
571234,2015-10-14,15856
571235,2015-10-14,15078
571236,2015-10-14,15078
571237,2015-10-14,15078
571238,2015-10-14,14290
571239,2015-10-14,12744
571240,2015-10-14,12562
571241,2015-10-14,14592
571242,2015-10-14,17809
571243,2015-10-14,14595
571244,2015-10-14,17180
571245,2015-10-14,16839
571246,2015-10-14,17750
571247,2015-10-14,15826
571248,2015-10-14,15826
571250,2015-10-14,17892
571255,2015-10-14,12454
571258,2015-10-14,17837
571259,2015-10-16,12901
571260,2015-10-16,16206
571261,2015-10-16,12901
571263,2015-10-16,14910
571265,2015-10-16,16674
571266,2015-10-16,17769
571267,2015-10-16,17811
571268,2015-10-16,15351
571269,2015-10-16,16243
571270,2015-10-16,12940
571271,2015-10-16,15440
571272,2015-10-16,13878
571273,2015-10-16,13034
571274,2015-10-16,16934
571275,2015-10-16,15994
571276,2015-10-16,14702
571277,2015-10-16,16934
571278,2015-10-16,14780
571279,2015-10-16,16466
571280,2015-10-16,18122
571281,2015-10-16,14088
571282,2015-10-16,15545
571283,2015-10-16,16533
571284,2015-10-16,14562
571286,2015-10-16,14547
571288,2015-10-16,16052
571289,2015-10-16,15113
571290,2015-10-16,17183
571291,2015-10-16,13610
571292,2015-10-16,15311
571293,2015-10-16,13956
571294,2015-10-16,16987
571295,2015-10-16,14741
571296,2015-10-16,13760
571297,2015-10-16,16987
571298,2015-10-17,15769
571299,2015-10-17,13798
571300,2015-10-17,14262
571301,2015-10-17,15218
571302,2015-10-17,12989
571303,2015-10-17,13875
571304,2015-10-17,12526
571306,2015-10-17,16701
571307,2015-10-17,14443
571308,2015-10-17,12475
571309,2015-10-17,13685
571310,2015-10-17,13394
571311,2015-10-17,17402
571312,2015-10-17,12474
571313,2015-10-17,14156
571314,2015-10-17,14156
571315,2015-10-17,16542
571317,2015-10-17,17377
571318,2015-10-17,17404
571322,2015-10-17,13534
571323,2015-10-17,13534
571324,2015-10-17,12783
571326,2015-10-17,12783
571328,2015-10-17,12473
571352,2015-10-17,18042
571360,2015-10-17,16563
571372,2015-10-17,17201
571377,2015-10-17,14911
571404,2015-10-17,17520
571405,2015-10-17,13871
571406,2015-10-17,13871
571407,2015-10-17,13750
571408,2015-10-17,15012
571409,2015-10-17,14911
571410,2015-10-17,17527
571411,2015-10-17,17858
571412,2015-10-17,17734
571413,2015-10-17,13923
571418,2015-10-17,16412
571425,2015-10-17,14911
571426,2015-10-17,15179
571427,2015-10-17,17205
571428,2015-10-17,17534
571429,2015-10-17,15335
571430,2015-10-17,13090
571431,2015-10-17,13881
571432,2015-10-17,16737
571433,2015-10-17,13015
571434,2015-10-17,13069
571435,2015-10-17,14211
571436,2015-10-17,16076
571437,2015-10-17,13069
571438,2015-10-17,15066
571439,2015-10-17,17206
571441,2015-10-17,14096
571442,2015-10-17,17049
571443,2015-10-17,17785
571444,2015-10-17,18179
571445,2015-10-17,12463
571446,2015-10-17,14911
571447,2015-10-17,14911
571456,2015-10-17,16729
571457,2015-10-17,12963
571461,2015-10-17,16932
571462,2015-10-17,16363
571463,2015-10-17,16463
571464,2015-10-17,14805
571465,2015-10-17,14830
571474,2015-10-17,16389
571475,2015-10-17,15033
571476,2015-10-17,13546
571477,2015-10-17,12794
571486,2015-10-17,17612
571496,2015-10-17,13265
571497,2015-10-17,14841
571498,2015-10-17,17841
571502,2015-10-17,14422
571504,2015-10-17,16133
571505,2015-10-17,17244
571506,2015-10-17,15355
571509,2015-10-17,13110
571510,2015-10-17,18241
571511,2015-10-17,15598
571544,2015-10-17,17757
571546,2015-10-17,17920
571547,2015-10-18,17679
571548,2015-10-18,15505
571549,2015-10-18,13536
571550,2015-10-18,13892
571551,2015-10-18,15637
571552,2015-10-18,16848
571553,2015-10-18,17317
571555,2015-10-18,16458
571556,2015-10-18,12662
571557,2015-10-18,15678
571558,2015-10-18,17730
571559,2015-10-18,14911
571560,2015-10-18,14897
571561,2015-10-18,14015
571562,2015-10-18,14156
571563,2015-10-18,16249
571564,2015-10-18,16019
571565,2015-10-18,12720
571566,2015-10-18,13594
571594,2015-10-18,15971
571595,2015-10-18,15971
571601,2015-10-18,17073
571610,2015-10-18,13953
571622,2015-10-18,14798
571628,2015-10-18,15311
571629,2015-10-18,13362
571636,2015-10-18,13509
571638,2015-10-18,15327
571640,2015-10-18,17203
571641,2015-10-18,17135
571642,2015-10-18,17203
571653,2015-10-18,14298
571654,2015-10-18,18118
571655,2015-10-18,14688
571656,2015-10-18,16393
571657,2015-10-18,13835
571658,2015-10-18,12621
571660,2015-10-18,16191
571662,2015-10-18,14861
571663,2015-10-18,17262
571664,2015-10-18,17090
571665,2015-10-18,12540
571666,2015-10-18,16422
571667,2015-10-18,14554
571668,2015-10-18,16515
571669,2015-10-18,17758
571670,2015-10-18,12611
571671,2015-10-18,16940
571672,2015-10-18,13880
571673,2015-10-18,13991
571675,2015-10-18,13700
571676,2015-10-18,16910
571677,2015-10-18,13637
571679,2015-10-18,14159
571681,2015-10-18,16734
571682,2015-10-18,14179
571683,2015-10-18,15140
571684,2015-10-18,16730
571685,2015-10-18,12863
571690,2015-10-18,14191
571691,2015-10-18,13860
571692,2015-10-18,13860
571693,2015-10-18,14776
571694,2015-10-18,13308
571696,2015-10-18,15604
571697,2015-10-18,12759
571698,2015-10-18,13805
571701,2015-10-18,14639
571702,2015-10-18,14639
571705,2015-10-18,12360
571706,2015-10-18,15144
571708,2015-10-18,12955
571709,2015-10-18,16463
571710,2015-10-18,13032
571712,2015-10-18,14056
571715,2015-10-18,17576
571717,2015-10-18,14381
571724,2015-10-19,12572
571725,2015-10-19,13491
571726,2015-10-19,16191
571728,2015-10-19,16123
571729,2015-10-19,12500
571730,2015-10-19,16851
571732,2015-10-19,16298
571733,2015-10-19,16187
571734,2015-10-19,17148
571735,2015-10-19,14229
571736,2015-10-19,17549
571737,2015-10-19,14367
571738,2015-10-19,13089
571739,2015-10-19,12500
571740,2015-10-19,17973
571741,2015-10-19,15610
571742,2015-10-19,12971
571743,2015-10-19,15853
571744,2015-10-19,14434
571745,2015-10-19,14911
571746,2015-10-19,17043
571747,2015-10-19,13849
571748,2015-10-19,18077
571749,2015-10-19,17934
571751,2015-10-19,12744
571779,2015-10-19,12748
571793,2015-10-19,16621
571809,2015-10-19,15039
571824,2015-10-19,12472
571828,2015-10-19,16440
571829,2015-10-19,16131
571830,2015-10-19,16131
571831,2015-10-19,16979
571836,2015-10-19,18019
571837,2015-10-19,16470
571839,2015-10-19,14107
571840,2015-10-19,13590
571841,2015-10-19,17625
571842,2015-10-19,16684
571843,2015-10-19,16684
571844,2015-10-19,17101
571845,2015-10-19,16869
571846,2015-10-19,17841
571847,2015-10-19,15220
571848,2015-10-19,13576
571849,2015-10-19,12841
571850,2015-10-19,14698
571851,2015-10-19,12596
571852,2015-10-19,14273
571853,2015-10-19,14306
571857,2015-10-19,15468
571863,2015-10-19,15468
571864,2015-10-19,12731
571883,2015-10-19,14704
571890,2015-10-19,16826
571892,2015-10-19,13089
571895,2015-10-19,17824
571898,2015-10-19,13247
571899,2015-10-19,16885
571900,2015-10-19,13263
571901,2015-10-19,12757
571903,2015-10-19,15754
571904,2015-10-19,12522
571905,2015-10-19,12370
571906,2015-10-19,14297
571908,2015-10-19,15803
571909,2015-10-19,15006
571911,2015-10-19,17562
571912,2015-10-19,17512
571913,2015-10-19,18210
571914,2015-10-19,14776
571916,2015-10-19,14776
571917,2015-10-19,13078
571918,2015-10-19,17350
571920,2015-10-19,14799
571923,2015-10-19,12685
571926,2015-10-19,16722
571933,2015-10-20,13199
571934,2015-10-20,16170
571935,2015-10-20,13890
571936,2015-10-20,15814
571937,2015-10-20,14911
571938,2015-10-20,13669
571939,2015-10-20,16260
571940,2015-10-20,15301
571941,2015-10-20,14261
571942,2015-10-20,17434
571943,2015-10-20,14638
571944,2015-10-20,13755
571945,2015-10-20,17354
571965,2015-10-20,17238
571987,2015-10-20,17007
572021,2015-10-20,15664
572023,2015-10-20,17764
572024,2015-10-20,14631
572025,2015-10-20,17651
572026,2015-10-20,13245
572028,2015-10-20,15296
572030,2015-10-20,14923
572031,2015-10-20,14866
572032,2015-10-20,14214
572033,2015-10-20,14447
572034,2015-10-20,14447
572035,2015-10-20,14646
572036,2015-10-20,18149
572037,2015-10-20,17365
572045,2015-10-20,14527
572047,2015-10-20,16474
572048,2015-10-20,14477
572049,2015-10-20,17243
572050,2015-10-20,17346
572051,2015-10-20,14646
572052,2015-10-20,14646
572053,2015-10-20,14495
572054,2015-10-20,12642
572055,2015-10-20,17346
572056,2015-10-20,17402
572057,2015-10-20,16593
572058,2015-10-20,18252
572060,2015-10-20,12569
572061,2015-10-20,12474
572062,2015-10-20,16177
572063,2015-10-20,14606
572064,2015-10-20,15159
572065,2015-10-20,12556
572066,2015-10-20,15159
572067,2015-10-20,16099
572068,2015-10-20,13159
572069,2015-10-20,14911
572070,2015-10-20,15587
572071,2015-10-20,13366
572073,2015-10-20,13263
572074,2015-10-20,16284
572075,2015-10-20,16846
572076,2015-10-20,13761
572077,2015-10-20,15807
572078,2015-10-20,15807
572079,2015-10-20,14484
572080,2015-10-20,16592
572081,2015-10-20,16592
572082,2015-10-20,17672
572085,2015-10-20,14427
572086,2015-10-20,13897
572087,2015-10-20,12683
572088,2015-10-20,14585
572089,2015-10-20,15565
572090,2015-10-20,13573
572091,2015-10-20,15129
572092,2015-10-20,17125
572093,2015-10-20,15121
572094,2015-10-20,17420
572095,2015-10-20,15511
572096,2015-10-20,16813
572098,2015-10-20,15117
572100,2015-10-20,16705
572101,2015-10-20,16705
572103,2015-10-20,17571
572104,2015-10-20,15469
572105,2015-10-20,15187
572106,2015-10-20,15058
572107,2015-10-20,15836
572108,2015-10-20,15814
572121,2015-10-20,17092
572122,2015-10-21,15969
572123,2015-10-21,14646
572124,2015-10-21,14156
572125,2015-10-21,16156
572126,2015-10-21,16313
572127,2015-10-21,14911
572128,2015-10-21,15782
572129,2015-10-21,17528
572130,2015-10-21,13460
572131,2015-10-21,13917
572132,2015-10-21,13725
572133,2015-10-21,12407
572134,2015-10-21,12500
572139,2015-10-21,18241
572182,2015-10-21,13588
572183,2015-10-21,16153
572184,2015-10-21,12403
572186,2015-10-21,16497
572188,2015-10-21,14967
572189,2015-10-21,15286
572191,2015-10-21,17377
572192,2015-10-21,18118
572193,2015-10-21,15061
572194,2015-10-21,17832
572195,2015-10-21,14562
572196,2015-10-21,18102
572197,2015-10-21,18102
572203,2015-10-21,17068
572209,2015-10-21,18102
572210,2015-10-21,13755
572211,2015-10-21,13429
572212,2015-10-21,13918
572213,2015-10-21,15358
572214,2015-10-21,16918
572215,2015-10-21,12646
572216,2015-10-21,16015
572217,2015-10-21,15311
572218,2015-10-21,16311
572219,2015-10-21,17463
572220,2015-10-21,17800
572221,2015-10-21,17086
572222,2015-10-21,17940
572224,2015-10-21,16558
572225,2015-10-21,13157
572227,2015-10-21,15051
572229,2015-10-21,14329
572230,2015-10-21,15740
572231,2015-10-21,13974
572232,2015-10-21,16293
572233,2015-10-21,14646
572234,2015-10-21,16293
572235,2015-10-21,16293
572236,2015-10-21,14646
572237,2015-10-21,15152
572238,2015-10-21,15819
572240,2015-10-21,13709
572241,2015-10-21,12712
572242,2015-10-21,15677
572243,2015-10-21,17361
572244,2015-10-21,14233
572272,2015-10-21,13171
572274,2015-10-21,14031
572277,2015-10-23,16768
572278,2015-10-23,16326
572279,2015-10-23,16066
572280,2015-10-23,16007
572281,2015-10-23,17211
572282,2015-10-23,17634
572283,2015-10-23,15000
572284,2015-10-23,16744
572285,2015-10-23,14698
572286,2015-10-23,16434
572287,2015-10-23,15584
572288,2015-10-23,17377
572289,2015-10-23,13782
572290,2015-10-23,14800
572291,2015-10-23,16931
572292,2015-10-23,16017
572293,2015-10-23,12748
572294,2015-10-23,13471
572295,2015-10-23,16686
572296,2015-10-23,13598
572297,2015-10-23,15953
572298,2015-10-23,14071
572300,2015-10-23,18005
572301,2015-10-23,16794
572302,2015-10-23,15427
572303,2015-10-23,18109
572304,2015-10-23,17131
572305,2015-10-23,17131
572306,2015-10-23,17841
572307,2015-10-23,16905
572308,2015-10-23,12748
572309,2015-10-23,14432
572310,2015-10-23,12748
572311,2015-10-23,14035
572312,2015-10-23,15022
572313,2015-10-23,14731
572314,2015-10-23,17111
572315,2015-10-23,14504
572316,2015-10-23,17836
572317,2015-10-23,14629
572318,2015-10-23,15436
572319,2015-10-23,14704
572320,2015-10-24,16325
572321,2015-10-24,15592
572322,2015-10-24,13138
572323,2015-10-24,14312
572324,2015-10-24,14607
572325,2015-10-24,14607
572326,2015-10-24,14607
572327,2015-10-24,15277
572328,2015-10-24,13104
572329,2015-10-24,14019
572330,2015-10-24,16426
572331,2015-10-24,16491
572332,2015-10-24,17186
572333,2015-10-24,13704
572335,2015-10-24,14493
572336,2015-10-24,13523
572337,2015-10-24,14607
572338,2015-10-24,15380
572339,2015-10-24,14607
572340,2015-10-24,14607
572342,2015-10-24,14607
572344,2015-10-24,14607
572348,2015-10-24,15482
572350,2015-10-24,15516
572351,2015-10-24,15516
572352,2015-10-24,16814
572353,2015-10-24,15215
572354,2015-10-24,15215
572380,2015-10-24,16019
572392,2015-10-24,14764
572399,2015-10-24,15628
572423,2015-10-24,16742
572442,2015-10-24,12546
572443,2015-10-24,14145
572447,2015-10-24,17811
572451,2015-10-24,12921
572452,2015-10-24,12921
572453,2015-10-24,12921
572454,2015-10-24,13808
572457,2015-10-24,12594
572458,2015-10-24,15142
572459,2015-10-24,14911
572460,2015-10-24,17001
572461,2015-10-24,17344
572462,2015-10-24,18240
572464,2015-10-24,17081
572465,2015-10-24,14474
572466,2015-10-24,14997
572472,2015-10-24,14139
572474,2015-10-24,17423
572475,2015-10-24,15271
572483,2015-10-24,16444
572484,2015-10-24,17220
572487,2015-10-24,15801
572490,2015-10-24,14467
572499,2015-10-24,15786
572504,2015-10-24,15786
572509,2015-10-24,17004
572511,2015-10-24,14895
572512,2015-10-24,15806
572513,2015-10-24,16728
572517,2015-10-24,15068
572518,2015-10-24,16353
572519,2015-10-24,15046
572520,2015-10-24,13165
572521,2015-10-24,15844
572528,2015-10-24,13176
572541,2015-10-24,17315
572542,2015-10-24,17272
572544,2015-10-24,16023
572545,2015-10-24,17450
572552,2015-10-24,14096
572555,2015-10-24,17317
572558,2015-10-25,14286
572559,2015-10-25,12476
572560,2015-10-25,12476
572561,2015-10-25,13652
572562,2015-10-25,13481
572563,2015-10-25,12928
572565,2015-10-25,16762
572566,2015-10-25,13050
572567,2015-10-25,12398
572568,2015-10-25,14001
572569,2015-10-25,17870
572612,2015-10-25,16186
572613,2015-10-25,15345
572616,2015-10-25,18147
572617,2015-10-25,18272
572650,2015-10-25,15506
572651,2015-10-25,17350
572652,2015-10-25,15805
572653,2015-10-25,15861
572654,2015-10-25,15805
572655,2015-10-25,16708
572656,2015-10-25,14607
572657,2015-10-25,15615
572658,2015-10-25,17690
572660,2015-10-25,14527
572661,2015-10-25,17193
572662,2015-10-25,15443
572663,2015-10-25,12748
572664,2015-10-25,16401
572666,2015-10-25,15134
572667,2015-10-25,15963
572668,2015-10-25,18045
572669,2015-10-25,16549
572670,2015-10-25,13685
572671,2015-10-25,13340
572672,2015-10-25,13340
572673,2015-10-25,13309
572674,2015-10-25,14173
572675,2015-10-25,17917
572676,2015-10-25,16258
572677,2015-10-25,17596
572678,2015-10-25,13182
572679,2015-10-25,17024
572681,2015-10-25,13510
572682,2015-10-25,17928
572683,2015-10-25,15158
572688,2015-10-25,13028
572695,2015-10-25,12610
572696,2015-10-25,17857
572703,2015-10-25,16110
572718,2015-10-25,15656
572719,2015-10-25,13871
572720,2015-10-25,13978
572721,2015-10-25,16201
572726,2015-10-25,16056
572732,2015-10-25,18079
572733,2015-10-25,18079
572734,2015-10-25,13694
572735,2015-10-25,15630
572737,2015-10-25,13384
572738,2015-10-25,14234
572741,2015-10-25,14341
572742,2015-10-25,14341
572743,2015-10-25,14482
572744,2015-10-25,14085
572745,2015-10-25,14085
572746,2015-10-25,13263
572751,2015-10-25,17449
572752,2015-10-25,17449
572753,2015-10-25,15856
572755,2015-10-25,13601
572756,2015-10-25,15482
572760,2015-10-26,16225
572762,2015-10-26,15240
572763,2015-10-26,12812
572764,2015-10-26,15110
572765,2015-10-26,16013
572766,2015-10-26,16013
572767,2015-10-26,17865
572768,2015-10-26,17865
572769,2015-10-26,14051
572770,2015-10-26,12371
572771,2015-10-26,16173
572772,2015-10-26,17511
572773,2015-10-26,17511
572774,2015-10-26,16966
572775,2015-10-26,13126
572792,2015-10-26,15516
572810,2015-10-26,13644
572811,2015-10-26,16071
572812,2015-10-26,15089
572830,2015-10-26,16208
572832,2015-10-26,16454
572833,2015-10-26,12748
572834,2015-10-26,12748
572835,2015-10-26,17428
572836,2015-10-26,15568
572837,2015-10-26,14754
572838,2015-10-26,14539
572843,2015-10-26,14315
572845,2015-10-26,16013
572846,2015-10-26,14550
572847,2015-10-26,14606
572848,2015-10-26,16188
572851,2015-10-26,16013
572852,2015-10-26,12879
572853,2015-10-26,17712
572854,2015-10-26,14096
572856,2015-10-26,18118
572857,2015-10-26,16701
572858,2015-10-26,13571
572859,2015-10-26,16418
572860,2015-10-26,17470
572861,2015-10-26,14102
572862,2015-10-26,16750
572863,2015-10-26,17841
572865,2015-10-26,17841
572866,2015-10-26,15005
572867,2015-10-26,14598
572868,2015-10-26,17564
572869,2015-10-26,12798
572870,2015-10-26,13408
572871,2015-10-26,13408
572872,2015-10-26,15320
572873,2015-10-26,12820
572874,2015-10-26,13408
572875,2015-10-26,17706
572876,2015-10-26,17109
572877,2015-10-26,17706
572878,2015-10-26,16029
572879,2015-10-26,13408
572880,2015-10-26,16415
572881,2015-10-26,12748
572882,2015-10-26,18226
572884,2015-10-26,13924
572885,2015-10-26,15311
572886,2015-10-26,12448
572887,2015-10-26,12362
572888,2015-10-26,13694
572889,2015-10-26,12748
572892,2015-10-26,17017
572893,2015-10-26,18059
572894,2015-10-26,12569
572895,2015-10-26,12569
572896,2015-10-26,12456
572899,2015-10-26,13435
572900,2015-10-26,13107
572901,2015-10-26,16332
572902,2015-10-26,14866
572903,2015-10-26,17974
572904,2015-10-26,17175
572905,2015-10-26,14690
572906,2015-10-26,17557
572907,2015-10-26,12827
572908,2015-10-26,15835
572909,2015-10-26,15821
572910,2015-10-26,15990
572911,2015-10-26,16345
572912,2015-10-26,16915
572913,2015-10-26,15993
572914,2015-10-26,12948
572918,2015-10-26,14379
572921,2015-10-26,15993
572922,2015-10-26,17895
572923,2015-10-27,15948
572924,2015-10-27,13416
572925,2015-10-27,12523
572926,2015-10-27,15659
572928,2015-10-27,14623
572929,2015-10-27,16626
572930,2015-10-27,17613
572931,2015-10-27,17613
572932,2015-10-27,15791
572933,2015-10-27,13458
572934,2015-10-27,12610
572935,2015-10-27,14189
572946,2015-10-27,13988
572960,2015-10-27,18154
572964,2015-10-27,12630
572969,2015-10-27,13363
572986,2015-10-27,12681
572990,2015-10-27,18276
572992,2015-10-27,12681
572994,2015-10-27,17684
572997,2015-10-27,17878
572998,2015-10-27,14560
572999,2015-10-27,14560
573000,2015-10-27,14752
573001,2015-10-27,12841
573002,2015-10-27,14646
573003,2015-10-27,14646
573004,2015-10-27,14646
573005,2015-10-27,17414
573006,2015-10-27,16232
573007,2015-10-27,16009
573008,2015-10-27,12901
573019,2015-10-27,15145
573020,2015-10-27,14842
573022,2015-10-27,16011
573023,2015-10-27,13882
573026,2015-10-27,17459
573027,2015-10-27,18225
573028,2015-10-27,16847
573029,2015-10-27,14971
573032,2015-10-27,18211
573033,2015-10-27,14099
573035,2015-10-27,12433
573036,2015-10-27,12437
573038,2015-10-27,17545
573066,2015-10-27,16026
573068,2015-10-27,17545
573069,2015-10-27,18077
573070,2015-10-27,13263
573074,2015-10-27,16265
573075,2015-10-27,17545
573076,2015-10-27,13488
573077,2015-10-27,12536
573078,2015-10-27,12839
573080,2015-10-27,12536
573082,2015-10-27,17173
573083,2015-10-27,13735
573085,2015-10-27,14441
573093,2015-10-27,18283
573094,2015-10-27,15707
573095,2015-10-27,14239
573096,2015-10-27,14004
573100,2015-10-27,17528
573102,2015-10-27,13266
573103,2015-10-27,16513
573104,2015-10-27,17652
573106,2015-10-27,12626
573108,2015-10-27,12430
573109,2015-10-27,15144
573110,2015-10-27,17677
573111,2015-10-27,17677
573112,2015-10-27,16416
573113,2015-10-27,18261
573116,2015-10-27,14525
573117,2015-10-27,16688
573119,2015-10-27,15498
573121,2015-10-27,15498
573122,2015-10-27,14357
573123,2015-10-27,13654
573124,2015-10-27,13654
573125,2015-10-27,16855
573126,2015-10-27,15738
573128,2015-10-27,13538
573129,2015-10-27,13147
573130,2015-10-27,13969
573131,2015-10-27,15622
573132,2015-10-27,15189
573133,2015-10-27,15288
573134,2015-10-27,12952
573135,2015-10-27,12952
573136,2015-10-27,12709
573138,2015-10-27,15023
573139,2015-10-27,14716
573140,2015-10-27,15955
573141,2015-10-27,16680
573142,2015-10-27,18035
573143,2015-10-27,13098
573144,2015-10-27,18035
573145,2015-10-27,18219
573146,2015-10-27,16422
573149,2015-10-27,16438
573150,2015-10-27,15014
573151,2015-10-27,17602
573152,2015-10-27,17530
573153,2015-10-28,12678
573155,2015-10-28,13632
573156,2015-10-28,16656
573157,2015-10-28,17669
573158,2015-10-28,14738
573159,2015-10-28,16648
573160,2015-10-28,14359
573161,2015-10-28,17736
573162,2015-10-28,15611
573163,2015-10-28,16843
573164,2015-10-28,13993
573165,2015-10-28,16164
573166,2015-10-28,13089
573167,2015-10-28,18287
573168,2015-10-28,13798
573171,2015-10-28,14218
573173,2015-10-28,12362
573175,2015-10-28,15096
573178,2015-10-28,14412
573179,2015-10-28,13199
573182,2015-10-28,14232
573183,2015-10-28,15028
573184,2015-10-28,14110
573185,2015-10-28,17730
573195,2015-10-28,12432
573196,2015-10-28,15028
573200,2015-10-28,12432
573230,2015-10-28,13199
573231,2015-10-28,15267
573245,2015-10-28,17841
573248,2015-10-28,14498
573261,2015-10-28,17949
573262,2015-10-28,16851
573263,2015-10-28,13694
573264,2015-10-28,14415
573265,2015-10-28,16150
573266,2015-10-28,15290
573269,2015-10-28,16764
573270,2015-10-28,17418
573272,2015-10-28,13102
573273,2015-10-28,12678
573275,2015-10-28,15311
573276,2015-10-28,13985
573277,2015-10-28,14606
573278,2015-10-28,16102
573279,2015-10-28,16107
573280,2015-10-28,14221
573281,2015-10-28,12895
573282,2015-10-28,18030
573284,2015-10-28,13812
573285,2015-10-28,17611
573287,2015-10-28,14194
573288,2015-10-28,14194
573289,2015-10-28,12705
573291,2015-10-28,16554
573292,2015-10-28,14416
573294,2015-10-28,14397
573295,2015-10-28,14440
573300,2015-10-28,16049
573305,2015-10-28,17837
573309,2015-10-28,17272
573311,2015-10-28,14071
573314,2015-10-28,16987
573315,2015-10-28,17839
573316,2015-10-28,12657
573319,2015-10-30,17651
573320,2015-10-30,15513
573322,2015-10-30,15769
573323,2015-10-30,15708
573324,2015-10-30,16235
573325,2015-10-30,15370
573326,2015-10-30,15298
573327,2015-10-30,15298
573328,2015-10-30,16601
573329,2015-10-30,14810
573330,2015-10-30,16923
573331,2015-10-30,15860
573332,2015-10-30,15059
573333,2015-10-30,12483
573334,2015-10-30,12912
573335,2015-10-30,15059
573336,2015-10-30,17372
573337,2015-10-30,17018
573338,2015-10-30,14546
573339,2015-10-30,13278
573340,2015-10-30,14159
573341,2015-10-30,16949
573342,2015-10-30,14582
573343,2015-10-30,13566
573344,2015-10-30,14179
573345,2015-10-30,17609
573346,2015-10-30,17255
573347,2015-10-30,13137
573348,2015-10-30,14487
573349,2015-10-30,17609
573350,2015-10-30,17725
573351,2015-10-30,13524
573352,2015-10-30,14077
573353,2015-10-30,16115
573354,2015-10-30,14040
573355,2015-10-30,15865
573356,2015-10-30,15251
573357,2015-10-30,15251
573358,2015-10-30,17213
573359,2015-10-30,14178
573360,2015-10-30,15748
573361,2015-10-30,14456
573362,2015-10-30,12597
573363,2015-10-30,16079
573364,2015-10-30,14710
573365,2015-10-30,12584
573366,2015-10-30,16361
573367,2015-10-30,16145
573368,2015-10-30,14507
573369,2015-10-30,16049
573370,2015-10-30,16626
573371,2015-10-30,13113
573372,2015-10-30,12971
573373,2015-10-30,14684
573374,2015-10-30,14755
573375,2015-10-30,15521
573376,2015-10-30,13617
573377,2015-10-30,14653
573378,2015-10-30,14217
573379,2015-10-30,15680
573380,2015-10-30,14572
573381,2015-10-30,17590
573382,2015-10-30,17655
573383,2015-10-30,17447
573384,2015-10-30,15478
573385,2015-10-30,13421
573386,2015-10-30,17183
573387,2015-10-30,15054
573388,2015-10-30,14895
573389,2015-10-30,14895
573390,2015-10-30,17213
573391,2015-10-30,14911
573392,2015-10-30,15376
573393,2015-10-30,14158
573394,2015-10-30,13089
573395,2015-10-30,15385
573396,2015-10-30,14723
573397,2015-10-30,15547
573398,2015-10-30,17373
573399,2015-10-30,13949
573400,2015-10-30,17796
573401,2015-10-30,12364
573402,2015-10-30,12494
573403,2015-10-30,16506
573404,2015-10-30,14295
573405,2015-10-30,13822
573406,2015-10-30,14112
573407,2015-10-30,18067
573408,2015-10-30,16190
573409,2015-10-30,14112
573410,2015-10-30,15669
573411,2015-10-30,13870
573412,2015-10-30,13870
573413,2015-10-30,15444
573414,2015-10-30,16877
573415,2015-10-30,13607
573416,2015-10-31,14688
573417,2015-10-31,12581
573418,2015-10-31,15360
573419,2015-10-31,13103
573420,2015-10-31,18223
573421,2015-10-31,14292
573422,2015-10-31,14292
573423,2015-10-31,16133
573424,2015-10-31,12720
573425,2015-10-31,16836
573428,2015-10-31,12571
573430,2015-10-31,13813
573442,2015-10-31,12488
573452,2015-10-31,17450
573464,2015-10-31,15667
573481,2015-10-31,13994
573483,2015-10-31,15793
573484,2015-10-31,14883
573485,2015-10-31,15752
573486,2015-10-31,13186
573492,2015-10-31,13544
573496,2015-10-31,17841
573500,2015-10-31,16931
573501,2015-10-31,18055
573504,2015-10-31,13983
573507,2015-10-31,13651
573508,2015-10-31,12552
573509,2015-10-31,16169
573510,2015-10-31,14808
573511,2015-10-31,12347
573512,2015-10-31,17951
573531,2015-10-31,12909
573532,2015-10-31,13145
573542,2015-10-31,14702
573543,2015-10-31,17777
573544,2015-10-31,12856
573545,2015-10-31,16969
573546,2015-10-31,15974
573548,2015-10-31,13680
573551,2015-10-31,15044
573552,2015-10-31,13203
573556,2015-10-31,17675
573564,2015-10-31,16127
573572,2015-10-31,14527
573576,2015-10-31,14096
573577,2015-10-31,17396
573578,2015-10-31,16018
573579,2015-10-31,15033
573581,2015-10-31,14911
573582,2015-10-31,16633
573583,2015-10-31,14167
573584,2015-10-31,16705
573586,2015-10-31,14704
573587,2015-10-31,18257
573588,2015-10-31,12588
573599,2015-10-31,17924
573600,2015-10-31,17924
573629,2015-10-31,12522
573632,2015-10-31,15329
573656,2015-10-31,12417
573665,2015-10-31,13982
573666,2015-10-31,15977
573695,2015-10-31,15023
573744,2015-11-01,17733
573745,2015-11-01,17419
573746,2015-11-01,13461
573747,2015-11-01,13697
573748,2015-11-01,14911
573749,2015-11-01,17389
573757,2015-11-01,17166
573758,2015-11-01,14345
573762,2015-11-01,13758
573763,2015-11-01,17139
573768,2015-11-01,12552
573769,2015-11-01,13292
573770,2015-11-01,15214
573772,2015-11-01,17377
573773,2015-11-01,13327
573774,2015-11-01,16029
573775,2015-11-01,13881
573776,2015-11-01,13468
573777,2015-11-01,13726
573778,2015-11-01,18092
573780,2015-11-01,17503
573808,2015-11-01,14419
573814,2015-11-01,13268
573822,2015-11-01,15527
573829,2015-11-01,16830
573830,2015-11-01,16960
573840,2015-11-01,14866
573841,2015-11-01,14995
573846,2015-11-01,14866
573863,2015-11-01,16825
573865,2015-11-01,15311
573866,2015-11-01,17495
573867,2015-11-01,12674
573868,2015-11-01,12491
573870,2015-11-01,14485
573871,2015-11-01,14426
573872,2015-11-01,17243
573873,2015-11-01,17346
573874,2015-11-01,13868
573875,2015-11-01,15018
573876,2015-11-01,16360
573877,2015-11-01,14432
573878,2015-11-01,14243
573879,2015-11-01,15039
573886,2015-11-01,14401
573887,2015-11-01,16173
573888,2015-11-01,17696
573889,2015-11-01,13571
573890,2015-11-01,12748
573891,2015-11-01,12682
573892,2015-11-01,14911
573893,2015-11-01,18270
573894,2015-11-01,17812
573895,2015-11-01,15423
573896,2015-11-01,13755
573897,2015-11-01,16729
573898,2015-11-01,14562
573899,2015-11-01,15847
573900,2015-11-01,17668
573901,2015-11-01,14191
573902,2015-11-01,17428
573903,2015-11-01,14667
573904,2015-11-01,14505
573905,2015-11-01,16971
573906,2015-11-01,16458
573907,2015-11-01,13021
573908,2015-11-01,17739
573909,2015-11-01,17813
573910,2015-11-01,13969
573911,2015-11-01,17315
573912,2015-11-01,17888
573913,2015-11-01,17653
573914,2015-11-01,14383
573915,2015-11-01,15511
573917,2015-11-01,18135
573918,2015-11-01,17576
573921,2015-11-02,16352
573922,2015-11-02,14032
573923,2015-11-02,17965
573924,2015-11-02,15065
573927,2015-11-02,13890
573928,2015-11-02,16839
573930,2015-11-02,17811
573931,2015-11-02,16884
573932,2015-11-02,17966
573933,2015-11-02,17135
573934,2015-11-02,17719
573937,2015-11-02,15830
573945,2015-11-02,17663
573955,2015-11-02,14216
573982,2015-11-02,12901
573992,2015-11-02,15275
573993,2015-11-02,16790
573994,2015-11-02,17135
573995,2015-11-02,16308
573996,2015-11-02,16747
573999,2015-11-02,12779
574009,2015-11-02,15750
574011,2015-11-02,16884
574012,2015-11-02,12830
574013,2015-11-02,14285
574014,2015-11-02,12415
574015,2015-11-02,15576
574016,2015-11-02,18105
574017,2015-11-02,16014
574018,2015-11-02,13477
574020,2015-11-02,14673
574021,2015-11-02,14434
574022,2015-11-02,12594
574023,2015-11-02,14390
574024,2015-11-02,17410
574025,2015-11-02,12748
574029,2015-11-02,12955
574032,2015-11-02,17754
574033,2015-11-02,16558
574034,2015-11-02,17841
574035,2015-11-02,14606
574036,2015-11-02,16607
574037,2015-11-02,16043
574038,2015-11-02,18164
574039,2015-11-02,17800
574040,2015-11-02,14974
574041,2015-11-02,15805
574042,2015-11-02,17947
574043,2015-11-02,16367
574044,2015-11-02,16210
574045,2015-11-02,13854
574046,2015-11-02,15743
574047,2015-11-02,13318
574048,2015-11-02,13769
574049,2015-11-02,13316
574050,2015-11-02,13904
574051,2015-11-02,14102
574052,2015-11-02,16706
574053,2015-11-02,16379
574054,2015-11-02,18104
574055,2015-11-02,16525
574056,2015-11-02,14646
574058,2015-11-02,14646
574059,2015-11-02,14646
574060,2015-11-02,16531
574062,2015-11-02,17675
574063,2015-11-02,13271
574064,2015-11-02,17434
574066,2015-11-02,13183
574067,2015-11-02,14088
574068,2015-11-02,12490
574069,2015-11-02,17735
574070,2015-11-02,16748
574071,2015-11-02,12654
574072,2015-11-02,15414
574075,2015-11-02,16365
574077,2015-11-02,17999
574079,2015-11-02,17595
574080,2015-11-02,16348
574081,2015-11-02,15804
574082,2015-11-02,16205
574084,2015-11-02,14528
574085,2015-11-02,17432
574086,2015-11-03,15651
574087,2015-11-03,15651
574088,2015-11-03,18044
574089,2015-11-03,17611
574090,2015-11-03,17442
574091,2015-11-03,17086
574092,2015-11-03,16684
574093,2015-11-03,12437
574096,2015-11-03,13599
574097,2015-11-03,12471
574098,2015-11-03,16337
574099,2015-11-03,12808
574100,2015-11-03,14098
574102,2015-11-03,16128
574103,2015-11-03,13636
574104,2015-11-03,12615
574107,2015-11-03,13728
574138,2015-11-03,12415
574143,2015-11-03,18041
574149,2015-11-03,13709
574150,2015-11-03,13709
574154,2015-11-03,13709
574161,2015-11-03,17816
574165,2015-11-03,14815
574169,2015-11-03,17491
574170,2015-11-03,16221
574175,2015-11-03,14110
574182,2015-11-03,16841
574194,2015-11-03,15227
574196,2015-11-03,15227
574226,2015-11-03,17306
574227,2015-11-03,16992
574228,2015-11-03,16678
574233,2015-11-03,16929
574234,2015-11-03,15271
574237,2015-11-03,15551
574239,2015-11-03,14849
574240,2015-11-03,15998
574241,2015-11-03,14849
574242,2015-11-03,17653
574245,2015-11-03,14849
574246,2015-11-03,14849
574247,2015-11-03,13168
574249,2015-11-03,16347
574250,2015-11-03,17634
574251,2015-11-03,18205
574252,2015-11-03,12437
574253,2015-11-03,15252
574255,2015-11-03,12569
574258,2015-11-03,16891
574260,2015-11-03,13014
574262,2015-11-03,13721
574265,2015-11-03,15605
574269,2015-11-03,15570
574271,2015-11-03,14607
574272,2015-11-03,16500
574273,2015-11-03,16322
574274,2015-11-03,16500
574275,2015-11-03,12352
574276,2015-11-03,17857
574277,2015-11-03,17857
574278,2015-11-03,15814
574279,2015-11-03,14878
574280,2015-11-03,13408
574281,2015-11-03,14856
574282,2015-11-03,15612
574283,2015-11-03,14856
574284,2015-11-03,17644
574285,2015-11-03,17450
574286,2015-11-03,17644
574287,2015-11-03,14723
574289,2015-11-03,17750
574290,2015-11-03,17403
574292,2015-11-03,16914
574293,2015-11-03,17450
574294,2015-11-03,16333
574295,2015-11-03,17389
574297,2015-11-03,16602
574299,2015-11-03,16746
574300,2015-11-03,14636
574301,2015-11-03,12544
574302,2015-11-03,13914
574303,2015-11-03,13324
574304,2015-11-03,14428
574305,2015-11-03,18081
574306,2015-11-03,17481
574307,2015-11-03,15809
574308,2015-11-03,16409
574310,2015-11-03,13467
574311,2015-11-03,15640
574312,2015-11-03,17221
574313,2015-11-03,13267
574314,2015-11-03,13500
574315,2015-11-03,17076
574316,2015-11-03,17351
574317,2015-11-03,17078
574319,2015-11-03,15482
574320,2015-11-03,17078
574321,2015-11-03,16016
574323,2015-11-03,16438
574324,2015-11-04,16684
574325,2015-11-04,16839
574326,2015-11-04,14913
574327,2015-11-04,13013
574328,2015-11-04,13081
574329,2015-11-04,12362
574330,2015-11-04,12971
574331,2015-11-04,13178
574332,2015-11-04,12664
574333,2015-11-04,16671
574334,2015-11-04,16672
574335,2015-11-04,13592
574336,2015-11-04,12397
574338,2015-11-04,14150
574340,2015-11-04,17377
574341,2015-11-04,18102
574342,2015-11-04,13447
574343,2015-11-04,12576
574345,2015-11-04,15845
574346,2015-11-04,17930
574348,2015-11-04,13756
574349,2015-11-04,13495
574351,2015-11-04,17348
574352,2015-11-04,18102
574353,2015-11-04,14659
574354,2015-11-04,17203
574355,2015-11-04,18102
574363,2015-11-04,18102
574368,2015-11-04,13004
574383,2015-11-04,18102
574387,2015-11-04,12944
574393,2015-11-04,13313
574442,2015-11-04,12704
574444,2015-11-04,18122
574445,2015-11-04,15722
574446,2015-11-04,15722
574466,2015-11-04,18172
574467,2015-11-04,18172
574468,2015-11-04,18172
574469,2015-11-04,12431
574470,2015-11-04,12748
574471,2015-11-04,17677
574474,2015-11-04,17979
574475,2015-11-04,14132
574476,2015-11-04,17203
574477,2015-11-04,15453
574478,2015-11-04,17203
574479,2015-11-04,18035
574480,2015-11-04,15010
574481,2015-11-04,18022
574482,2015-11-04,17193
574484,2015-11-04,14388
574485,2015-11-04,13798
574490,2015-11-04,17690
574491,2015-11-04,16318
574501,2015-11-04,12577
574502,2015-11-04,17274
574506,2015-11-04,12577
574509,2015-11-04,16012
574511,2015-11-04,15597
574513,2015-11-04,15291
574514,2015-11-04,15311
574521,2015-11-04,15358
574523,2015-11-04,18167
574528,2015-11-04,16782
574529,2015-11-04,17233
574530,2015-11-04,16887
574531,2015-11-04,12748
574532,2015-11-04,15676
574533,2015-11-04,12928
574534,2015-11-04,15061
574535,2015-11-04,16555
574536,2015-11-04,15707
574537,2015-11-04,13938
574544,2015-11-04,17084
574545,2015-11-04,17084
574546,2015-11-04,13651
574547,2015-11-04,17841
574549,2015-11-04,17841
574550,2015-11-04,12484
574555,2015-11-04,16426
574557,2015-11-04,17652
574559,2015-11-04,14056
574560,2015-11-04,17703
574573,2015-11-04,14592
574575,2015-11-04,14971
574576,2015-11-04,14971
574585,2015-11-06,17133
574586,2015-11-06,14882
574587,2015-11-06,14936
574588,2015-11-06,14936
574589,2015-11-06,15017
574590,2015-11-06,18077
574591,2015-11-06,15745
574592,2015-11-06,14820
574619,2015-11-06,15952
574624,2015-11-06,17769
574629,2015-11-06,16326
574631,2015-11-06,12882
574643,2015-11-06,17387
574653,2015-11-06,12619
574654,2015-11-06,15571
574655,2015-11-06,16466
574656,2015-11-06,16434
574657,2015-11-06,13772
574659,2015-11-06,16942
574660,2015-11-06,15407
574661,2015-11-06,13447
574662,2015-11-06,16676
574663,2015-11-06,13527
574664,2015-11-06,14482
574665,2015-11-06,16168
574666,2015-11-06,16168
574667,2015-11-06,15514
574668,2015-11-06,15514
574669,2015-11-06,13727
574670,2015-11-06,12838
574671,2015-11-06,16744
574672,2015-11-06,13532
574673,2015-11-06,15555
574674,2015-11-06,14404
574675,2015-11-06,17289
574676,2015-11-06,16243
574677,2015-11-06,16445
574678,2015-11-06,13365
574679,2015-11-06,12645
574680,2015-11-06,15078
574681,2015-11-06,15156
574682,2015-11-06,14963
574683,2015-11-06,16372
574684,2015-11-06,17581
574685,2015-11-06,17581
574686,2015-11-06,17608
574687,2015-11-06,17581
574688,2015-11-06,17608
574689,2015-11-06,16372
574690,2015-11-06,12638
574691,2015-11-06,14174
574692,2015-11-06,16771
574693,2015-11-06,14553
574694,2015-11-06,12381
574695,2015-11-06,17114
574696,2015-11-06,13634
574697,2015-11-06,16488
574698,2015-11-06,14039
574699,2015-11-06,13040
574700,2015-11-06,16033
574701,2015-11-06,15426
574702,2015-11-06,15839
574703,2015-11-06,15426
574704,2015-11-06,15696
574705,2015-11-06,14553
574706,2015-11-06,16790
574707,2015-11-06,17107
574708,2015-11-06,17107
574709,2015-11-06,17768
574710,2015-11-06,15427
574711,2015-11-06,14517
574713,2015-11-06,12628
574714,2015-11-06,15427
574715,2015-11-06,14135
574716,2015-11-06,14502
574717,2015-11-06,18170
574718,2015-11-06,15513
574719,2015-11-06,14511
574720,2015-11-06,14547
574721,2015-11-06,17920
574722,2015-11-06,14502
574723,2015-11-06,15150
574724,2015-11-06,13759
574725,2015-11-06,15883
574726,2015-11-06,14664
574727,2015-11-06,15526
574728,2015-11-06,13719
574729,2015-11-06,15526
574730,2015-11-06,14824
574731,2015-11-06,17831
574732,2015-11-06,13523
574733,2015-11-06,17082
574734,2015-11-06,15025
574735,2015-11-06,13155
574736,2015-11-06,17131
574737,2015-11-06,14868
574738,2015-11-06,12748
574739,2015-11-06,16357
574740,2015-11-06,12357
574741,2015-11-06,15993
574743,2015-11-06,15351
574744,2015-11-07,16612
574745,2015-11-07,14911
574746,2015-11-07,16523
574747,2015-11-07,15618
574749,2015-11-07,15150
574750,2015-11-07,17164
574751,2015-11-07,17164
574752,2015-11-07,17164
574754,2015-11-07,17430
574755,2015-11-07,13078
574756,2015-11-07,13534
574777,2015-11-07,17761
574824,2015-11-07,13097
574826,2015-11-07,15870
574827,2015-11-07,14080
574829,2015-11-07,17389
574830,2015-11-07,16053
574831,2015-11-07,15522
574832,2015-11-07,17183
574833,2015-11-07,12827
574834,2015-11-07,13139
574835,2015-11-07,13139
574836,2015-11-07,17623
574837,2015-11-07,15785
574838,2015-11-07,12484
574839,2015-11-07,15493
574840,2015-11-07,12748
574841,2015-11-07,14156
574842,2015-11-07,13890
574844,2015-11-07,12783
574846,2015-11-07,14702
574852,2015-11-07,15493
574860,2015-11-07,17857
574861,2015-11-07,17368
574862,2015-11-07,12408
574863,2015-11-07,15719
574864,2015-11-07,14387
574866,2015-11-07,12748
574867,2015-11-07,16817
574868,2015-11-07,13824
574869,2015-11-07,12708
574870,2015-11-07,17811
574871,2015-11-07,14527
574873,2015-11-07,16362
574874,2015-11-07,14911
574877,2015-11-07,16637
574878,2015-11-07,14653
574879,2015-11-07,13014
574880,2015-11-07,18016
574881,2015-11-07,12832
574882,2015-11-07,13599
574883,2015-11-07,14623
574884,2015-11-07,15291
574885,2015-11-07,12472
574887,2015-11-07,13717
574888,2015-11-07,16353
574889,2015-11-07,16353
574890,2015-11-07,18229
574891,2015-11-07,14606
574892,2015-11-07,14700
574893,2015-11-07,18036
574895,2015-11-07,16570
574896,2015-11-07,17014
574898,2015-11-07,16242
574899,2015-11-07,14426
574901,2015-11-07,17158
574903,2015-11-07,17302
574907,2015-11-07,17043
574908,2015-11-07,16009
574909,2015-11-07,13673
574910,2015-11-07,16348
574911,2015-11-07,14073
574913,2015-11-07,13323
574914,2015-11-07,17109
574915,2015-11-07,16779
574916,2015-11-07,16790
574917,2015-11-07,14135
574919,2015-11-07,16241
574920,2015-11-07,13985
574921,2015-11-07,16070
574923,2015-11-07,17757
574933,2015-11-07,18150
574934,2015-11-07,16717
574935,2015-11-07,13199
574936,2015-11-07,13066
574937,2015-11-07,15344
574938,2015-11-07,14911
574939,2015-11-07,17109
574940,2015-11-07,14929
574942,2015-11-07,15330
574943,2015-11-08,13026
574944,2015-11-08,13710
574945,2015-11-08,15434
574947,2015-11-08,16422
574948,2015-11-08,15805
574949,2015-11-08,14360
574951,2015-11-08,15763
574952,2015-11-08,13924
574953,2015-11-08,16187
574956,2015-11-08,16732
574958,2015-11-08,14050
574959,2015-11-08,17886
574960,2015-11-08,17091
574961,2015-11-08,12971
574962,2015-11-08,15194
574963,2015-11-08,12919
574964,2015-11-08,13329
574965,2015-11-08,17964
574966,2015-11-08,14901
574994,2015-11-08,17870
575003,2015-11-08,15950
575007,2015-11-08,14140
575017,2015-11-08,17219
575027,2015-11-08,13199
575034,2015-11-08,15573
575036,2015-11-08,15249
575037,2015-11-08,16066
575038,2015-11-08,18135
575039,2015-11-08,15005
575040,2015-11-08,13381
575041,2015-11-08,17289
575043,2015-11-08,13047
575045,2015-11-08,14910
575046,2015-11-08,15039
575049,2015-11-08,12721
575050,2015-11-08,16505
575051,2015-11-08,15957
575053,2015-11-08,16945
575054,2015-11-08,16945
575059,2015-11-08,14071
575060,2015-11-08,13089
575061,2015-11-08,14524
575062,2015-11-08,17651
575063,2015-11-08,16764
575066,2015-11-08,13668
575067,2015-11-08,12583
575068,2015-11-08,14282
575069,2015-11-08,17637
575070,2015-11-08,17841
575071,2015-11-08,12990
575072,2015-11-08,14560
575073,2015-11-08,13975
575074,2015-11-08,15356
575075,2015-11-08,13975
575076,2015-11-08,16639
575077,2015-11-08,15406
575078,2015-11-08,17633
575080,2015-11-08,14676
575083,2015-11-08,18123
575085,2015-11-08,12849
575086,2015-11-08,16618
575087,2015-11-08,16549
575088,2015-11-08,13272
575089,2015-11-08,13437
575090,2015-11-08,17515
575091,2015-11-08,17160
575117,2015-11-08,12748
575125,2015-11-08,15043
575127,2015-11-08,13695
575128,2015-11-08,16837
575129,2015-11-08,13110
575131,2015-11-08,15208
575132,2015-11-08,18177
575133,2015-11-08,14667
575134,2015-11-08,14667
575135,2015-11-08,13928
575136,2015-11-08,15103
575137,2015-11-08,13090
575139,2015-11-08,16863
575140,2015-11-08,18198
575141,2015-11-08,15615
575143,2015-11-08,13643
575144,2015-11-08,12540
575145,2015-11-08,14116
575146,2015-11-08,17313
575147,2015-11-08,17937
575148,2015-11-08,13867
575149,2015-11-08,16626
575151,2015-11-08,12395
575152,2015-11-08,16284
575154,2015-11-08,12395
575163,2015-11-08,17961
575164,2015-11-08,18216
575165,2015-11-08,14342
575166,2015-11-08,17022
575167,2015-11-08,15153
575168,2015-11-08,15290
575169,2015-11-08,14367
575170,2015-11-08,17006
575178,2015-11-09,13798
575179,2015-11-09,14284
575180,2015-11-09,15187
575181,2015-11-09,14709
575182,2015-11-09,14709
575183,2015-11-09,13046
575184,2015-11-09,16839
575185,2015-11-09,14051
575186,2015-11-09,17611
575187,2015-11-09,16759
575188,2015-11-09,16759
575189,2015-11-09,13029
575190,2015-11-09,15189
575191,2015-11-09,18144
575192,2015-11-09,16205
575193,2015-11-09,12681
575194,2015-11-09,16767
575195,2015-11-09,16767
575196,2015-11-09,16767
575197,2015-11-09,16767
575198,2015-11-09,12921
575199,2015-11-09,12921
575200,2015-11-09,12921
575201,2015-11-09,13629
575202,2015-11-09,13018
575203,2015-11-09,13018
575204,2015-11-09,15027
575205,2015-11-09,13147
575206,2015-11-09,14298
575207,2015-11-09,18172
575208,2015-11-09,18172
575209,2015-11-09,14214
575210,2015-11-09,14732
575211,2015-11-09,17377
575212,2015-11-09,14108
575213,2015-11-09,16210
575214,2015-11-09,16751
575215,2015-11-09,18109
575216,2015-11-09,13384
575217,2015-11-09,14794
575218,2015-11-09,16592
575219,2015-11-09,17511
575220,2015-11-09,17511
575221,2015-11-09,12949
575222,2015-11-09,16880
575255,2015-11-09,15769
575256,2015-11-09,13408
575258,2015-11-09,13623
575269,2015-11-09,17865
575291,2015-11-09,16656
575296,2015-11-09,16041
575297,2015-11-09,15134
575298,2015-11-09,17841
575299,2015-11-09,14691
575300,2015-11-09,13804
575301,2015-11-09,13804
575302,2015-11-09,17086
575303,2015-11-09,12893
575304,2015-11-09,17841
575305,2015-11-09,14188
575312,2015-11-09,13588
575317,2015-11-09,17402
575318,2015-11-09,14921
575319,2015-11-09,14836
575320,2015-11-09,17011
575321,2015-11-09,15311
575322,2015-11-09,14543
575323,2015-11-09,15392
575324,2015-11-09,14240
575325,2015-11-09,17293
575326,2015-11-09,12532
575328,2015-11-09,17857
575329,2015-11-09,17038
575330,2015-11-09,15152
575331,2015-11-09,13209
575332,2015-11-09,13209
575333,2015-11-09,13209
575334,2015-11-09,14493
575335,2015-11-09,12931
575336,2015-11-09,14968
575337,2015-11-09,17867
575338,2015-11-09,17867
575339,2015-11-09,15555
575340,2015-11-09,15485
575342,2015-11-09,17528
575352,2015-11-09,12504
575356,2015-11-09,13882
575360,2015-11-09,16516
575366,2015-11-09,14621
575367,2015-11-09,15114
575368,2015-11-09,14482
575369,2015-11-09,16655
575370,2015-11-09,13522
575371,2015-11-09,14132
575383,2015-11-09,15986
575384,2015-11-09,17690
575387,2015-11-09,13992
575388,2015-11-09,12971
575389,2015-11-09,12971
575390,2015-11-09,12971
575391,2015-11-09,14354
575392,2015-11-09,14234
575410,2015-11-09,17705
575415,2015-11-09,16168
575418,2015-11-09,16986
575433,2015-11-09,16953
575475,2015-11-09,17702
575476,2015-11-09,15046
575480,2015-11-09,15594
575481,2015-11-09,15679
575482,2015-11-09,15916
575483,2015-11-09,16996
575484,2015-11-09,16670
575485,2015-11-09,18274
575486,2015-11-09,14911
575487,2015-11-09,15450
575490,2015-11-09,15031
575491,2015-11-09,15531
575492,2015-11-10,18236
575493,2015-11-10,18210
575494,2015-11-10,17500
575495,2015-11-10,14944
575496,2015-11-10,14944
575497,2015-11-10,14944
575498,2015-11-10,12708
575499,2015-11-10,16003
575500,2015-11-10,16003
575501,2015-11-10,16218
575502,2015-11-10,16700
575504,2015-11-10,14895
575507,2015-11-10,17197
575508,2015-11-10,14646
575509,2015-11-10,17101
575510,2015-11-10,14646
575512,2015-11-10,14121
575514,2015-11-10,12541
575515,2015-11-10,17315
575516,2015-11-10,17340
575517,2015-11-10,14562
575519,2015-11-10,12682
575520,2015-11-10,17537
575525,2015-11-10,13983
575563,2015-11-10,17521
575574,2015-11-10,14606
575576,2015-11-10,16025
575579,2015-11-10,13081
575581,2015-11-10,12659
575582,2015-11-10,16986
575583,2015-11-10,14456
575584,2015-11-10,12682
575586,2015-11-10,12981
575587,2015-11-10,17461
575589,2015-11-10,14262
575591,2015-11-10,17791
575593,2015-11-10,14226
575595,2015-11-10,15452
575602,2015-11-10,17059
575603,2015-11-10,18125
575604,2015-11-10,16011
575605,2015-11-10,17188
575607,2015-11-10,14096
575609,2015-11-10,17243
575610,2015-11-10,16628
575611,2015-11-10,17861
575612,2015-11-10,17416
575618,2015-11-10,15463
575619,2015-11-10,14712
575620,2015-11-10,17573
575621,2015-11-10,16892
575622,2015-11-10,16743
575623,2015-11-10,14064
575624,2015-11-10,18217
575627,2015-11-10,17977
575628,2015-11-10,12844
575629,2015-11-10,12599
575631,2015-11-10,15184
575632,2015-11-10,12473
575633,2015-11-10,15355
575634,2015-11-10,13266
575636,2015-11-10,12473
575637,2015-11-10,16904
575639,2015-11-10,15289
575640,2015-11-10,13148
575642,2015-11-10,14466
575643,2015-11-10,13267
575647,2015-11-10,16440
575652,2015-11-10,12748
575654,2015-11-10,15238
575655,2015-11-10,16434
575656,2015-11-10,13319
575657,2015-11-10,13319
575658,2015-11-10,13319
575659,2015-11-10,13576
575660,2015-11-10,15297
575661,2015-11-10,12617
575668,2015-11-10,18283
575671,2015-11-10,12670
575673,2015-11-10,14863
575674,2015-11-10,13468
575675,2015-11-10,18283
575676,2015-11-10,13499
575678,2015-11-10,16169
575680,2015-11-10,13148
575681,2015-11-10,16903
575682,2015-11-10,12826
575683,2015-11-10,17389
575684,2015-11-10,14397
575685,2015-11-10,15694
575686,2015-11-10,17716
575687,2015-11-10,16126
575688,2015-11-10,18230
575689,2015-11-10,14829
575690,2015-11-10,14189
575691,2015-11-10,14180
575692,2015-11-10,12508
575693,2015-11-10,16979
575694,2015-11-10,12748
575695,2015-11-10,17502
575697,2015-11-10,16094
575698,2015-11-10,16094
575700,2015-11-10,15111
575701,2015-11-10,13396
575702,2015-11-10,17109
575703,2015-11-10,13767
575705,2015-11-10,15159
575706,2015-11-10,14713
575707,2015-11-10,12538
575708,2015-11-10,13460
575709,2015-11-10,14646
575710,2015-11-10,17901
575711,2015-11-10,14560
575712,2015-11-10,13606
575713,2015-11-10,13817
575718,2015-11-10,16907
575723,2015-11-10,14748
575724,2015-11-10,14608
575725,2015-11-10,13098
575726,2015-11-10,16791
575727,2015-11-10,18135
575728,2015-11-10,14911
575729,2015-11-10,17932
575730,2015-11-10,14765
575731,2015-11-10,13230
575732,2015-11-11,12712
575733,2015-11-11,13810
575734,2015-11-11,12384
575735,2015-11-11,14156
575736,2015-11-11,12697
575737,2015-11-11,14789
575738,2015-11-11,16790
575740,2015-11-11,18130
575741,2015-11-11,13727
575742,2015-11-11,14309
575743,2015-11-11,12757
575744,2015-11-11,14035
575745,2015-11-11,16458
575747,2015-11-11,12589
575750,2015-11-11,12600
575751,2015-11-11,14911
575753,2015-11-11,17841
575754,2015-11-11,17295
575755,2015-11-11,17015
575756,2015-11-11,18118
575757,2015-11-11,17295
575760,2015-11-11,15965
575764,2015-11-11,15965
575765,2015-11-11,17730
575766,2015-11-11,12856
575767,2015-11-11,17348
575787,2015-11-11,12518
575828,2015-11-11,17162
575830,2015-11-11,14226
575837,2015-11-11,12748
575838,2015-11-11,13999
575840,2015-11-11,13137
575842,2015-11-11,15024
575843,2015-11-11,14446
575845,2015-11-11,12598
575846,2015-11-11,17364
575847,2015-11-11,18209
575848,2015-11-11,14178
575849,2015-11-11,14790
575850,2015-11-11,17512
575851,2015-11-11,14662
575852,2015-11-11,17238
575853,2015-11-11,16912
575854,2015-11-11,14125
575855,2015-11-11,14527
575856,2015-11-11,16386
575866,2015-11-11,16107
575867,2015-11-11,15034
575868,2015-11-11,12985
575869,2015-11-11,14543
575870,2015-11-11,15557
575871,2015-11-11,14911
575873,2015-11-11,17677
575874,2015-11-11,17054
575876,2015-11-11,15608
575877,2015-11-11,14907
575878,2015-11-11,13588
575880,2015-11-11,12726
575882,2015-11-11,16671
575884,2015-11-11,12685
575885,2015-11-11,16460
575886,2015-11-11,12517
575887,2015-11-11,17243
575888,2015-11-11,12517
575889,2015-11-11,16433
575890,2015-11-11,15602
575891,2015-11-11,15692
575892,2015-11-11,16332
575893,2015-11-11,17088
575894,2015-11-11,12748
575895,2015-11-11,17052
575896,2015-11-11,12480
575897,2015-11-11,15492
575898,2015-11-11,16368
575899,2015-11-11,16133
575902,2015-11-11,15544
575903,2015-11-11,13557
575904,2015-11-11,18014
575905,2015-11-11,13732
575908,2015-11-11,13091
575910,2015-11-11,14836
575911,2015-11-11,17314
575914,2015-11-11,17071
575915,2015-11-11,15903
575916,2015-11-11,12691
575917,2015-11-11,13895
575918,2015-11-11,17191
575919,2015-11-11,15311
575920,2015-11-11,15473
575922,2015-11-11,15681
575923,2015-11-11,17069
575924,2015-11-11,17069
575929,2015-11-11,13310
575931,2015-11-13,16560
575932,2015-11-13,16923
575933,2015-11-13,14911
575935,2015-11-13,17838
575936,2015-11-13,17041
575937,2015-11-13,12935
575938,2015-11-13,17790
575939,2015-11-13,13004
575941,2015-11-13,16438
575942,2015-11-13,15599
575943,2015-11-13,17920
575944,2015-11-13,16571
575945,2015-11-13,15864
575946,2015-11-13,13892
575948,2015-11-13,14661
575949,2015-11-13,16711
575950,2015-11-13,16983
575951,2015-11-13,13450
575952,2015-11-13,16015
575954,2015-11-13,17211
575955,2015-11-13,14044
575956,2015-11-13,14487
575957,2015-11-13,13170
575958,2015-11-13,15021
575959,2015-11-13,14547
575960,2015-11-13,15429
575961,2015-11-13,16794
575964,2015-11-13,15021
575965,2015-11-13,13426
575966,2015-11-13,13984
575967,2015-11-13,16794
575968,2015-11-13,14882
575969,2015-11-13,13571
575970,2015-11-13,16416
575971,2015-11-13,13700
575972,2015-11-13,14499
575975,2015-11-13,13536
575976,2015-11-13,15271
575977,2015-11-13,17287
575978,2015-11-13,15903
575979,2015-11-13,14784
575981,2015-11-13,15500
575982,2015-11-13,13798
575983,2015-11-13,13379
575984,2015-11-13,17068
575985,2015-11-13,17841
575986,2015-11-13,13018
575987,2015-11-13,13018
575988,2015-11-13,13018
575989,2015-11-13,14698
576014,2015-11-13,17218
576019,2015-11-13,12865
576025,2015-11-13,13232
576045,2015-11-13,15022
576050,2015-11-13,15022
576051,2015-11-13,14911
576052,2015-11-13,15787
576053,2015-11-13,16726
576054,2015-11-13,15787
576055,2015-11-13,15449
576056,2015-11-13,17720
576057,2015-11-13,15861
576058,2015-11-13,15654
576059,2015-11-13,15411
576060,2015-11-13,13681
576061,2015-11-13,13146
576062,2015-11-13,12867
576063,2015-11-13,15502
576064,2015-11-13,12508
576065,2015-11-13,15005
576066,2015-11-13,16898
576067,2015-11-13,14227
576068,2015-11-13,14788
576069,2015-11-13,13603
576070,2015-11-13,13451
576071,2015-11-13,18069
576073,2015-11-13,16930
576074,2015-11-13,13178
576075,2015-11-13,15861
576076,2015-11-13,14382
576077,2015-11-13,16720
576078,2015-11-13,14432
576079,2015-11-13,16877
576080,2015-11-14,18211
576081,2015-11-14,15203
576082,2015-11-14,12428
576083,2015-11-14,17404
576084,2015-11-14,15365
576085,2015-11-14,15365
576086,2015-11-14,15365
576087,2015-11-14,12689
576088,2015-11-14,17450
576089,2015-11-14,17663
576090,2015-11-14,17450
576091,2015-11-14,16779
576092,2015-11-14,18263
576093,2015-11-14,17744
576094,2015-11-14,16401
576095,2015-11-14,14904
576096,2015-11-14,13549
576097,2015-11-14,14494
576098,2015-11-14,14862
576099,2015-11-14,13021
576111,2015-11-14,15113
576112,2015-11-14,14902
576121,2015-11-14,14530
576137,2015-11-14,15482
576141,2015-11-14,14911
576147,2015-11-14,16303
576148,2015-11-14,15671
576172,2015-11-14,15482
576175,2015-11-14,15291
576176,2015-11-14,16936
576179,2015-11-14,13694
576180,2015-11-14,13694
576181,2015-11-14,15572
576182,2015-11-14,12938
576184,2015-11-14,14735
576186,2015-11-14,14735
576187,2015-11-14,17228
576188,2015-11-14,15168
576189,2015-11-14,14684
576190,2015-11-14,15039
576191,2015-11-14,17377
576196,2015-11-14,17658
576198,2015-11-14,17538
576200,2015-11-14,15572
576201,2015-11-14,14606
576202,2015-11-14,13767
576212,2015-11-14,18082
576213,2015-11-14,18117
576214,2015-11-14,15863
576215,2015-11-14,17652
576217,2015-11-14,17081
576219,2015-11-14,15838
576220,2015-11-14,15838
576221,2015-11-14,15838
576222,2015-11-14,12490
576224,2015-11-14,15458
576225,2015-11-14,13277
576228,2015-11-14,15033
576236,2015-11-14,13755
576237,2015-11-14,12971
576238,2015-11-14,17769
576239,2015-11-14,15694
576245,2015-11-14,12553
576246,2015-11-14,17566
576249,2015-11-14,17811
576251,2015-11-14,16207
576252,2015-11-14,14418
576253,2015-11-14,15125
576254,2015-11-14,16422
576255,2015-11-14,15993
576256,2015-11-14,15953
576257,2015-11-14,12757
576259,2015-11-14,12957
576269,2015-11-14,12762
576274,2015-11-14,17793
576275,2015-11-14,17044
576300,2015-11-14,15058
576301,2015-11-14,14667
576303,2015-11-14,15532
576317,2015-11-14,15781
576318,2015-11-14,15058
576321,2015-11-14,14953
576322,2015-11-14,12642
576323,2015-11-14,16161
576326,2015-11-14,16504
576327,2015-11-14,12476
576328,2015-11-14,13577
576339,2015-11-14,14096
576345,2015-11-14,12374
576346,2015-11-14,13835
576347,2015-11-14,13268
576349,2015-11-14,16519
576351,2015-11-14,17235
576352,2015-11-14,16478
576353,2015-11-14,15050
576354,2015-11-14,13881
576355,2015-11-14,13089
576356,2015-11-14,15681
576357,2015-11-14,15660
576358,2015-11-14,15660
576359,2015-11-14,14680
576361,2015-11-14,14910
576362,2015-11-14,14755
576364,2015-11-14,15009
576370,2015-11-15,15981
576371,2015-11-15,14911
576372,2015-11-15,15144
576373,2015-11-15,12640
576374,2015-11-15,13777
576376,2015-11-15,16341
576377,2015-11-15,16341
576378,2015-11-15,15628
576379,2015-11-15,16423
576380,2015-11-15,15419
576381,2015-11-15,12839
576382,2015-11-15,12883
576383,2015-11-15,12883
576384,2015-11-15,12883
576385,2015-11-15,17314
576386,2015-11-15,13777
576387,2015-11-15,15582
576388,2015-11-15,17510
576389,2015-11-15,12748
576390,2015-11-15,12569
576392,2015-11-15,15105
576394,2015-11-15,12415
576395,2015-11-15,16168
576396,2015-11-15,16164
576398,2015-11-15,15758
576399,2015-11-15,12684
576400,2015-11-15,13632
576403,2015-11-15,15214
576405,2015-11-15,13735
576406,2015-11-15,13692
576412,2015-11-15,13455
576447,2015-11-15,13949
576463,2015-11-15,17974
576503,2015-11-15,17540
576508,2015-11-15,17777
576510,2015-11-15,14533
576511,2015-11-15,13846
576512,2015-11-15,15524
576513,2015-11-15,14715
576514,2015-11-15,13950
576516,2015-11-15,16746
576518,2015-11-15,16361
576519,2015-11-15,12676
576520,2015-11-15,14467
576521,2015-11-15,18259
576538,2015-11-15,14725
576539,2015-11-15,13058
576540,2015-11-15,18043
576543,2015-11-15,13236
576553,2015-11-15,14666
576554,2015-11-15,13066
576555,2015-11-15,17861
576556,2015-11-15,14640
576557,2015-11-15,14714
576558,2015-11-15,17086
576559,2015-11-15,14711
576560,2015-11-15,12877
576562,2015-11-15,14522
576563,2015-11-15,17564
576564,2015-11-15,15311
576567,2015-11-15,17220
576568,2015-11-15,17153
576570,2015-11-15,17220
576571,2015-11-15,12950
576572,2015-11-15,15514
576573,2015-11-15,16600
576574,2015-11-15,13078
576575,2015-11-15,16295
576577,2015-11-15,16557
576581,2015-11-15,15955
576586,2015-11-15,12415
576587,2015-11-15,18123
576589,2015-11-15,17659
576590,2015-11-15,16240
576591,2015-11-15,16422
576592,2015-11-15,13614
576593,2015-11-15,15720
576595,2015-11-15,14911
576596,2015-11-15,14911
576597,2015-11-15,14194
576598,2015-11-15,13437
576599,2015-11-15,14544
576600,2015-11-15,18181
576601,2015-11-15,14595
576602,2015-11-15,14156
576603,2015-11-15,14911
576604,2015-11-15,13435
576605,2015-11-15,14562
576606,2015-11-15,13410
576607,2015-11-15,12474
576608,2015-11-15,17381
576609,2015-11-15,15556
576610,2015-11-15,15679
576611,2015-11-15,17357
576612,2015-11-15,17357
576613,2015-11-15,13854
576614,2015-11-15,12933
576615,2015-11-15,17231
576616,2015-11-15,14853
576622,2015-11-15,14217
576623,2015-11-15,12748
576624,2015-11-15,16156
576625,2015-11-15,15571
576626,2015-11-15,12890
576627,2015-11-16,14426
576628,2015-11-16,13449
576629,2015-11-16,12621
576630,2015-11-16,13816
576631,2015-11-16,16626
576633,2015-11-16,13297
576634,2015-11-16,13297
576635,2015-11-16,15269
576636,2015-11-16,12912
576637,2015-11-16,16079
576638,2015-11-16,13890
576639,2015-11-16,13894
576640,2015-11-16,13894
576641,2015-11-16,17549
576642,2015-11-16,12963
576645,2015-11-16,16245
576648,2015-11-16,14057
576649,2015-11-16,16008
576650,2015-11-16,14286
576651,2015-11-16,14626
576652,2015-11-16,17198
576653,2015-11-16,14156
576654,2015-11-16,15584
576655,2015-11-16,15687
576656,2015-11-16,15687
576657,2015-11-16,12720
576658,2015-11-16,14534
576659,2015-11-16,15373
576660,2015-11-16,15110
576661,2015-11-16,17377
576663,2015-11-16,16157
576664,2015-11-16,14646
576665,2015-11-16,17841
576666,2015-11-16,17841
576667,2015-11-16,12963
576668,2015-11-16,18246
576669,2015-11-16,12640
576671,2015-11-16,14385
576672,2015-11-16,12731
576676,2015-11-16,16855
576677,2015-11-16,16393
576684,2015-11-16,14092
576686,2015-11-16,16916
576687,2015-11-16,13558
576688,2015-11-16,16717
576689,2015-11-16,16657
576690,2015-11-16,15900
576691,2015-11-16,14507
576692,2015-11-16,17412
576693,2015-11-16,13199
576694,2015-11-16,14426
576695,2015-11-16,16469
576696,2015-11-16,16669
576704,2015-11-16,14527
576734,2015-11-16,17680
576736,2015-11-16,13089
576758,2015-11-16,16814
576768,2015-11-16,13408
576769,2015-11-16,13575
576770,2015-11-16,13926
576771,2015-11-16,13285
576772,2015-11-16,16839
576774,2015-11-16,13131
576775,2015-11-16,13629
576778,2015-11-16,16085
576779,2015-11-16,14554
576780,2015-11-16,13258
576781,2015-11-16,13939
576782,2015-11-16,17500
576783,2015-11-16,13447
576784,2015-11-16,16204
576786,2015-11-16,16999
576787,2015-11-16,13815
576789,2015-11-16,12569
576790,2015-11-16,12569
576791,2015-11-16,17896
576792,2015-11-16,17596
576809,2015-11-16,14851
576824,2015-11-16,12910
576826,2015-11-16,12910
576827,2015-11-16,12901
576830,2015-11-16,14898
576832,2015-11-16,13102
576833,2015-11-16,17434
576834,2015-11-16,13458
576836,2015-11-16,16191
576838,2015-11-16,18075
576841,2015-11-16,17368
576842,2015-11-16,13599
576844,2015-11-16,16713
576845,2015-11-16,12991
576846,2015-11-16,13500
576847,2015-11-16,17017
576848,2015-11-16,15051
576849,2015-11-16,13924
576851,2015-11-16,15967
576852,2015-11-16,16809
576853,2015-11-16,12971
576854,2015-11-16,12993
576855,2015-11-16,17757
576857,2015-11-16,12748
576859,2015-11-16,18167
576860,2015-11-16,17602
576861,2015-11-16,18041
576862,2015-11-16,14825
576863,2015-11-16,12626
576864,2015-11-16,12748
576865,2015-11-16,12748
576867,2015-11-16,13012
576869,2015-11-16,12500
576872,2015-11-16,13238
576873,2015-11-16,17835
576874,2015-11-16,15432
576875,2015-11-16,15805
576876,2015-11-16,16804
576877,2015-11-16,16804
576878,2015-11-16,18059
576879,2015-11-16,18006
576880,2015-11-16,14911
576881,2015-11-16,14673
576888,2015-11-16,14948
576889,2015-11-16,12748
576890,2015-11-16,12662
576891,2015-11-16,12662
576892,2015-11-17,15737
576893,2015-11-17,12481
576894,2015-11-17,12681
576895,2015-11-17,12356
576896,2015-11-17,14735
576897,2015-11-17,17828
576899,2015-11-17,14911
576900,2015-11-17,15489
576901,2015-11-17,16929
576902,2015-11-17,17330
576904,2015-11-17,14931
576905,2015-11-17,13308
576906,2015-11-17,18225
576907,2015-11-17,12610
576909,2015-11-17,12471
576910,2015-11-17,12477
576911,2015-11-17,17461
576912,2015-11-17,13756
576913,2015-11-17,13756
576914,2015-11-17,15124
576915,2015-11-17,17461
576916,2015-11-17,14655
576917,2015-11-17,17613
576920,2015-11-17,13871
576922,2015-11-17,17613
576923,2015-11-17,12753
576924,2015-11-17,17419
576926,2015-11-17,14113
576927,2015-11-17,12567
576928,2015-11-17,14102
576929,2015-11-17,16638
576930,2015-11-17,14834
576931,2015-11-17,13028
576932,2015-11-17,15443
576933,2015-11-17,15529
576941,2015-11-17,12562
576948,2015-11-17,14515
576958,2015-11-17,14515
576971,2015-11-17,14032
576984,2015-11-17,14332
576995,2015-11-17,16298
577000,2015-11-17,17716
577008,2015-11-17,16869
577009,2015-11-17,12749
577010,2015-11-17,15506
577011,2015-11-17,15657
577016,2015-11-17,17095
577018,2015-11-17,12971
577019,2015-11-17,14112
577020,2015-11-17,17147
577021,2015-11-17,12931
577022,2015-11-17,13668
577023,2015-11-17,16186
577024,2015-11-17,14704
577025,2015-11-17,16161
577026,2015-11-17,17237
577027,2015-11-17,12647
577028,2015-11-17,17080
577029,2015-11-17,15563
577030,2015-11-17,14060
577031,2015-11-17,15298
577032,2015-11-17,13160
577033,2015-11-17,17797
577034,2015-11-17,12847
577035,2015-11-17,15187
577036,2015-11-17,17797
577038,2015-11-17,14796
577039,2015-11-17,12539
577041,2015-11-17,15864
577043,2015-11-17,14282
577044,2015-11-17,17428
577045,2015-11-17,17428
577046,2015-11-17,12449
577047,2015-11-17,13014
577048,2015-11-17,13247
577049,2015-11-17,17397
577050,2015-11-17,14191
577051,2015-11-17,14034
577052,2015-11-17,17397
577053,2015-11-17,13001
577054,2015-11-17,13815
577055,2015-11-17,15189
577056,2015-11-17,17985
577057,2015-11-17,12748
577058,2015-11-17,18122
577059,2015-11-17,13704
577060,2015-11-17,14397
577061,2015-11-17,14911
577062,2015-11-17,18221
577063,2015-11-17,17183
577064,2015-11-17,16656
577065,2015-11-17,13890
577067,2015-11-17,12704
577068,2015-11-17,15563
577069,2015-11-17,12704
577071,2015-11-17,13969
577072,2015-11-17,15089
577074,2015-11-17,15399
577076,2015-11-17,14362
577077,2015-11-17,17799
577079,2015-11-17,14416
577080,2015-11-17,17001
577082,2015-11-17,15811
577083,2015-11-17,15287
577084,2015-11-17,16626
577085,2015-11-17,12997
577086,2015-11-17,16070
577087,2015-11-17,12464
577088,2015-11-17,15267
577089,2015-11-17,12841
577090,2015-11-17,13828
577091,2015-11-17,16531
577092,2015-11-17,15136
577093,2015-11-17,13089
577094,2015-11-17,15435
577095,2015-11-17,15867
577097,2015-11-17,17243
577098,2015-11-17,16839
577099,2015-11-17,13313
577100,2015-11-17,16009
577101,2015-11-17,13138
577103,2015-11-17,15081
577104,2015-11-17,12747
577105,2015-11-17,16076
577106,2015-11-17,14456
577107,2015-11-17,16558
577108,2015-11-17,15983
577109,2015-11-17,16042
577110,2015-11-17,14234
577121,2015-11-17,12681
577125,2015-11-17,12445
577126,2015-11-17,12406
577127,2015-11-17,16871
577128,2015-11-17,14508
577129,2015-11-17,15602
577130,2015-11-17,15861
577132,2015-11-18,13599
577133,2015-11-18,13962
577134,2015-11-18,14434
577135,2015-11-18,12427
577136,2015-11-18,17163
577137,2015-11-18,14110
577138,2015-11-18,13079
577139,2015-11-18,16500
577140,2015-11-18,13269
577141,2015-11-18,13269
577142,2015-11-18,13985
577143,2015-11-18,13200
577146,2015-11-18,16414
577148,2015-11-18,13941
577152,2015-11-18,14277
577155,2015-11-18,13050
577156,2015-11-18,13471
577157,2015-11-18,12451
577158,2015-11-18,16293
577160,2015-11-18,16134
577161,2015-11-18,18210
577162,2015-11-18,13323
577165,2015-11-18,13171
577166,2015-11-18,12936
577167,2015-11-18,16511
577168,2015-11-18,12603
577169,2015-11-18,14641
577170,2015-11-18,13456
577171,2015-11-18,17159
577172,2015-11-18,17760
577173,2015-11-18,14849
577174,2015-11-18,17841
577175,2015-11-18,14849
577176,2015-11-18,13305
577177,2015-11-18,12748
577178,2015-11-18,12618
577179,2015-11-18,18061
577180,2015-11-18,12380
577182,2015-11-18,16945
577202,2015-11-18,12989
577209,2015-11-18,15621
577217,2015-11-18,17324
577218,2015-11-18,13117
577228,2015-11-18,12391
577230,2015-11-18,18034
577235,2015-11-18,14367
577252,2015-11-18,18034
577256,2015-11-18,15530
577258,2015-11-18,16764
577286,2015-11-18,14606
577289,2015-11-18,12931
577295,2015-11-18,12682
577296,2015-11-18,17286
577297,2015-11-18,14593
577298,2015-11-18,14299
577299,2015-11-18,12498
577300,2015-11-18,16924
577301,2015-11-18,12498
577302,2015-11-18,17904
577303,2015-11-18,14390
577308,2015-11-18,15088
577309,2015-11-18,15933
577310,2015-11-18,13516
577311,2015-11-18,18225
577312,2015-11-18,17049
577313,2015-11-18,14342
577314,2015-11-18,12444
577315,2015-11-18,17811
577316,2015-11-18,12578
577317,2015-11-18,16426
577318,2015-11-18,17675
577319,2015-11-18,17301
577320,2015-11-18,13880
577321,2015-11-18,15311
577322,2015-11-18,17888
577324,2015-11-18,16463
577325,2015-11-18,13094
577326,2015-11-18,14646
577328,2015-11-18,14088
577329,2015-11-18,17779
577331,2015-11-18,14667
577332,2015-11-18,13013
577333,2015-11-18,14868
577334,2015-11-18,15368
577335,2015-11-18,14285
577336,2015-11-18,14793
577337,2015-11-18,15494
577338,2015-11-18,17650
577341,2015-11-18,16279
577344,2015-11-18,12437
577347,2015-11-18,13960
577352,2015-11-18,14820
577355,2015-11-18,14911
577356,2015-11-18,16350
577357,2015-11-18,13098
577359,2015-11-18,14903
577361,2015-11-18,13012
577365,2015-11-18,17063
577382,2015-11-18,17961
577387,2015-11-18,17961
577393,2015-11-18,14031
577396,2015-11-18,17621
577400,2015-11-18,16201
577402,2015-11-20,15465
577403,2015-11-20,13988
577404,2015-11-20,17243
577405,2015-11-20,14116
577406,2015-11-20,12702
577407,2015-11-20,14739
577408,2015-11-20,14805
577409,2015-11-20,16779
577410,2015-11-20,14664
577411,2015-11-20,17387
577429,2015-11-20,14881
577438,2015-11-20,18118
577440,2015-11-20,14477
577443,2015-11-20,12971
577469,2015-11-20,15009
577472,2015-11-20,14503
577473,2015-11-20,15919
577474,2015-11-20,12778
577475,2015-11-20,15152
577476,2015-11-20,12540
577477,2015-11-20,14157
577478,2015-11-20,15963
577479,2015-11-20,14911
577480,2015-11-20,14525
577482,2015-11-20,16762
577483,2015-11-20,14502
577484,2015-11-20,13536
577485,2015-11-20,16360
577487,2015-11-20,15061
577488,2015-11-20,13090
577490,2015-11-20,16464
577491,2015-11-20,14595
577492,2015-11-20,16900
577493,2015-11-20,17323
577494,2015-11-20,16506
577495,2015-11-20,14704
577496,2015-11-20,16784
577497,2015-11-20,17555
577498,2015-11-20,15906
577499,2015-11-20,15906
577500,2015-11-20,14052
577501,2015-11-20,14075
577502,2015-11-20,12598
577503,2015-11-20,18110
577504,2015-11-20,14159
577505,2015-11-20,13118
577506,2015-11-20,13212
577507,2015-11-20,14710
577508,2015-11-20,18127
577510,2015-11-20,13118
577511,2015-11-20,17561
577512,2015-11-20,12523
577514,2015-11-20,16212
577515,2015-11-20,13427
577516,2015-11-20,16533
577517,2015-11-20,16710
577518,2015-11-20,14359
577519,2015-11-20,15044
577520,2015-11-20,14553
577521,2015-11-20,16411
577522,2015-11-20,15988
577523,2015-11-20,12597
577524,2015-11-20,16905
577525,2015-11-20,16905
577526,2015-11-20,16513
577527,2015-11-20,17523
577528,2015-11-20,15745
577529,2015-11-20,17523
577530,2015-11-20,14950
577532,2015-11-20,16666
577533,2015-11-20,16877
577534,2015-11-20,18127
577535,2015-11-20,14071
577536,2015-11-20,15850
577537,2015-11-20,14860
577538,2015-11-20,18040
577539,2015-11-20,14547
577540,2015-11-20,14984
577541,2015-11-20,16899
577542,2015-11-20,13565
577543,2015-11-20,17636
577544,2015-11-20,17758
577545,2015-11-20,16931
577546,2015-11-20,17758
577548,2015-11-20,16710
577549,2015-11-20,17841
577550,2015-11-20,17738
577551,2015-11-20,12395
577552,2015-11-20,14282
577553,2015-11-20,17425
577554,2015-11-20,15533
577555,2015-11-20,13200
577556,2015-11-20,13832
577557,2015-11-20,15426
577572,2015-11-20,17384
577579,2015-11-20,14415
577594,2015-11-20,13142
577595,2015-11-20,16399
577596,2015-11-21,18080
577597,2015-11-21,16366
577598,2015-11-21,13430
577599,2015-11-21,15738
577600,2015-11-21,14447
577601,2015-11-21,17675
577602,2015-11-21,16139
577603,2015-11-21,15500
577604,2015-11-21,14300
577605,2015-11-21,13199
577606,2015-11-21,12462
577607,2015-11-21,14911
577609,2015-11-21,12349
577610,2015-11-21,15373
577613,2015-11-21,14911
577615,2015-11-21,12658
577616,2015-11-21,13823
577617,2015-11-21,14883
577618,2015-11-21,12795
577633,2015-11-21,14194
577646,2015-11-21,13189
577669,2015-11-21,15567
577680,2015-11-21,17227
577687,2015-11-21,12583
577689,2015-11-21,17664
577690,2015-11-21,12856
577691,2015-11-21,14587
577694,2015-11-21,14702
577695,2015-11-21,15645
577696,2015-11-21,16406
577697,2015-11-21,15804
577698,2015-11-21,14963
577699,2015-11-21,13971
577700,2015-11-21,14449
577701,2015-11-21,13673
577711,2015-11-21,15527
577716,2015-11-21,15857
577718,2015-11-21,16013
577719,2015-11-21,16013
577720,2015-11-21,16013
577721,2015-11-21,13167
577723,2015-11-21,16713
577724,2015-11-21,12984
577725,2015-11-21,14607
577726,2015-11-21,15676
577727,2015-11-21,15671
577728,2015-11-21,17811
577729,2015-11-21,15179
577730,2015-11-21,17253
577732,2015-11-21,15093
577733,2015-11-21,15163
577734,2015-11-21,17502
577735,2015-11-21,14482
577736,2015-11-21,14606
577738,2015-11-21,13739
577739,2015-11-21,14551
577740,2015-11-21,17625
577741,2015-11-21,12921
577742,2015-11-21,13755
577743,2015-11-21,17006
577744,2015-11-21,18229
577745,2015-11-21,18139
577746,2015-11-21,15274
577747,2015-11-21,17450
577748,2015-11-21,15159
577749,2015-11-21,16242
577751,2015-11-21,12904
577754,2015-11-21,18139
577755,2015-11-21,17010
577756,2015-11-21,15115
577757,2015-11-21,13755
577769,2015-11-21,16379
577770,2015-11-21,13282
577771,2015-11-21,16168
577772,2015-11-21,18139
577773,2015-11-21,16712
577774,2015-11-21,16712
577776,2015-11-21,12504
577778,2015-11-21,16549
577782,2015-11-21,16549
577783,2015-11-21,18139
577784,2015-11-21,13862
577785,2015-11-21,16369
577790,2015-11-21,14198
577791,2015-11-21,17100
577792,2015-11-21,17100
577793,2015-11-21,13468
577794,2015-11-21,14030
577795,2015-11-21,13246
577796,2015-11-21,15105
577797,2015-11-21,15105
577798,2015-11-21,17757
577800,2015-11-21,15484
577801,2015-11-21,17629
577802,2015-11-21,15132
577804,2015-11-21,17432
577805,2015-11-22,13881
577806,2015-11-22,12963
577807,2015-11-22,15699
577808,2015-11-22,13403
577809,2015-11-22,12584
577810,2015-11-22,17949
577811,2015-11-22,16311
577812,2015-11-22,16956
577813,2015-11-22,14297
577814,2015-11-22,15106
577816,2015-11-22,18139
577818,2015-11-22,13456
577820,2015-11-22,13408
577822,2015-11-22,14607
577823,2015-11-22,16107
577824,2015-11-22,15845
577825,2015-11-22,17453
577826,2015-11-22,17600
577827,2015-11-22,16782
577830,2015-11-22,15187
577831,2015-11-22,16748
577833,2015-11-22,17315
577834,2015-11-22,17528
577835,2015-11-22,16607
577837,2015-11-22,14834
577838,2015-11-22,16352
577840,2015-11-22,17324
577841,2015-11-22,14262
577842,2015-11-22,16353
577843,2015-11-22,16353
577845,2015-11-22,18139
577848,2015-11-22,13247
577850,2015-11-22,14911
577851,2015-11-22,13267
577852,2015-11-22,16532
577853,2015-11-22,13681
577854,2015-11-22,16128
577855,2015-11-22,15877
577856,2015-11-22,12490
577857,2015-11-22,13499
577858,2015-11-22,16365
577859,2015-11-22,14534
577860,2015-11-22,16655
577861,2015-11-22,13924
577869,2015-11-22,13268
577880,2015-11-22,14515
577893,2015-11-22,17073
577897,2015-11-22,14424
577905,2015-11-22,15497
577906,2015-11-22,13268
577919,2015-11-22,17075
577938,2015-11-22,15525
577950,2015-11-22,14129
577951,2015-11-22,17238
577973,2015-11-22,13798
577980,2015-11-22,16330
577985,2015-11-22,15116
578004,2015-11-22,17155
578005,2015-11-22,16985
578006,2015-11-22,13363
578008,2015-11-22,14657
578009,2015-11-22,14467
578010,2015-11-22,15971
578011,2015-11-22,15150
578012,2015-11-22,14768
578013,2015-11-22,17360
578014,2015-11-22,13199
578015,2015-11-22,12971
578016,2015-11-22,14506
578017,2015-11-22,13569
578018,2015-11-22,15311
578019,2015-11-22,17360
578020,2015-11-22,16979
578021,2015-11-22,12748
578022,2015-11-22,17371
578023,2015-11-22,17502
578024,2015-11-22,12705
578025,2015-11-22,16722
578026,2015-11-22,17659
578027,2015-11-22,15977
578028,2015-11-22,17371
578029,2015-11-22,16985
578030,2015-11-22,15498
578031,2015-11-22,15796
578032,2015-11-22,16633
578033,2015-11-22,12656
578034,2015-11-22,14646
578035,2015-11-22,16422
578036,2015-11-22,16474
578038,2015-11-22,14251
578040,2015-11-22,13322
578041,2015-11-22,17338
578042,2015-11-22,17500
578043,2015-11-22,12474
578044,2015-11-22,13488
578045,2015-11-22,17297
578053,2015-11-22,14422
578054,2015-11-22,14911
578055,2015-11-22,13986
578056,2015-11-22,16164
578057,2015-11-22,12920
578058,2015-11-22,18249
578059,2015-11-22,13940
578060,2015-11-22,17857
578063,2015-11-22,16929
578064,2015-11-22,13238
578068,2015-11-22,14505
578069,2015-11-22,14329
578070,2015-11-22,14329
578071,2015-11-22,13599
578072,2015-11-22,17759
578074,2015-11-22,17590
578075,2015-11-22,15039
578078,2015-11-22,12586
578079,2015-11-22,13985
578080,2015-11-22,15634
578081,2015-11-22,14051
578082,2015-11-22,12775
578084,2015-11-22,12465
578085,2015-11-22,13319
578086,2015-11-22,17519
578087,2015-11-22,15965
578088,2015-11-22,16376
578089,2015-11-22,12483
578091,2015-11-22,14554
578092,2015-11-22,16811
578093,2015-11-22,14911
578094,2015-11-22,16261
578096,2015-11-22,12936
578098,2015-11-22,12936
578099,2015-11-23,12452
578100,2015-11-23,15814
578101,2015-11-23,13089
578102,2015-11-23,13089
578103,2015-11-23,17554
578104,2015-11-23,13969
578105,2015-11-23,14911
578106,2015-11-23,16133
578107,2015-11-23,15949
578108,2015-11-23,14912
578109,2015-11-23,14020
578111,2015-11-23,14790
578112,2015-11-23,16670
578113,2015-11-23,14560
578114,2015-11-23,16185
578115,2015-11-23,16600
578116,2015-11-23,13078
578117,2015-11-23,14334
578118,2015-11-23,12955
578119,2015-11-23,17769
578120,2015-11-23,14493
578121,2015-11-23,14547
578123,2015-11-23,12452
578125,2015-11-23,17511
578126,2015-11-23,16900
578127,2015-11-23,13408
578128,2015-11-23,12919
578129,2015-11-23,13502
578130,2015-11-23,15611
578133,2015-11-23,14205
578140,2015-11-23,14646
578141,2015-11-23,14646
578143,2015-11-23,14646
578146,2015-11-23,13742
578147,2015-11-23,12748
578150,2015-11-23,16020
578151,2015-11-23,16020
578152,2015-11-23,16954
578153,2015-11-23,12748
578154,2015-11-23,15117
578155,2015-11-23,12748
578171,2015-11-23,17685
578174,2015-11-23,13576
578187,2015-11-23,14336
578192,2015-11-23,16954
578196,2015-11-23,16168
578211,2015-11-23,12748
578220,2015-11-23,16525
578225,2015-11-23,17700
578229,2015-11-23,16066
578230,2015-11-23,15189
578231,2015-11-23,14527
578232,2015-11-23,17135
578233,2015-11-23,14049
578234,2015-11-23,13650
578243,2015-11-23,13448
578244,2015-11-23,15727
578246,2015-11-23,13991
578247,2015-11-23,14581
578248,2015-11-23,16255
578249,2015-11-23,16660
578250,2015-11-23,15901
578251,2015-11-23,15993
578252,2015-11-23,16079
578253,2015-11-23,14744
578254,2015-11-23,17809
578255,2015-11-23,14675
578256,2015-11-23,17809
578258,2015-11-23,13263
578260,2015-11-23,17469
578261,2015-11-23,14216
578262,2015-11-23,18283
578263,2015-11-23,17422
578264,2015-11-23,12748
578265,2015-11-23,13018
578266,2015-11-23,12748
578267,2015-11-23,12748
578268,2015-11-23,12748
578270,2015-11-23,14096
578271,2015-11-23,13899
578272,2015-11-23,17463
578273,2015-11-23,14335
578275,2015-11-23,15916
578277,2015-11-23,12723
578278,2015-11-23,12748
578279,2015-11-23,14735
578281,2015-11-23,14099
578283,2015-11-23,13139
578284,2015-11-23,14385
578285,2015-11-23,12748
578286,2015-11-23,18084
578287,2015-11-23,12723
578288,2015-11-23,12748
578289,2015-11-23,17841
578290,2015-11-23,13644
578291,2015-11-23,16500
578292,2015-11-23,13174
578293,2015-11-23,15640
578294,2015-11-23,16790
578295,2015-11-23,12569
578296,2015-11-23,16653
578297,2015-11-23,17017
578298,2015-11-23,12619
578299,2015-11-23,16660
578300,2015-11-23,12664
578301,2015-11-23,17034
578302,2015-11-23,16057
578303,2015-11-23,14733
578304,2015-11-23,13831
578305,2015-11-23,14088
578306,2015-11-23,17410
578307,2015-11-23,17290
578308,2015-11-23,12748
578309,2015-11-23,15253
578310,2015-11-23,17434
578311,2015-11-23,15253
578312,2015-11-23,14032
578313,2015-11-23,17757
578314,2015-11-23,13350
578315,2015-11-23,17725
578316,2015-11-23,14189
578317,2015-11-23,15398
578318,2015-11-23,17135
578319,2015-11-23,15393
578321,2015-11-23,12557
578322,2015-11-23,12948
578323,2015-11-23,15743
578324,2015-11-23,17530
578325,2015-11-23,16343
578326,2015-11-23,16343
578330,2015-11-24,17523
578331,2015-11-24,14911
578333,2015-11-24,12471
578334,2015-11-24,15594
578335,2015-11-24,17481
578339,2015-11-24,12421
578341,2015-11-24,16966
578343,2015-11-24,13277
578345,2015-11-24,15270
578346,2015-11-24,15270
578348,2015-11-24,12494
578349,2015-11-24,14539
578350,2015-11-24,15632
578351,2015-11-24,14987
578352,2015-11-24,16596
578353,2015-11-24,14825
578354,2015-11-24,17139
578356,2015-11-24,14866
578357,2015-11-24,17228
578358,2015-11-24,15482
578359,2015-11-24,14607
578361,2015-11-24,13638
578362,2015-11-24,12913
578364,2015-11-24,13588
578365,2015-11-24,15482
578366,2015-11-24,16173
578369,2015-11-24,14698
578370,2015-11-24,17346
578372,2015-11-24,17451
578373,2015-11-24,17451
578375,2015-11-24,16157
578384,2015-11-24,16189
578400,2015-11-24,12748
578420,2015-11-24,16326
578425,2015-11-24,12705
578427,2015-11-24,15034
578429,2015-11-24,16271
578433,2015-11-24,17671
578441,2015-11-24,17133
578445,2015-11-24,15005
578451,2015-11-24,17133
578459,2015-11-24,12388
578461,2015-11-24,12748
578463,2015-11-24,12757
578468,2015-11-24,16482
578469,2015-11-24,12471
578470,2015-11-24,16824
578472,2015-11-24,12476
578479,2015-11-24,15858
578480,2015-11-24,15502
578485,2015-11-24,12921
578488,2015-11-24,12784
578506,2015-11-24,17458
578508,2015-11-24,16892
578509,2015-11-24,12705
578510,2015-11-24,14056
578511,2015-11-24,17975
578512,2015-11-24,15187
578513,2015-11-24,16609
578514,2015-11-24,14785
578515,2015-11-24,16885
578516,2015-11-24,14591
578517,2015-11-24,16523
578518,2015-11-24,14606
578519,2015-11-24,14591
578520,2015-11-24,14591
578521,2015-11-24,17812
578522,2015-11-24,17254
578523,2015-11-24,15311
578526,2015-11-24,13995
578530,2015-11-24,14251
578531,2015-11-24,17364
578532,2015-11-24,18130
578533,2015-11-24,17767
578534,2015-11-24,15725
578535,2015-11-24,13207
578541,2015-11-24,14277
578544,2015-11-24,17096
578547,2015-11-24,12720
578548,2015-11-24,17345
578550,2015-11-24,12720
578551,2015-11-24,12937
578620,2015-11-24,17247
578621,2015-11-24,13719
578622,2015-11-24,18184
578623,2015-11-24,15953
578626,2015-11-24,12709
578627,2015-11-24,14709
578630,2015-11-24,12748
578631,2015-11-24,14805
578633,2015-11-24,16616
578634,2015-11-24,16566
578653,2015-11-24,18161
578661,2015-11-24,18188
578662,2015-11-24,17516
578663,2015-11-24,15428
578664,2015-11-24,15910
578665,2015-11-24,16570
578666,2015-11-24,17727
578667,2015-11-24,15514
578668,2015-11-24,12971
578670,2015-11-24,17323
578671,2015-11-24,16989
578672,2015-11-24,16668
578674,2015-11-24,14088
578675,2015-11-24,14756
578676,2015-11-24,16016
578677,2015-11-24,15750
578678,2015-11-24,17841
578679,2015-11-25,15117
578680,2015-11-25,16458
578681,2015-11-25,13579
578682,2015-11-25,17173
578683,2015-11-25,15134
578684,2015-11-25,16856
578685,2015-11-25,16779
578686,2015-11-25,13050
578687,2015-11-25,14703
578688,2015-11-25,16719
578689,2015-11-25,15793
578690,2015-11-25,17302
578694,2015-11-25,13199
578695,2015-11-25,13199
578696,2015-11-25,13985
578697,2015-11-25,14132
578698,2015-11-25,12620
578699,2015-11-25,13113
578701,2015-11-25,17624
578702,2015-11-25,15382
578703,2015-11-25,17385
578704,2015-11-25,18172
578705,2015-11-25,12531
578707,2015-11-25,17870
578708,2015-11-25,15737
578719,2015-11-25,17348
578736,2015-11-25,12681
578745,2015-11-25,13978
578757,2015-11-25,12748
578781,2015-11-25,15872
578782,2015-11-25,15872
578783,2015-11-25,12748
578785,2015-11-25,13525
578786,2015-11-25,13184
578787,2015-11-25,13589
578789,2015-11-25,16161
578790,2015-11-25,14966
578791,2015-11-25,12841
578792,2015-11-25,14911
578793,2015-11-25,16210
578794,2015-11-25,17232
578795,2015-11-25,17243
578802,2015-11-25,17468
578804,2015-11-25,17557
578805,2015-11-25,16401
578806,2015-11-25,13149
578807,2015-11-25,17491
578808,2015-11-25,16327
578809,2015-11-25,13048
578810,2015-11-25,16814
578811,2015-11-25,12438
578812,2015-11-25,13332
578813,2015-11-25,14946
578814,2015-11-25,12748
578815,2015-11-25,13860
578816,2015-11-25,14111
578817,2015-11-25,16764
578818,2015-11-25,17920
578819,2015-11-25,15311
578820,2015-11-25,12912
578821,2015-11-25,17389
578822,2015-11-25,13437
578824,2015-11-25,17883
578825,2015-11-25,17562
578826,2015-11-25,17329
578829,2015-11-25,14710
578830,2015-11-25,15186
578831,2015-11-25,15473
578834,2015-11-25,18109
578835,2015-11-25,12682
578836,2015-11-25,13069
578841,2015-11-25,13256
578843,2015-11-25,17813
578846,2015-11-25,17757
578848,2015-11-27,17988
578849,2015-11-27,13232
578850,2015-11-27,13571
578851,2015-11-27,16407
578852,2015-11-27,17841
578853,2015-11-27,17864
578854,2015-11-27,14859
578855,2015-11-27,14878
578856,2015-11-27,17769
578857,2015-11-27,14859
578858,2015-11-27,18145
578901,2015-11-27,17812
578914,2015-11-27,13782
578921,2015-11-27,13596
578922,2015-11-27,17236
578923,2015-11-27,14527
578924,2015-11-27,16983
578925,2015-11-27,17365
578926,2015-11-27,18156
578927,2015-11-27,15747
578928,2015-11-27,15443
578929,2015-11-27,13064
578931,2015-11-27,16942
578933,2015-11-27,16923
578934,2015-11-27,14577
578935,2015-11-27,15351
578936,2015-11-27,16923
578937,2015-11-27,16592
578938,2015-11-27,16592
578939,2015-11-27,17068
578941,2015-11-27,16024
578942,2015-11-27,17288
578943,2015-11-27,15009
578944,2015-11-27,16005
578945,2015-11-27,16877
578946,2015-11-27,16005
578947,2015-11-27,14547
578948,2015-11-27,17411
578949,2015-11-27,14954
578950,2015-11-27,17885
578951,2015-11-27,15514
578952,2015-11-27,18112
578953,2015-11-27,13546
578954,2015-11-27,15054
578977,2015-11-27,17231
578992,2015-11-27,13610
578993,2015-11-27,15987
578994,2015-11-27,14911
578995,2015-11-27,15861
578996,2015-11-27,13991
578997,2015-11-27,18001
578998,2015-11-27,15436
578999,2015-11-27,17595
579000,2015-11-27,13991
579001,2015-11-27,15555
579002,2015-11-27,14093
579003,2015-11-28,14741
579005,2015-11-28,16191
579006,2015-11-28,17924
579007,2015-11-28,17924
579008,2015-11-28,17739
579009,2015-11-28,16678
579010,2015-11-28,13258
579011,2015-11-28,15078
579012,2015-11-28,15511
579013,2015-11-28,18229
579014,2015-11-28,12906
579015,2015-11-28,12906
579016,2015-11-28,12906
579017,2015-11-28,15571
579027,2015-11-28,14102
579037,2015-11-28,13418
579039,2015-11-28,17031
579062,2015-11-28,17651
579067,2015-11-28,14470
579069,2015-11-28,14911
579087,2015-11-28,13914
579089,2015-11-28,17920
579091,2015-11-28,14893
579093,2015-11-28,13081
579094,2015-11-28,12668
579095,2015-11-28,17988
579096,2015-11-28,15561
579097,2015-11-28,13758
579098,2015-11-28,14606
579099,2015-11-28,15714
579100,2015-11-28,13004
579101,2015-11-28,16364
579102,2015-11-28,14911
579103,2015-11-28,18041
579106,2015-11-28,16705
579107,2015-11-28,16705
579108,2015-11-28,16705
579109,2015-11-28,16705
579116,2015-11-28,17346
579121,2015-11-28,17299
579122,2015-11-28,12971
579123,2015-11-28,14217
579124,2015-11-28,15721
579125,2015-11-28,14215
579126,2015-11-28,13798
579128,2015-11-28,14397
579129,2015-11-28,17852
579130,2015-11-28,14735
579131,2015-11-28,12839
579132,2015-11-28,15022
579133,2015-11-28,17852
579134,2015-11-28,13115
579135,2015-11-28,18096
579136,2015-11-28,16094
579137,2015-11-28,14704
579138,2015-11-28,13590
579139,2015-11-28,18102
579141,2015-11-28,17019
579142,2015-11-28,16744
579143,2015-11-28,13882
579144,2015-11-28,13269
579145,2015-11-28,14597
579146,2015-11-28,16347
579147,2015-11-28,13263
579148,2015-11-28,17523
579149,2015-11-28,13844
579150,2015-11-28,13408
579151,2015-11-28,13408
579152,2015-11-28,12479
579153,2015-11-28,12660
579154,2015-11-28,17218
579155,2015-11-28,18101
579156,2015-11-28,17419
579157,2015-11-28,15540
579158,2015-11-28,17188
579159,2015-11-28,13196
579160,2015-11-28,13196
579161,2015-11-28,17379
579162,2015-11-28,16393
579163,2015-11-28,15838
579164,2015-11-28,15838
579165,2015-11-28,13389
579166,2015-11-28,14290
579167,2015-11-28,16800
579168,2015-11-28,17806
579170,2015-11-28,17811
579171,2015-11-28,13030
579173,2015-11-28,17359
579174,2015-11-28,13266
579175,2015-11-28,14562
579176,2015-11-28,13950
579177,2015-11-28,13089
579179,2015-11-28,17237
579180,2015-11-28,13881
579181,2015-11-28,13881
579182,2015-11-28,15601
579183,2015-11-28,15621
579184,2015-11-28,16746
579185,2015-11-28,13188
579188,2015-11-28,12748
579189,2015-11-28,16684
579190,2015-11-28,12657
579191,2015-11-28,16684
579193,2015-11-28,12657
579194,2015-11-28,15804
579196,2015-11-28,14096
579245,2015-11-28,17929
579249,2015-11-28,17450
579250,2015-11-28,14480
579251,2015-11-28,17450
579252,2015-11-28,17450
579253,2015-11-28,17450
579254,2015-11-28,14511
579255,2015-11-28,14901
579256,2015-11-29,13349
579257,2015-11-29,15619
579258,2015-11-29,15148
579259,2015-11-29,12451
579260,2015-11-29,14618
579261,2015-11-29,13429
579262,2015-11-29,13599
579263,2015-11-29,13599
579264,2015-11-29,13599
579265,2015-11-29,13599
579267,2015-11-29,14961
579268,2015-11-29,14321
579269,2015-11-29,14601
579270,2015-11-29,15783
579271,2015-11-29,17450
579273,2015-11-29,15197
579274,2015-11-29,13467
579276,2015-11-29,12654
579278,2015-11-29,14209
579279,2015-11-29,15298
579280,2015-11-29,13928
579281,2015-11-29,12375
579282,2015-11-29,16818
579283,2015-11-29,13883
579284,2015-11-29,15061
579285,2015-11-29,14180
579286,2015-11-29,17772
579287,2015-11-29,13496
579288,2015-11-29,17772
579293,2015-11-29,14419
579300,2015-11-29,14667
579301,2015-11-29,18118
579307,2015-11-29,17655
579328,2015-11-29,17711
579332,2015-11-29,14408
579339,2015-11-29,14866
579345,2015-11-29,12727
579350,2015-11-29,15218
579358,2015-11-29,16992
579364,2015-11-29,14173
579365,2015-11-29,14173
579387,2015-11-29,14452
579391,2015-11-29,14251
579393,2015-11-29,12627
579399,2015-11-29,13137
579400,2015-11-29,17306
579401,2015-11-29,14550
579402,2015-11-29,17306
579403,2015-11-29,14503
579404,2015-11-29,14126
579405,2015-11-29,14126
579406,2015-11-29,13014
579407,2015-11-29,13657
579408,2015-11-29,14701
579409,2015-11-29,14701
579410,2015-11-29,16168
579411,2015-11-29,16794
579412,2015-11-29,14125
579413,2015-11-29,13668
579414,2015-11-29,14719
579416,2015-11-29,12471
579419,2015-11-29,12471
579427,2015-11-29,16479
579430,2015-11-29,12748
579432,2015-11-29,15311
579433,2015-11-29,17466
579434,2015-11-29,16678
579435,2015-11-29,16782
579436,2015-11-29,14785
579437,2015-11-29,16852
579439,2015-11-29,13426
579440,2015-11-29,14388
579441,2015-11-29,12464
579442,2015-11-29,15152
579443,2015-11-29,16479
579444,2015-11-29,13999
579445,2015-11-29,15206
579446,2015-11-29,14121
579447,2015-11-29,14390
579448,2015-11-29,14390
579449,2015-11-29,17101
579450,2015-11-29,12901
579451,2015-11-29,13147
579452,2015-11-29,13199
579453,2015-11-29,12748
579454,2015-11-29,12901
579455,2015-11-29,15239
579456,2015-11-29,13428
579457,2015-11-29,14824
579458,2015-11-29,16549
579459,2015-11-29,17173
579461,2015-11-29,15615
579462,2015-11-29,13211
579464,2015-11-29,15214
579465,2015-11-29,15790
579466,2015-11-29,15189
579467,2015-11-29,15755
579468,2015-11-29,14711
579469,2015-11-29,13068
579470,2015-11-29,16549
579472,2015-11-29,13521
579473,2015-11-29,13198
579489,2015-11-29,16775
579491,2015-11-29,14723
579492,2015-11-29,12670
579493,2015-11-29,15570
579494,2015-11-29,17468
579495,2015-11-29,13576
579497,2015-11-29,14349
579498,2015-11-29,12798
579499,2015-11-29,17682
579501,2015-11-29,14088
579503,2015-11-29,17097
579505,2015-11-29,13078
579506,2015-11-29,15089
579507,2015-11-29,15297
579509,2015-11-29,12963
579510,2015-11-29,14554
579511,2015-11-29,14836
579513,2015-11-29,12971
579514,2015-11-29,16688
579515,2015-11-29,14191
579516,2015-11-29,17841
579517,2015-11-29,12748
579518,2015-11-29,12748
579520,2015-11-29,12748
579522,2015-11-30,14432
579523,2015-11-30,15903
579524,2015-11-30,16295
579525,2015-11-30,15113
579526,2015-11-30,18058
579527,2015-11-30,18210
579528,2015-11-30,12787
579529,2015-11-30,12488
579530,2015-11-30,14794
579531,2015-11-30,17017
579533,2015-11-30,12953
579534,2015-11-30,13784
579535,2015-11-30,15414
579536,2015-11-30,12957
579538,2015-11-30,14062
579539,2015-11-30,14911
579540,2015-11-30,13658
579541,2015-11-30,14653
579542,2015-11-30,13658
579543,2015-11-30,14653
579544,2015-11-30,14540
579545,2015-11-30,13098
579548,2015-11-30,15073
579549,2015-11-30,13203
579550,2015-11-30,12630
579551,2015-11-30,15782
579552,2015-11-30,16210
579553,2015-11-30,14156
579555,2015-11-30,16241
579556,2015-11-30,17835
579558,2015-11-30,14755
579559,2015-11-30,16764
579560,2015-11-30,15039
579561,2015-11-30,16115
579571,2015-11-30,16657
579572,2015-11-30,15394
579600,2015-11-30,13647
579605,2015-11-30,15024
579612,2015-11-30,15024
579619,2015-11-30,18241
579623,2015-11-30,16062
579629,2015-11-30,14963
579634,2015-11-30,12598
579666,2015-11-30,14893
579667,2015-11-30,16361
579668,2015-11-30,15152
579669,2015-11-30,14673
579670,2015-11-30,15611
579671,2015-11-30,12966
579672,2015-11-30,14005
579673,2015-11-30,18283
579674,2015-11-30,13012
579675,2015-11-30,15654
579676,2015-11-30,17502
579677,2015-11-30,13255
579678,2015-11-30,18230
579679,2015-11-30,13755
579684,2015-11-30,14618
579685,2015-11-30,15680
579686,2015-11-30,16712
579687,2015-11-30,14448
579689,2015-11-30,14606
579690,2015-11-30,15060
579692,2015-11-30,12433
579693,2015-11-30,15712
579708,2015-11-30,12682
579711,2015-11-30,15060
579712,2015-11-30,15467
579725,2015-11-30,15060
579741,2015-11-30,16910
579747,2015-11-30,12528
579749,2015-11-30,13362
579750,2015-11-30,13536
579754,2015-11-30,17911
579759,2015-11-30,15251
579768,2015-11-30,14911
579779,2015-11-30,17737
579784,2015-11-30,14258
579786,2015-11-30,12524
579788,2015-11-30,17736
579789,2015-11-30,14385
579790,2015-11-30,12784
579792,2015-11-30,12714
579807,2015-11-30,15046
579832,2015-11-30,17434
579834,2015-11-30,17288
579837,2015-11-30,12882
579840,2015-11-30,18158
579843,2015-11-30,12921
579846,2015-11-30,12921
579848,2015-11-30,18179
579854,2015-11-30,14713
579865,2015-11-30,16915
579867,2015-11-30,16265
579868,2015-11-30,15544
579870,2015-11-30,12437
579872,2015-11-30,14085
579881,2015-11-30,12429
579885,2015-11-30,15444
579899,2015-12-01,15687
579900,2015-12-01,15951
579901,2015-12-01,12569
579910,2015-12-01,14911
579916,2015-12-01,15187
579917,2015-12-01,15187
579920,2015-12-01,16839
579921,2015-12-01,16839
579922,2015-12-01,13854
579927,2015-12-01,12572
579936,2015-12-01,12901
579937,2015-12-01,13509
579938,2015-12-01,14146
579939,2015-12-01,15101
579940,2015-12-01,16938
579941,2015-12-01,16496
579942,2015-12-01,16145
579943,2015-12-01,13040
579946,2015-12-01,15993
579947,2015-12-01,15993
579949,2015-12-01,16700
579954,2015-12-01,16701
579962,2015-12-01,14243
579980,2015-12-01,13263
579986,2015-12-01,13777
579990,2015-12-01,14804
579991,2015-12-01,13159
580005,2015-12-01,16376
580021,2015-12-01,14047
580022,2015-12-01,14289
580023,2015-12-01,17937
580024,2015-12-01,15172
580025,2015-12-01,15021
580026,2015-12-01,17381
580027,2015-12-01,14178
580028,2015-12-01,13890
580029,2015-12-01,15380
580030,2015-12-01,12951
580031,2015-12-01,13199
580032,2015-12-01,14659
580033,2015-12-01,14282
580043,2015-12-01,14527
580044,2015-12-01,14869
580045,2015-12-01,13090
580046,2015-12-01,16156
580047,2015-12-01,12989
580048,2015-12-01,12748
580049,2015-12-01,13599
580050,2015-12-01,14960
580051,2015-12-01,12963
580052,2015-12-01,16513
580053,2015-12-01,12912
580054,2015-12-01,18122
580055,2015-12-01,14298
580057,2015-12-01,12955
580058,2015-12-01,14367
580059,2015-12-01,17768
580060,2015-12-01,14287
580061,2015-12-01,14051
580062,2015-12-01,15862
580063,2015-12-01,17450
580064,2015-12-01,18077
580065,2015-12-01,15434
580066,2015-12-01,14309
580067,2015-12-01,16966
580068,2015-12-01,17321
580069,2015-12-01,15060
580070,2015-12-01,12919
580071,2015-12-01,15500
580073,2015-12-01,16813
580074,2015-12-01,15028
580075,2015-12-01,17014
580076,2015-12-01,15602
580077,2015-12-01,14262
580088,2015-12-01,17115
580089,2015-12-01,14732
580090,2015-12-01,13323
580091,2015-12-01,17293
580092,2015-12-01,13969
580093,2015-12-01,12971
580094,2015-12-01,15904
580095,2015-12-01,14135
580096,2015-12-01,13408
580097,2015-12-01,14216
580098,2015-12-01,15373
580100,2015-12-01,16119
580101,2015-12-01,15144
580102,2015-12-01,16789
580103,2015-12-01,16242
580104,2015-12-01,15189
580105,2015-12-01,17675
580106,2015-12-01,16169
580107,2015-12-01,15948
580108,2015-12-01,14440
580109,2015-12-01,17350
580110,2015-12-01,17350
580111,2015-12-01,12950
580112,2015-12-01,13089
580113,2015-12-01,14766
580114,2015-12-01,14299
580116,2015-12-01,15290
580117,2015-12-01,14655
580118,2015-12-01,16011
580119,2015-12-01,17920
580120,2015-12-01,12553
580123,2015-12-01,12664
580125,2015-12-01,13089
580126,2015-12-01,12562
580127,2015-12-01,14911
580128,2015-12-01,17576
580129,2015-12-01,17426
580130,2015-12-01,17426
580132,2015-12-01,15694
580133,2015-12-01,15531
580134,2015-12-01,13102
580135,2015-12-01,14702
580136,2015-12-01,17841
580137,2015-12-01,17566
580138,2015-12-02,13199
580139,2015-12-02,17157
580140,2015-12-02,14895
580141,2015-12-02,14895
580142,2015-12-02,14895
580143,2015-12-02,13297
580144,2015-12-02,12684
580147,2015-12-02,17183
580149,2015-12-02,12748
580151,2015-12-02,17811
580152,2015-12-02,12364
580153,2015-12-02,12762
580154,2015-12-02,12569
580155,2015-12-02,13183
580156,2015-12-02,14897
580157,2015-12-02,14083
580158,2015-12-02,12558
580159,2015-12-02,17942
580160,2015-12-02,12700
580162,2015-12-02,12856
580163,2015-12-02,12828
580164,2015-12-02,18097
580166,2015-12-02,13495
580167,2015-12-02,17386
580169,2015-12-02,17949
580170,2015-12-02,17949
580172,2015-12-02,17949
580173,2015-12-02,18282
580175,2015-12-02,14126
580176,2015-12-02,14292
580177,2015-12-02,14292
580178,2015-12-02,16013
580188,2015-12-02,16440
580189,2015-12-02,16353
580193,2015-12-02,16899
580208,2015-12-02,13468
580213,2015-12-02,17495
580214,2015-12-02,14092
580221,2015-12-02,14092
580235,2015-12-02,16333
580243,2015-12-02,16333
580256,2015-12-02,14688
580257,2015-12-02,14688
580258,2015-12-02,13798
580259,2015-12-02,13705
580260,2015-12-02,14085
580261,2015-12-02,16038
580262,2015-12-02,16759
580264,2015-12-02,18144
580265,2015-12-02,12587
580272,2015-12-02,15547
580276,2015-12-02,16426
580277,2015-12-02,16474
580278,2015-12-02,13560
580279,2015-12-02,15123
580280,2015-12-02,16133
580281,2015-12-02,12704
580282,2015-12-02,14428
580283,2015-12-02,16133
580284,2015-12-02,15311
580285,2015-12-02,12695
580286,2015-12-02,17611
580287,2015-12-02,14594
580288,2015-12-02,17611
580289,2015-12-02,15856
580290,2015-12-02,17221
580291,2015-12-02,15539
580292,2015-12-02,15856
580293,2015-12-02,16426
580294,2015-12-02,17364
580295,2015-12-02,17841
580296,2015-12-02,13780
580297,2015-12-02,15769
580298,2015-12-02,17086
580299,2015-12-02,14023
580300,2015-12-02,14085
580301,2015-12-02,15271
580302,2015-12-02,16103
580303,2015-12-02,16626
580304,2015-12-02,18055
580305,2015-12-02,12970
580306,2015-12-02,14250
580307,2015-12-02,12970
580308,2015-12-02,14250
580309,2015-12-02,14503
580310,2015-12-02,15570
580311,2015-12-02,18245
580314,2015-12-02,13969
580315,2015-12-02,14560
580316,2015-12-02,18109
580317,2015-12-02,13458
580318,2015-12-02,17686
580319,2015-12-02,15078
580320,2015-12-02,15078
580321,2015-12-02,15078
580322,2015-12-02,17567
580331,2015-12-02,13017
580351,2015-12-02,12962
580355,2015-12-02,13953
580356,2015-12-02,18109
580357,2015-12-02,15856
580358,2015-12-02,17238
580360,2015-12-02,14493
580361,2015-12-02,14865
580362,2015-12-02,13884
580363,2015-12-02,13868
580364,2015-12-02,13309
580368,2015-12-02,16989
580370,2015-12-02,16954
580371,2015-12-02,18174
580372,2015-12-02,16359
580373,2015-12-02,14788
580374,2015-12-02,17584
580375,2015-12-02,14031
580384,2015-12-04,17243
580385,2015-12-04,16326
580386,2015-12-04,18065
580387,2015-12-04,18065
580388,2015-12-04,18065
580389,2015-12-04,12952
580393,2015-12-04,16438
580394,2015-12-04,14397
580395,2015-12-04,17629
580396,2015-12-04,13838
580397,2015-12-04,13558
580398,2015-12-04,14354
580399,2015-12-04,13471
580400,2015-12-04,16561
580401,2015-12-04,17618
580402,2015-12-04,13536
580403,2015-12-04,17858
580404,2015-12-04,13596
580405,2015-12-04,14720
580419,2015-12-04,16283
580431,2015-12-04,13822
580432,2015-12-04,13153
580434,2015-12-04,17114
580436,2015-12-04,13318
580438,2015-12-04,12827
580441,2015-12-04,13808
580460,2015-12-04,12748
580468,2015-12-04,12748
580469,2015-12-04,14583
580482,2015-12-04,16033
580490,2015-12-04,15773
580500,2015-12-04,17131
580501,2015-12-04,14546
580502,2015-12-04,16931
580503,2015-12-04,13956
580504,2015-12-04,17936
580505,2015-12-04,15867
580506,2015-12-04,13319
580509,2015-12-04,12719
580511,2015-12-04,12560
580512,2015-12-04,12673
580513,2015-12-04,14456
580514,2015-12-04,16905
580515,2015-12-04,17750
580516,2015-12-04,17954
580517,2015-12-04,17173
580518,2015-12-04,13435
580520,2015-12-04,13521
580523,2015-12-04,17827
580524,2015-12-04,13704
580525,2015-12-04,13630
580526,2015-12-04,16535
580527,2015-12-04,13736
580528,2015-12-04,14911
580529,2015-12-04,14658
580530,2015-12-04,14102
580531,2015-12-04,12569
580532,2015-12-04,13098
580533,2015-12-04,13098
580534,2015-12-04,12724
580535,2015-12-04,16988
580536,2015-12-04,12490
580538,2015-12-05,14075
580539,2015-12-05,18180
580540,2015-12-05,13417
580541,2015-12-05,15358
580542,2015-12-05,15358
580543,2015-12-05,18223
580544,2015-12-05,15156
580545,2015-12-05,12782
580548,2015-12-05,12569
580550,2015-12-05,13126
580552,2015-12-05,15572
580553,2015-12-05,12646
580554,2015-12-05,17402
580555,2015-12-05,14911
580556,2015-12-05,16513
580557,2015-12-05,14911
580558,2015-12-05,14931
580559,2015-12-05,15628
580595,2015-12-05,14194
580596,2015-12-05,15392
580598,2015-12-05,17526
580599,2015-12-05,12925
580600,2015-12-05,12841
580601,2015-12-05,12841
580602,2015-12-05,16149
580603,2015-12-05,16642
580606,2015-12-05,15290
580607,2015-12-05,15290
580608,2015-12-05,16811
580611,2015-12-05,12748
580613,2015-12-05,14759
580614,2015-12-05,16500
580615,2015-12-05,16873
580619,2015-12-05,15053
580622,2015-12-05,17006
580630,2015-12-05,12913
580631,2015-12-05,16682
580632,2015-12-05,16360
580633,2015-12-05,17579
580634,2015-12-05,14060
580635,2015-12-05,14649
580636,2015-12-05,16746
580637,2015-12-05,15033
580638,2015-12-05,12381
580639,2015-12-05,17254
580640,2015-12-05,16910
580642,2015-12-05,13311
580643,2015-12-05,14547
580644,2015-12-05,16904
580645,2015-12-05,17857
580646,2015-12-05,17857
580647,2015-12-05,14083
580648,2015-12-05,12628
580650,2015-12-05,14401
580651,2015-12-05,16851
580652,2015-12-05,17511
580653,2015-12-05,17706
580654,2015-12-05,15854
580655,2015-12-05,15854
580656,2015-12-05,15621
580657,2015-12-05,14696
580658,2015-12-05,17090
580659,2015-12-05,17811
580660,2015-12-05,16592
580661,2015-12-05,17218
580662,2015-12-05,15856
580663,2015-12-05,15621
580664,2015-12-05,15097
580665,2015-12-05,16684
580666,2015-12-05,15856
580667,2015-12-05,15031
580668,2015-12-05,13685
580669,2015-12-05,15159
580670,2015-12-05,18044
580671,2015-12-05,15159
580672,2015-12-05,17920
580673,2015-12-05,13089
580675,2015-12-05,15640
580676,2015-12-05,17817
580677,2015-12-05,16200
580678,2015-12-05,18015
580679,2015-12-05,18198
580680,2015-12-05,13001
580681,2015-12-05,13083
580682,2015-12-05,16968
580684,2015-12-05,13305
580685,2015-12-05,17676
580687,2015-12-05,16379
580688,2015-12-05,15550
580689,2015-12-05,12994
580690,2015-12-05,16597
580691,2015-12-05,13790
580692,2015-12-05,13173
580693,2015-12-05,15690
580694,2015-12-05,16600
580695,2015-12-05,13230
580696,2015-12-05,17757
580697,2015-12-05,15984
580700,2015-12-05,14219
580704,2015-12-05,17404
580705,2015-12-05,12683
580706,2015-12-05,12683
580712,2015-12-05,13021
580713,2015-12-05,18030
580716,2015-12-05,12367
580717,2015-12-05,14608
580718,2015-12-05,13079
580719,2015-12-05,14739
580720,2015-12-05,14629
580721,2015-12-05,15274
580722,2015-12-05,13985
580723,2015-12-05,15856
580725,2015-12-05,15932
580727,2015-12-05,14096
580728,2015-12-05,15145
580731,2015-12-05,17383
580733,2015-12-06,16929
580734,2015-12-06,12766
580735,2015-12-06,17728
580736,2015-12-06,12716
580737,2015-12-06,14140
580738,2015-12-06,17666
580742,2015-12-06,13694
580744,2015-12-06,13694
580745,2015-12-06,13694
580746,2015-12-06,12584
580750,2015-12-06,12749
580752,2015-12-06,12478
580753,2015-12-06,12682
580755,2015-12-06,14737
580756,2015-12-06,12723
580757,2015-12-06,13709
580758,2015-12-06,13709
580759,2015-12-06,17593
580760,2015-12-06,12877
580763,2015-12-06,16013
580765,2015-12-06,14562
580771,2015-12-06,16015
580772,2015-12-06,15992
580774,2015-12-06,13994
580775,2015-12-06,16523
580776,2015-12-06,14562
580777,2015-12-06,14547
580778,2015-12-06,16949
580808,2015-12-06,16133
580816,2015-12-06,15157
580819,2015-12-06,15318
580820,2015-12-06,13685
580822,2015-12-06,17884
580830,2015-12-06,14825
580831,2015-12-06,14418
580833,2015-12-06,16764
580848,2015-12-06,18005
580852,2015-12-06,16790
580865,2015-12-06,17914
580872,2015-12-06,18283
580873,2015-12-06,15061
580874,2015-12-06,14735
580875,2015-12-06,17744
580876,2015-12-06,14071
580877,2015-12-06,17250
580878,2015-12-06,14113
580879,2015-12-06,17346
580880,2015-12-06,14121
580881,2015-12-06,16620
580882,2015-12-06,12971
580883,2015-12-06,16979
580884,2015-12-06,15907
580885,2015-12-06,16353
580887,2015-12-06,13755
580888,2015-12-06,14110
580889,2015-12-06,14071
580890,2015-12-06,15189
580891,2015-12-06,17481
580892,2015-12-06,13199
580893,2015-12-06,17290
580894,2015-12-06,13408
580901,2015-12-06,16528
580902,2015-12-06,13881
580903,2015-12-06,14606
580904,2015-12-06,15311
580905,2015-12-06,16313
580906,2015-12-06,13104
580907,2015-12-06,13507
580908,2015-12-06,16495
580909,2015-12-06,18225
580910,2015-12-06,13225
580911,2015-12-06,14503
580914,2015-12-06,14871
580915,2015-12-06,17705
580916,2015-12-06,13685
580937,2015-12-06,16143
580939,2015-12-06,14907
580955,2015-12-06,12442
580956,2015-12-06,17841
580958,2015-12-06,17266
580959,2015-12-06,14673
580960,2015-12-06,16016
580961,2015-12-06,14572
580962,2015-12-06,17119
580963,2015-12-06,14868
580964,2015-12-06,15822
580965,2015-12-06,12417
580967,2015-12-06,14216
580969,2015-12-06,16076
580972,2015-12-06,15194
580973,2015-12-06,12820
580974,2015-12-06,14293
580975,2015-12-06,12989
580977,2015-12-06,16569
580978,2015-12-06,13078
580979,2015-12-06,12362
580980,2015-12-06,17730
580981,2015-12-06,16201
580982,2015-12-06,17861
580984,2015-12-06,16711
580985,2015-12-06,17389
580986,2015-12-06,12650
580987,2015-12-06,17389
580988,2015-12-06,18154
580992,2015-12-06,14282
580993,2015-12-06,13323
580996,2015-12-06,14578
580997,2015-12-06,15023
580998,2015-12-06,16987
580999,2015-12-06,17883
581000,2015-12-07,12720
581001,2015-12-07,12583
581002,2015-12-07,14708
581003,2015-12-07,14911
581004,2015-12-07,16539
581005,2015-12-07,12828
581006,2015-12-07,14911
581007,2015-12-07,12912
581008,2015-12-07,13089
581010,2015-12-07,17503
581011,2015-12-07,14397
581013,2015-12-07,17017
581014,2015-12-07,16458
581015,2015-12-07,13949
581016,2015-12-07,14141
581017,2015-12-07,14910
581018,2015-12-07,13743
581019,2015-12-07,14794
581020,2015-12-07,17511
581021,2015-12-07,14769
581022,2015-12-07,12826
581027,2015-12-07,17091
581034,2015-12-07,17049
581057,2015-12-07,16817
581058,2015-12-07,15969
581059,2015-12-07,13267
581064,2015-12-07,13882
581068,2015-12-07,16191
581074,2015-12-07,15568
581095,2015-12-07,17238
581096,2015-12-07,17412
581097,2015-12-07,13685
581098,2015-12-07,14911
581099,2015-12-07,18219
581101,2015-12-07,17835
581104,2015-12-07,13668
581105,2015-12-07,16000
581107,2015-12-07,16000
581108,2015-12-07,15984
581110,2015-12-07,16000
581112,2015-12-07,16678
581113,2015-12-07,14534
581114,2015-12-07,14527
581115,2015-12-07,15195
581116,2015-12-07,17232
581118,2015-12-07,15136
581119,2015-12-07,15136
581120,2015-12-07,17042
581122,2015-12-07,12839
581123,2015-12-07,15750
581125,2015-12-07,14087
581126,2015-12-07,18272
581127,2015-12-07,16271
581129,2015-12-07,15498
581130,2015-12-07,18237
581131,2015-12-07,16393
581132,2015-12-07,17590
581133,2015-12-07,14904
581134,2015-12-07,16368
581135,2015-12-07,18092
581136,2015-12-07,18273
581137,2015-12-07,17434
581138,2015-12-07,12950
581139,2015-12-07,13798
581140,2015-12-07,13870
581141,2015-12-07,14132
581142,2015-12-07,14204
581143,2015-12-07,17490
581144,2015-12-07,14085
581146,2015-12-07,17602
581147,2015-12-07,16426
581149,2015-12-07,15471
581150,2015-12-07,17266
581163,2015-12-07,12747
581164,2015-12-07,14395
581165,2015-12-07,15701
581166,2015-12-07,15525
581167,2015-12-07,13534
581168,2015-12-07,16779
581169,2015-12-07,16779
581170,2015-12-07,13767
581171,2015-12-07,12615
581172,2015-12-07,16525
581173,2015-12-07,17870
581174,2015-12-07,13769
581175,2015-12-07,14646
581176,2015-12-07,14646
581177,2015-12-07,14032
581179,2015-12-07,12471
581180,2015-12-07,12347
581181,2015-12-07,14189
581182,2015-12-07,12783
581183,2015-12-07,12569
581184,2015-12-07,12569
581185,2015-12-07,16672
581186,2015-12-07,13756
581187,2015-12-07,13756
581188,2015-12-07,17735
581191,2015-12-07,17449
581192,2015-12-07,15883
581193,2015-12-07,17097
581194,2015-12-07,15298
581195,2015-12-07,12935
581196,2015-12-07,12935
581214,2015-12-08,14251
581215,2015-12-08,13408
581216,2015-12-08,16523
581218,2015-12-08,14191
581220,2015-12-08,13924
581221,2015-12-08,17856
581222,2015-12-08,14520
581223,2015-12-08,15237
581224,2015-12-08,17631
581225,2015-12-08,17677
581227,2015-12-08,17677
581230,2015-12-08,14291
581231,2015-12-08,14291
581232,2015-12-08,12358
581233,2015-12-08,13436
581236,2015-12-08,13468
581237,2015-12-08,15443
581241,2015-12-08,15520
581246,2015-12-08,15453
581251,2015-12-08,18210
581252,2015-12-08,14129
581253,2015-12-08,16891
581266,2015-12-08,12621
581279,2015-12-08,12437
581281,2015-12-08,18109
581285,2015-12-08,13394
581291,2015-12-08,14135
581310,2015-12-08,16442
581324,2015-12-08,14217
581325,2015-12-08,15877
581327,2015-12-08,15187
581333,2015-12-08,15159
581334,2015-12-08,17841
581335,2015-12-08,15214
581336,2015-12-08,16161
581338,2015-12-08,14646
581345,2015-12-08,17315
581352,2015-12-08,14698
581356,2015-12-08,17830
581357,2015-12-08,13314
581358,2015-12-08,17436
581361,2015-12-08,17522
581375,2015-12-08,16210
581376,2015-12-08,14719
581377,2015-12-08,14138
581378,2015-12-08,17673
581379,2015-12-08,13954
581380,2015-12-08,13102
581381,2015-12-08,16933
581382,2015-12-08,13860
581383,2015-12-08,15399
581385,2015-12-08,13298
581394,2015-12-08,16892
581395,2015-12-08,16892
581396,2015-12-08,15189
581397,2015-12-08,17668
581398,2015-12-08,17243
581399,2015-12-08,17528
581400,2015-12-08,14056
581401,2015-12-08,17644
581402,2015-12-08,14653
581403,2015-12-08,13510
581404,2015-12-08,13680
581405,2015-12-08,13521
581407,2015-12-08,13263
581410,2015-12-08,13098
581411,2015-12-08,17554
581412,2015-12-08,14415
581413,2015-12-08,16833
581414,2015-12-08,14730
581415,2015-12-08,13269
581416,2015-12-08,14569
581417,2015-12-08,13013
581418,2015-12-08,17451
581419,2015-12-08,15484
581420,2015-12-08,16358
581421,2015-12-08,15898
581423,2015-12-08,16688
581424,2015-12-08,13890
581425,2015-12-08,14796
581426,2015-12-08,17757
581427,2015-12-08,13890
581428,2015-12-08,13404
581429,2015-12-08,16322
581430,2015-12-08,13471
581432,2015-12-08,13798
581433,2015-12-08,14911
581434,2015-12-08,13599
581436,2015-12-08,17491
581437,2015-12-08,14621
581438,2015-12-08,12955
581442,2015-12-08,13536
581443,2015-12-08,13026
581445,2015-12-08,17405
581448,2015-12-08,15208
581449,2015-12-08,12748
581450,2015-12-08,16794
581451,2015-12-08,17144
581452,2015-12-08,17675
581453,2015-12-08,16401
581454,2015-12-08,15156
581455,2015-12-08,18102
581456,2015-12-08,17530
581457,2015-12-08,18102
581458,2015-12-08,17949
581459,2015-12-08,17949
581461,2015-12-08,13318
581467,2015-12-08,13077
581469,2015-12-08,14606
581471,2015-12-08,14702
581472,2015-12-08,15796
581473,2015-12-08,12748
581474,2015-12-08,12748
581475,2015-12-09,13069
581476,2015-12-09,12433
581477,2015-12-09,13426
581478,2015-12-09,17364
581479,2015-12-09,17364
581480,2015-12-09,14441
581481,2015-12-09,17490
581482,2015-12-09,17490
581483,2015-12-09,16446
581485,2015-12-09,17389
581486,2015-12-09,17001
581487,2015-12-09,15694
581488,2015-12-09,17428
581489,2015-12-09,16954
581491,2015-12-09,12433
581493,2015-12-09,12423
581494,2015-12-09,12518
581495,2015-12-09,14051
581496,2015-12-09,16558
581500,2015-12-09,15344
581501,2015-12-09,12985
581502,2015-12-09,15910
581514,2015-12-09,17754
581516,2015-12-09,14422
581538,2015-12-09,14446
581566,2015-12-09,18102
581567,2015-12-09,16626
581570,2015-12-09,12662
581571,2015-12-09,15311
581572,2015-12-09,16705
581574,2015-12-09,12526
581578,2015-12-09,12713
581579,2015-12-09,17581
581580,2015-12-09,12748
581581,2015-12-09,17581
581582,2015-12-09,17581
581583,2015-12-09,13777
581584,2015-12-09,13777
581585,2015-12-09,15804
581586,2015-12-09,13113
581587,2015-12-09,12680
4556,2014-01-01,2226
2911,2014-01-01,1789
6000,2014-01-01,2610
9985,2014-01-01,3681
10968,2014-01-01,3942
3428,2014-01-01,1922
11014,2014-01-01,3956
14771,2014-01-01,4942
7236,2014-01-01,2943
6372,2014-01-01,2709
7354,2014-01-01,2974
915,2014-01-01,1249
6436,2014-01-01,2727
2428,2014-01-01,1659
5735,2014-01-01,2542
1386,2014-01-01,1381
5033,2014-01-01,2351
4609,2014-01-01,2237
10433,2014-01-01,3797
12157,2014-01-01,4260
1599,2014-01-01,1440
8345,2014-01-02,3243
7904,2014-01-02,3120
10274,2014-01-02,3758
6405,2014-01-02,2717
6292,2014-01-02,2690
12133,2014-01-02,4255
9910,2014-01-02,3663
12112,2014-01-02,4247
6540,2014-01-02,2755
13267,2014-01-02,4548
4477,2014-01-02,2202
7850,2014-01-02,3107
14046,2014-01-02,4746
14583,2014-01-02,4887
2989,2014-01-02,1809
12397,2014-01-02,4316
644,2014-01-02,1175
11689,2014-01-02,4140
13193,2014-01-02,4527
5490,2014-01-02,2475
3250,2014-01-02,1878
3599,2014-01-02,1965
8035,2014-01-02,3156
10462,2014-01-02,3805
8268,2014-01-02,3220
1218,2014-01-03,1335
1766,2014-01-03,1483
880,2014-01-03,1241
5975,2014-01-03,2602
9351,2014-01-03,3517
10228,2014-01-03,3746
3196,2014-01-03,1864
5945,2014-01-03,2595
4772,2014-01-03,2279
13706,2014-01-03,4664
11703,2014-01-03,4146
4060,2014-01-03,2085
10188,2014-01-03,3737
2423,2014-01-03,1658
2802,2014-01-03,1764
13552,2014-01-03,4625
1316,2014-01-03,1362
14335,2014-01-03,4822
5628,2014-01-03,2514
1229,2014-01-03,1339
7204,2014-01-03,2935
7986,2014-01-04,3141
3543,2014-01-04,1948
8500,2014-01-04,3284
6460,2014-01-04,2733
14369,2014-01-04,4830
7548,2014-01-04,3028
12374,2014-01-04,4310
7330,2014-01-04,2965
5074,2014-01-04,2361
12961,2014-01-04,4465
8900,2014-01-04,3398
6889,2014-01-04,2847
3155,2014-01-04,1852
9772,2014-01-04,3621
10622,2014-01-04,3848
188,2014-01-04,1052
616,2014-01-04,1169
4377,2014-01-05,2174
4613,2014-01-05,2238
6034,2014-01-05,2618
10497,2014-01-05,3814
12873,2014-01-05,4442
10000,2014-01-05,3684
4723,2014-01-05,2269
12804,2014-01-05,4426
4442,2014-01-05,2193
14952,2014-01-05,4997
9824,2014-01-05,3639
14749,2014-01-05,4938
3618,2014-01-05,1969
1503,2014-01-05,1415
7385,2014-01-05,2982
11844,2014-01-05,4182
14340,2014-01-05,4823
6890,2014-01-05,2847
13465,2014-01-05,4601
3311,2014-01-05,1891
4205,2014-01-05,2129
8996,2014-01-05,3425
3905,2014-01-05,2047
6430,2014-01-05,2725
214,2014-01-06,1057
9744,2014-01-06,3614
6104,2014-01-06,2638
14888,2014-01-06,4975
3755,2014-01-06,2010
1791,2014-01-06,1489
3066,2014-01-06,1828
1484,2014-01-06,1410
9673,2014-01-06,3595
8263,2014-01-06,3218
10214,2014-01-06,3743
5043,2014-01-06,2354
13642,2014-01-06,4649
7875,2014-01-06,3113
10324,2014-01-06,3768
7468,2014-01-06,3006
10628,2014-01-06,3849
4781,2014-01-06,2284
5946,2014-01-06,2595
1600,2014-01-06,1440
5941,2014-01-06,2594
14657,2014-01-06,4913
13370,2014-01-06,4575
5916,2014-01-07,2588
3431,2014-01-07,1922
13280,2014-01-07,4551
1323,2014-01-07,1364
10633,2014-01-07,3850
7068,2014-01-07,2898
12599,2014-01-07,4367
1917,2014-01-07,1522
409,2014-01-07,1113
3821,2014-01-07,2026
11811,2014-01-07,4171
13959,2014-01-07,4722
12367,2014-01-07,4308
3539,2014-01-07,1947
11064,2014-01-07,3966
3053,2014-01-07,1825
14868,2014-01-07,4969
4606,2014-01-07,2236
175,2014-01-07,1049
5857,2014-01-07,2573
8832,2014-01-07,3376
9061,2014-01-07,3444
2732,2014-01-07,1747
14315,2014-01-07,4818
1157,2014-01-07,1320
5255,2014-01-07,2411
5100,2014-01-07,2369
6200,2014-01-08,2664
8339,2014-01-08,3241
14233,2014-01-08,4796
14754,2014-01-08,4939
1819,2014-01-08,1495
7072,2014-01-08,2899
9422,2014-01-08,3534
14303,2014-01-08,4814
11161,2014-01-08,3998
10778,2014-01-08,3893
3840,2014-01-08,2031
4137,2014-01-08,2107
890,2014-01-08,1243
14120,2014-01-08,4765
9081,2014-01-08,3451
6150,2014-01-08,2651
8915,2014-01-08,3402
4066,2014-01-08,2086
5242,2014-01-08,2407
11698,2014-01-08,4144
1034,2014-01-08,1285
4824,2014-01-08,2294
3015,2014-01-09,1816
3634,2014-01-09,1975
2015,2014-01-09,1552
3252,2014-01-09,1878
7892,2014-01-09,3117
12810,2014-01-09,4427
8691,2014-01-09,3334
8560,2014-01-09,3299
9231,2014-01-09,3487
7248,2014-01-09,2946
14450,2014-01-09,4852
5696,2014-01-09,2531
12559,2014-01-09,4356
2070,2014-01-09,1568
27,2014-01-09,1005
14664,2014-01-09,4915
1478,2014-01-09,1408
10033,2014-01-09,3692
13540,2014-01-09,4623
6116,2014-01-09,2642
7916,2014-01-09,3122
3136,2014-01-10,1847
8571,2014-01-10,3303
6902,2014-01-10,2850
6243,2014-01-10,2676
10929,2014-01-10,3929
2299,2014-01-10,1625
13650,2014-01-10,4651
10739,2014-01-10,3879
8729,2014-01-10,3347
13945,2014-01-10,4720
7847,2014-01-10,3106
7212,2014-01-10,2937
11429,2014-01-11,4078
3034,2014-01-11,1820
9241,2014-01-11,3489
14672,2014-01-11,4916
10586,2014-01-11,3840
6076,2014-01-11,2630
6526,2014-01-11,2750
5989,2014-01-11,2606
13524,2014-01-11,4618
7224,2014-01-11,2940
11442,2014-01-11,4081
5778,2014-01-11,2551
1121,2014-01-11,1308
12728,2014-01-11,4403
13300,2014-01-11,4557
6943,2014-01-11,2860
5743,2014-01-11,2544
10896,2014-01-11,3920
1458,2014-01-11,1403
12966,2014-01-11,4467
2148,2014-01-11,1589
3220,2014-01-11,1869
10247,2014-01-11,3751
881,2014-01-11,1241
14665,2014-01-11,4915
10651,2014-01-11,3855
163,2014-01-12,1045
14260,2014-01-12,4803
6959,2014-01-12,2864
10562,2014-01-12,3832
9015,2014-01-12,3430
7273,2014-01-12,2952
2413,2014-01-12,1655
2566,2014-01-12,1702
2291,2014-01-12,1623
1568,2014-01-12,1430
9857,2014-01-12,3649
740,2014-01-12,1204
2214,2014-01-12,1606
1851,2014-01-12,1504
10912,2014-01-12,3924
14463,2014-01-12,4854
6036,2014-01-12,2618
11786,2014-01-12,4165
10204,2014-01-12,3739
6039,2014-01-12,2619
13710,2014-01-12,4665
10407,2014-01-13,3789
5151,2014-01-13,2383
185,2014-01-13,1051
11177,2014-01-13,4002
2866,2014-01-13,1779
1613,2014-01-13,1443
4278,2014-01-13,2148
9203,2014-01-13,3482
9442,2014-01-13,3539
11382,2014-01-13,4065
14396,2014-01-13,4836
3038,2014-01-13,1821
3587,2014-01-13,1961
1767,2014-01-13,1483
14483,2014-01-13,4860
11387,2014-01-13,4067
3572,2014-01-13,1956
13779,2014-01-13,4681
12555,2014-01-13,4355
7181,2014-01-13,2927
5734,2014-01-14,2541
5155,2014-01-14,2384
5749,2014-01-14,2545
239,2014-01-14,1065
12580,2014-01-14,4362
4826,2014-01-14,2294
13276,2014-01-14,4550
5828,2014-01-14,2564
8721,2014-01-14,3344
3181,2014-01-14,1859
8529,2014-01-14,3291
5452,2014-01-14,2463
11695,2014-01-14,4143
7149,2014-01-14,2919
1133,2014-01-14,1311
8050,2014-01-14,3160
11460,2014-01-14,4086
8355,2014-01-14,3246
11946,2014-01-14,4206
2220,2014-01-14,1608
8783,2014-01-14,3361
14475,2014-01-14,4858
4033,2014-01-14,2076
12424,2014-01-14,4321
507,2014-01-15,1139
9504,2014-01-15,3554
192,2014-01-15,1052
618,2014-01-15,1169
10376,2014-01-15,3782
14108,2014-01-15,4762
5045,2014-01-15,2355
2153,2014-01-15,1591
5016,2014-01-15,2347
2093,2014-01-15,1574
1273,2014-01-15,1351
4322,2014-01-15,2160
12096,2014-01-15,4243
5657,2014-01-16,2520
8284,2014-01-16,3222
10054,2014-01-16,3697
4959,2014-01-16,2332
6402,2014-01-16,2716
4612,2014-01-16,2237
8276,2014-01-16,3221
3589,2014-01-16,1961
9550,2014-01-16,3566
6478,2014-01-16,2738
4172,2014-01-16,2118
14261,2014-01-16,4803
13630,2014-01-16,4646
206,2014-01-16,1054
709,2014-01-16,1194
6910,2014-01-16,2851
10624,2014-01-16,3848
1732,2014-01-16,1476
5317,2014-01-17,2431
7656,2014-01-17,3054
1146,2014-01-17,1316
4988,2014-01-17,2340
11847,2014-01-17,4182
12345,2014-01-17,4303
4228,2014-01-17,2134
2555,2014-01-17,1698
6928,2014-01-17,2855
12119,2014-01-17,4250
7378,2014-01-17,2980
2954,2014-01-17,1798
9676,2014-01-17,3595
55,2014-01-17,1013
6511,2014-01-17,2746
7093,2014-01-17,2905
12696,2014-01-17,4392
2722,2014-01-17,1743
1306,2014-01-17,1360
2244,2014-01-17,1613
5171,2014-01-18,2390
7112,2014-01-18,2909
6903,2014-01-18,2850
8741,2014-01-18,3349
2501,2014-01-18,1682
8735,2014-01-18,3348
10171,2014-01-18,3732
14306,2014-01-18,4814
990,2014-01-18,1275
6799,2014-01-18,2816
2946,2014-01-18,1797
5179,2014-01-18,2391
1677,2014-01-18,1462
5042,2014-01-18,2353
13105,2014-01-18,4505
12058,2014-01-18,4233
595,2014-01-18,1162
14896,2014-01-18,4978
9350,2014-01-18,3516
4084,2014-01-18,2091
5263,2014-01-18,2413
3016,2014-01-18,1816
8895,2014-01-19,3396
4234,2014-01-19,2137
2772,2014-01-19,1755
4639,2014-01-19,2244
5390,2014-01-19,2446
9338,2014-01-19,3512
9172,2014-01-19,3474
7536,2014-01-19,3025
13386,2014-01-19,4579
7062,2014-01-19,2893
6020,2014-01-19,2615
8535,2014-01-19,3293
14696,2014-01-19,4924
4925,2014-01-19,2322
2039,2014-01-19,1561
1594,2014-01-19,1438
5326,2014-01-19,2432
2073,2014-01-19,1569
12325,2014-01-19,4299
6754,2014-01-19,2806
5859,2014-01-19,2573
17,2014-01-19,1003
12289,2014-01-19,4292
13865,2014-01-20,4698
13801,2014-01-20,4685
715,2014-01-20,1196
14933,2014-01-20,4991
4198,2014-01-20,2127
8837,2014-01-20,3378
135,2014-01-20,1036
3927,2014-01-20,2051
4133,2014-01-20,2106
6196,2014-01-20,2663
2383,2014-01-20,1650
5980,2014-01-20,2602
8947,2014-01-20,3410
10047,2014-01-20,3695
12456,2014-01-20,4329
13742,2014-01-20,4671
3762,2014-01-20,2011
14780,2014-01-20,4944
12742,2014-01-20,4406
4934,2014-01-20,2325
9825,2014-01-20,3639
252,2014-01-20,1069
9883,2014-01-20,3656
10768,2014-01-20,3890
6755,2014-01-21,2806
13102,2014-01-21,4504
11982,2014-01-21,4216
12591,2014-01-21,4364
9152,2014-01-21,3468
4701,2014-01-21,2261
8924,2014-01-21,3403
4691,2014-01-21,2258
9684,2014-01-21,3596
5518,2014-01-21,2482
8624,2014-01-21,3315
13041,2014-01-21,4490
12719,2014-01-21,4400
6641,2014-01-21,2779
5860,2014-01-21,2573
8639,2014-01-21,3320
9981,2014-01-21,3680
2441,2014-01-21,1661
8722,2014-01-21,3344
8742,2014-01-21,3350
7485,2014-01-21,3010
4647,2014-01-21,2246
4180,2014-01-21,2120
8267,2014-01-21,3219
2552,2014-01-22,1697
7902,2014-01-22,3119
7765,2014-01-22,3084
9028,2014-01-22,3435
10310,2014-01-22,3764
11001,2014-01-22,3950
12065,2014-01-22,4234
7844,2014-01-22,3104
4944,2014-01-22,2328
10101,2014-01-22,3713
12582,2014-01-22,4362
13684,2014-01-22,4659
11295,2014-01-22,4036
11491,2014-01-22,4094
14297,2014-01-22,4812
2603,2014-01-22,1714
4628,2014-01-22,2241
9406,2014-01-23,3529
6438,2014-01-23,2727
8404,2014-01-23,3255
10812,2014-01-23,3900
9974,2014-01-23,3678
13773,2014-01-23,4679
6734,2014-01-23,2801
12689,2014-01-23,4391
1623,2014-01-23,1445
240,2014-01-23,1065
6762,2014-01-23,2808
6285,2014-01-23,2688
3330,2014-01-23,1895
3380,2014-01-23,1908
13689,2014-01-23,4660
12596,2014-01-23,4365
13776,2014-01-23,4680
12958,2014-01-23,4464
11041,2014-01-23,3960
11072,2014-01-23,3967
1224,2014-01-23,1336
7335,2014-01-23,2967
7792,2014-01-23,3090
8456,2014-01-23,3268
4993,2014-01-23,2341
1687,2014-01-23,1465
7976,2014-01-23,3139
3036,2014-01-23,1820
14701,2014-01-23,4925
28,2014-01-23,1005
14308,2014-01-24,4815
8818,2014-01-24,3369
13422,2014-01-24,4589
8754,2014-01-24,3353
11386,2014-01-24,4066
3044,2014-01-24,1822
9722,2014-01-24,3608
5448,2014-01-24,2461
14455,2014-01-24,4852
1401,2014-01-24,1384
2061,2014-01-24,1566
14097,2014-01-24,4759
13004,2014-01-24,4479
2875,2014-01-24,1781
1006,2014-01-24,1278
4218,2014-01-24,2132
38,2014-01-24,1009
8523,2014-01-24,3289
9412,2014-01-24,3530
4694,2014-01-25,2259
8015,2014-01-25,3149
11318,2014-01-25,4042
473,2014-01-25,1129
5993,2014-01-25,2607
12439,2014-01-25,4324
4588,2014-01-25,2232
6412,2014-01-25,2718
1002,2014-01-25,1277
2560,2014-01-25,1699
1770,2014-01-25,1483
9742,2014-01-25,3613
4281,2014-01-25,2148
868,2014-01-25,1237
621,2014-01-25,1169
10980,2014-01-25,3945
11563,2014-01-25,4110
10833,2014-01-25,3905
231,2014-01-26,1062
121,2014-01-26,1032
3413,2014-01-26,1917
5048,2014-01-26,2355
592,2014-01-26,1161
2361,2014-01-26,1645
2169,2014-01-26,1595
13681,2014-01-26,4658
1465,2014-01-26,1404
4398,2014-01-26,2178
5494,2014-01-26,2475
13958,2014-01-26,4721
2469,2014-01-26,1672
12913,2014-01-26,4453
13316,2014-01-27,4561
9498,2014-01-27,3552
8504,2014-01-27,3284
9138,2014-01-27,3465
10533,2014-01-27,3825
13020,2014-01-27,4485
10807,2014-01-27,3899
12846,2014-01-27,4435
10115,2014-01-27,3717
13058,2014-01-27,4494
5634,2014-01-27,2515
14240,2014-01-27,4797
12932,2014-01-27,4458
11609,2014-01-27,4121
9228,2014-01-27,3486
2445,2014-01-27,1662
7232,2014-01-27,2941
5170,2014-01-27,2389
6431,2014-01-27,2725
12239,2014-01-27,4279
12393,2014-01-27,4314
7479,2014-01-27,3009
7000,2014-01-28,2873
7666,2014-01-28,3057
12331,2014-01-28,4300
6853,2014-01-28,2835
12840,2014-01-28,4434
5462,2014-01-28,2466
9068,2014-01-28,3447
13323,2014-01-28,4563
5316,2014-01-28,2430
4981,2014-01-28,2339
14792,2014-01-28,4947
5367,2014-01-28,2440
1254,2014-01-28,1344
10555,2014-01-28,3830
10332,2014-01-28,3769
4968,2014-01-28,2336
1812,2014-01-28,1493
12406,2014-01-28,4317
6397,2014-01-28,2715
13735,2014-01-28,4670
144,2014-01-28,1038
3981,2014-01-28,2065
3023,2014-01-28,1817
1653,2014-01-28,1454
14851,2014-01-28,4963
584,2014-01-28,1159
3173,2014-01-29,1856
14166,2014-01-29,4779
5731,2014-01-29,2540
1195,2014-01-29,1329
12537,2014-01-29,4349
11691,2014-01-29,4140
3626,2014-01-29,1970
1941,2014-01-29,1527
3838,2014-01-29,2030
7620,2014-01-29,3045
5804,2014-01-29,2557
3518,2014-01-29,1941
13329,2014-01-29,4564
4857,2014-01-29,2302
12474,2014-01-29,4334
268,2014-01-29,1074
1923,2014-01-30,1522
1097,2014-01-30,1301
4220,2014-01-30,2132
12842,2014-01-30,4434
12620,2014-01-30,4372
10322,2014-01-30,3767
8606,2014-01-30,3309
5879,2014-01-30,2578
1789,2014-01-30,1488
7885,2014-01-30,3115
4675,2014-01-30,2254
7114,2014-01-30,2909
1428,2014-01-30,1391
11058,2014-01-30,3964
14577,2014-01-30,4884
8281,2014-01-30,3221
2064,2014-01-30,1566
10503,2014-01-30,3815
1543,2014-01-30,1424
968,2014-01-30,1268
13141,2014-01-30,4513
6560,2014-01-30,2758
14384,2014-01-30,4832
4469,2014-01-30,2199
12092,2014-01-30,4242
541,2014-01-30,1146
11409,2014-01-30,4073
11428,2014-01-31,4077
12880,2014-01-31,4443
4860,2014-01-31,2303
10102,2014-01-31,3713
4339,2014-01-31,2164
5560,2014-01-31,2495
14698,2014-01-31,4924
550,2014-01-31,1148
6577,2014-01-31,2761
10333,2014-01-31,3769
13519,2014-01-31,4616
1087,2014-01-31,1297
7946,2014-01-31,3131
13927,2014-01-31,4715
12631,2014-01-31,4375
3184,2014-01-31,1860
1340,2014-01-31,1367
8147,2014-01-31,3184
9099,2014-01-31,3456
7507,2014-01-31,3015
9619,2014-01-31,3583
12720,2014-01-31,4400
14038,2014-01-31,4744
6459,2014-01-31,2732
8457,2014-01-31,3268
2026,2014-01-31,1554
9177,2014-01-31,3474
3371,2014-01-31,1905
9437,2014-02-01,3538
8419,2014-02-01,3259
13712,2014-02-01,4666
14482,2014-02-01,4860
12586,2014-02-01,4364
6825,2014-02-01,2828
907,2014-02-01,1248
14723,2014-02-01,4933
14433,2014-02-01,4847
5483,2014-02-01,2472
3004,2014-02-01,1814
956,2014-02-01,1265
3224,2014-02-01,1870
3887,2014-02-01,2043
1943,2014-02-01,1528
7942,2014-02-01,3130
3803,2014-02-01,2020
12901,2014-02-01,4450
12748,2014-02-01,4408
11214,2014-02-01,4014
14643,2014-02-01,4907
9831,2014-02-01,3641
1327,2014-02-01,1365
5511,2014-02-01,2480
11108,2014-02-01,3977
8111,2014-02-01,3178
10032,2014-02-01,3692
4884,2014-02-01,2311
243,2014-02-01,1066
3437,2014-02-02,1923
4520,2014-02-02,2215
662,2014-02-02,1180
506,2014-02-02,1139
8518,2014-02-02,3289
407,2014-02-02,1113
11656,2014-02-02,4133
12279,2014-02-02,4291
10899,2014-02-02,3921
3507,2014-02-02,1939
13584,2014-02-02,4635
3855,2014-02-02,2036
8177,2014-02-02,3194
5585,2014-02-02,2505
13767,2014-02-02,4679
12738,2014-02-02,4406
14788,2014-02-02,4947
2918,2014-02-02,1791
3701,2014-02-02,1996
5339,2014-02-02,2435
11953,2014-02-03,4208
3286,2014-02-03,1887
4733,2014-02-03,2271
11092,2014-02-03,3973
2202,2014-02-03,1604
3459,2014-02-03,1929
10568,2014-02-03,3835
750,2014-02-03,1206
7263,2014-02-03,2950
1692,2014-02-03,1466
4585,2014-02-03,2232
3711,2014-02-03,1998
3843,2014-02-03,2032
10161,2014-02-03,3730
12141,2014-02-03,4257
13572,2014-02-03,4632
9564,2014-02-03,3571
4291,2014-02-03,2152
6188,2014-02-03,2662
4963,2014-02-03,2334
12138,2014-02-03,4256
11906,2014-02-03,4196
10827,2014-02-03,3905
3888,2014-02-03,2043
5314,2014-02-03,2430
22,2014-02-04,1004
10302,2014-02-04,3763
1634,2014-02-04,1450
13081,2014-02-04,4500
2022,2014-02-04,1554
264,2014-02-04,1074
2385,2014-02-04,1651
7205,2014-02-04,2935
5976,2014-02-04,2602
9118,2014-02-04,3462
4630,2014-02-04,2242
5950,2014-02-04,2597
12051,2014-02-04,4231
2836,2014-02-04,1772
9153,2014-02-04,3469
1751,2014-02-04,1480
4474,2014-02-04,2201
11080,2014-02-04,3971
1553,2014-02-04,1427
3178,2014-02-04,1859
5376,2014-02-04,2443
7326,2014-02-04,2964
14218,2014-02-04,4791
8466,2014-02-04,3273
3861,2014-02-04,2038
14012,2014-02-04,4739
10430,2014-02-04,3795
585,2014-02-04,1160
1703,2014-02-05,1468
11824,2014-02-05,4177
3792,2014-02-05,2018
1387,2014-02-05,1381
9183,2014-02-05,3476
3727,2014-02-05,2001
3983,2014-02-05,2066
8555,2014-02-05,3298
4915,2014-02-05,2320
12698,2014-02-05,4393
13622,2014-02-05,4645
4360,2014-02-05,2169
4800,2014-02-05,2289
4331,2014-02-05,2164
8580,2014-02-05,3306
5420,2014-02-05,2453
4657,2014-02-06,2251
1544,2014-02-06,1425
462,2014-02-06,1127
1929,2014-02-06,1524
9360,2014-02-06,3518
10725,2014-02-06,3877
10001,2014-02-06,3684
4920,2014-02-06,2321
8369,2014-02-06,3248
587,2014-02-06,1160
1584,2014-02-06,1435
13875,2014-02-06,4700
14829,2014-02-06,4958
8335,2014-02-06,3238
582,2014-02-06,1159
5538,2014-02-06,2489
9962,2014-02-06,3675
96,2014-02-06,1025
7841,2014-02-06,3104
1451,2014-02-06,1399
2996,2014-02-07,1811
1251,2014-02-07,1343
6845,2014-02-07,2834
4357,2014-02-07,2168
783,2014-02-07,1216
2259,2014-02-07,1617
7,2014-02-07,1001
8007,2014-02-07,3146
14106,2014-02-07,4762
9589,2014-02-07,3577
1486,2014-02-07,1410
6406,2014-02-07,2718
7829,2014-02-07,3101
3343,2014-02-07,1899
13794,2014-02-07,4684
11359,2014-02-07,4058
8652,2014-02-08,3323
14762,2014-02-08,4941
6530,2014-02-08,2751
5685,2014-02-08,2526
10658,2014-02-08,3856
4802,2014-02-08,2289
7685,2014-02-08,3063
10987,2014-02-08,3947
12977,2014-02-08,4470
4495,2014-02-08,2207
14916,2014-02-08,4986
6766,2014-02-08,2810
1344,2014-02-08,1369
12040,2014-02-08,4228
11582,2014-02-08,4115
10892,2014-02-08,3919
12161,2014-02-08,4261
8162,2014-02-08,3189
9361,2014-02-08,3518
4898,2014-02-09,2314
5716,2014-02-09,2536
8240,2014-02-09,3210
10022,2014-02-09,3689
3513,2014-02-09,1940
14850,2014-02-09,4963
5705,2014-02-09,2534
7442,2014-02-09,2997
3875,2014-02-09,2041
9232,2014-02-09,3487
1026,2014-02-09,1283
10018,2014-02-09,3688
2537,2014-02-09,1693
2123,2014-02-09,1583
9254,2014-02-09,3493
11,2014-02-09,1002
3207,2014-02-09,1866
2350,2014-02-09,1641
7724,2014-02-09,3075
9615,2014-02-09,3583
6594,2014-02-09,2765
6408,2014-02-09,2718
682,2014-02-09,1186
14206,2014-02-10,4788
3619,2014-02-10,1969
14520,2014-02-10,4868
4245,2014-02-10,2139
14005,2014-02-10,4736
5581,2014-02-10,2504
13466,2014-02-10,4601
10917,2014-02-10,3926
3900,2014-02-10,2045
7819,2014-02-10,3099
14603,2014-02-10,4893
2308,2014-02-10,1628
14890,2014-02-10,4975
3712,2014-02-10,1998
1957,2014-02-10,1533
10784,2014-02-10,3894
2330,2014-02-10,1634
5310,2014-02-11,2428
14212,2014-02-11,4789
11327,2014-02-11,4045
1199,2014-02-11,1330
14239,2014-02-11,4797
13562,2014-02-11,4628
12531,2014-02-11,4348
6897,2014-02-11,2849
6476,2014-02-11,2738
1488,2014-02-11,1410
291,2014-02-11,1081
6272,2014-02-11,2685
8716,2014-02-11,3343
13158,2014-02-11,4520
11719,2014-02-11,4149
10053,2014-02-11,3697
14451,2014-02-11,4852
12865,2014-02-12,4440
4462,2014-02-12,2196
9858,2014-02-12,3649
12511,2014-02-12,4341
7996,2014-02-12,3142
2091,2014-02-12,1574
1555,2014-02-12,1427
5757,2014-02-12,2547
10292,2014-02-12,3761
13940,2014-02-12,4719
12390,2014-02-12,4314
10672,2014-02-12,3861
12612,2014-02-12,4370
5290,2014-02-12,2423
13961,2014-02-12,4722
3153,2014-02-12,1851
8851,2014-02-12,3383
14050,2014-02-12,4746
13472,2014-02-12,4603
6919,2014-02-13,2854
5130,2014-02-13,2377
1813,2014-02-13,1494
2279,2014-02-13,1621
7053,2014-02-13,2890
14533,2014-02-13,4872
3333,2014-02-13,1896
4547,2014-02-13,2222
6509,2014-02-13,2746
2177,2014-02-13,1597
5284,2014-02-13,2421
2373,2014-02-13,1648
3328,2014-02-13,1895
1009,2014-02-13,1279
4167,2014-02-13,2116
11119,2014-02-13,3982
9314,2014-02-13,3507
9919,2014-02-13,3664
11701,2014-02-13,4145
10392,2014-02-13,3785
13577,2014-02-13,4633
12701,2014-02-14,4394
5899,2014-02-14,2584
12669,2014-02-14,4387
10883,2014-02-14,3917
3602,2014-02-14,1966
3462,2014-02-14,1929
365,2014-02-14,1102
1246,2014-02-14,1342
11734,2014-02-14,4153
11817,2014-02-14,4173
9297,2014-02-14,3502
4296,2014-02-14,2153
2885,2014-02-14,1783
7190,2014-02-14,2930
6066,2014-02-14,2626
6306,2014-02-14,2693
10813,2014-02-14,3901
8060,2014-02-14,3164
7483,2014-02-14,3010
2101,2014-02-14,1575
4047,2014-02-14,2081
8044,2014-02-14,3158
7045,2014-02-14,2886
4890,2014-02-14,2312
10105,2014-02-15,3714
2751,2014-02-15,1751
1716,2014-02-15,1472
12870,2014-02-15,4441
46,2014-02-15,1011
12635,2014-02-15,4376
3716,2014-02-15,1998
10440,2014-02-15,3798
4924,2014-02-15,2322
11037,2014-02-15,3960
1152,2014-02-15,1318
7741,2014-02-15,3080
4309,2014-02-15,2156
10894,2014-02-15,3919
3266,2014-02-15,1881
8910,2014-02-15,3400
4231,2014-02-15,2135
10248,2014-02-15,3751
3603,2014-02-15,1966
13693,2014-02-15,4661
180,2014-02-15,1050
10330,2014-02-16,3769
11933,2014-02-16,4202
6003,2014-02-16,2611
10184,2014-02-16,3736
12833,2014-02-16,4433
6415,2014-02-16,2719
6691,2014-02-16,2792
10237,2014-02-16,3748
11509,2014-02-16,4098
14737,2014-02-16,4935
9735,2014-02-16,3612
5356,2014-02-16,2439
7527,2014-02-16,3022
11769,2014-02-16,4162
9427,2014-02-16,3535
11775,2014-02-16,4163
4096,2014-02-16,2093
14756,2014-02-16,4939
5273,2014-02-16,2416
11814,2014-02-16,4172
9907,2014-02-16,3662
2321,2014-02-16,1632
707,2014-02-16,1193
6707,2014-02-16,2796
14207,2014-02-17,4788
4626,2014-02-17,2241
12820,2014-02-17,4430
3957,2014-02-17,2059
11221,2014-02-17,4015
12770,2014-02-17,4414
6324,2014-02-17,2697
13908,2014-02-17,4710
3359,2014-02-17,1903
5443,2014-02-17,2460
10897,2014-02-17,3920
2118,2014-02-17,1581
11658,2014-02-17,4133
3203,2014-02-17,1865
608,2014-02-17,1166
6782,2014-02-17,2813
12419,2014-02-17,4320
4909,2014-02-17,2316
10847,2014-02-17,3910
10789,2014-02-17,3895
14132,2014-02-17,4770
6677,2014-02-17,2788
2507,2014-02-17,1684
11891,2014-02-17,4192
3349,2014-02-17,1900
11672,2014-02-18,4136
6068,2014-02-18,2627
6144,2014-02-18,2649
1935,2014-02-18,1526
10631,2014-02-18,3849
12675,2014-02-18,4388
9636,2014-02-18,3587
4213,2014-02-18,2131
4242,2014-02-18,2138
1057,2014-02-18,1290
5418,2014-02-18,2452
12175,2014-02-18,4264
14686,2014-02-18,4922
13752,2014-02-18,4674
13889,2014-02-18,4705
4910,2014-02-18,2316
12955,2014-02-18,4464
488,2014-02-18,1134
14381,2014-02-18,4832
1578,2014-02-18,1432
4015,2014-02-18,2072
3446,2014-02-18,1924
7600,2014-02-18,3041
6698,2014-02-18,2794
11469,2014-02-18,4088
9263,2014-02-18,3495
11202,2014-02-19,4009
9136,2014-02-19,3465
579,2014-02-19,1158
5046,2014-02-19,2355
4209,2014-02-19,2129
8638,2014-02-19,3320
7347,2014-02-19,2972
13448,2014-02-19,4596
7866,2014-02-19,3111
7077,2014-02-19,2900
13600,2014-02-19,4638
1272,2014-02-19,1350
5783,2014-02-19,2552
12184,2014-02-19,4266
4645,2014-02-19,2245
10472,2014-02-19,3808
8136,2014-02-19,3182
1333,2014-02-19,1366
14668,2014-02-20,4915
10378,2014-02-20,3782
10136,2014-02-20,3721
10995,2014-02-20,3948
6742,2014-02-20,2803
6264,2014-02-20,2682
10822,2014-02-20,3903
360,2014-02-20,1100
12790,2014-02-20,4418
11690,2014-02-20,4140
2115,2014-02-20,1580
9580,2014-02-20,3574
4905,2014-02-20,2315
5163,2014-02-20,2388
6079,2014-02-20,2631
56,2014-02-20,1013
11070,2014-02-20,3967
9844,2014-02-20,3644
10139,2014-02-20,3722
10318,2014-02-20,3766
12604,2014-02-20,4368
2159,2014-02-20,1593
1902,2014-02-20,1516
8765,2014-02-21,3356
9450,2014-02-21,3541
2480,2014-02-21,1677
7580,2014-02-21,3035
2706,2014-02-21,1740
12897,2014-02-21,4448
538,2014-02-21,1146
6312,2014-02-21,2694
6666,2014-02-21,2786
8151,2014-02-21,3185
14527,2014-02-21,4870
4252,2014-02-21,2141
14539,2014-02-21,4874
13760,2014-02-21,4676
7775,2014-02-21,3087
10356,2014-02-21,3776
11232,2014-02-21,4018
73,2014-02-21,1017
8718,2014-02-21,3343
5521,2014-02-21,2483
9087,2014-02-21,3452
2640,2014-02-22,1724
5006,2014-02-22,2344
4267,2014-02-22,2144
9719,2014-02-22,3607
13558,2014-02-22,4627
3625,2014-02-22,1970
2371,2014-02-22,1647
10919,2014-02-22,3926
866,2014-02-22,1237
3215,2014-02-22,1867
2002,2014-02-22,1548
12196,2014-02-22,4268
4760,2014-02-22,2274
1835,2014-02-22,1499
3719,2014-02-22,1998
6030,2014-02-22,2617
3640,2014-02-22,1978
9982,2014-02-22,3680
1193,2014-02-22,1329
11892,2014-02-22,4192
14343,2014-02-22,4823
14485,2014-02-22,4860
4549,2014-02-22,2222
14133,2014-02-22,4770
8948,2014-02-22,3410
7728,2014-02-22,3076
1399,2014-02-22,1384
11669,2014-02-22,4135
87,2014-02-22,1022
1093,2014-02-23,1299
9546,2014-02-23,3564
9936,2014-02-23,3668
6536,2014-02-23,2753
7160,2014-02-23,2922
5720,2014-02-23,2537
3811,2014-02-23,2022
10898,2014-02-23,3920
2895,2014-02-23,1785
8844,2014-02-23,3380
7693,2014-02-23,3065
693,2014-02-23,1189
7963,2014-02-23,3137
7929,2014-02-23,3125
14714,2014-02-23,4931
4253,2014-02-23,2141
11901,2014-02-23,4194
9447,2014-02-23,3540
2116,2014-02-24,1580
10370,2014-02-24,3780
14163,2014-02-24,4779
6361,2014-02-24,2706
13704,2014-02-24,4663
3913,2014-02-24,2048
5616,2014-02-24,2511
3037,2014-02-24,1820
12723,2014-02-24,4401
128,2014-02-24,1034
10030,2014-02-24,3691
2449,2014-02-24,1663
138,2014-02-24,1037
5374,2014-02-24,2442
5558,2014-02-24,2495
5195,2014-02-24,2394
2518,2014-02-24,1687
4366,2014-02-24,2170
1083,2014-02-24,1296
14940,2014-02-24,4992
8125,2014-02-24,3180
10543,2014-02-24,3828
12222,2014-02-24,4274
4138,2014-02-24,2107
14769,2014-02-24,4941
7783,2014-02-24,3089
9497,2014-02-24,3552
12780,2014-02-25,4416
5328,2014-02-25,2432
8885,2014-02-25,3393
5352,2014-02-25,2437
4043,2014-02-25,2079
8462,2014-02-25,3271
8824,2014-02-25,3372
11284,2014-02-25,4033
353,2014-02-25,1098
7934,2014-02-25,3127
5850,2014-02-25,2570
4892,2014-02-25,2312
13315,2014-02-25,4561
2609,2014-02-25,1715
12797,2014-02-25,4423
3400,2014-02-25,1913
4975,2014-02-25,2337
3219,2014-02-25,1868
13571,2014-02-25,4631
5505,2014-02-25,2478
3412,2014-02-25,1917
5414,2014-02-26,2451
2794,2014-02-26,1761
14651,2014-02-26,4910
4869,2014-02-26,2306
7745,2014-02-26,3081
10358,2014-02-26,3777
8256,2014-02-26,3215
6458,2014-02-26,2732
8301,2014-02-26,3226
14902,2014-02-26,4981
3824,2014-02-26,2027
9407,2014-02-26,3529
2508,2014-02-26,1684
7839,2014-02-26,3103
3390,2014-02-26,1910
8925,2014-02-26,3403
5643,2014-02-26,2517
316,2014-02-26,1087
8541,2014-02-26,3294
14011,2014-02-26,4738
1894,2014-02-26,1514
2763,2014-02-26,1753
3072,2014-02-26,1829
1540,2014-02-26,1423
7297,2014-02-26,2957
6498,2014-02-26,2743
12328,2014-02-26,4299
10525,2014-02-26,3821
2569,2014-02-26,1702
1536,2014-02-26,1422
11113,2014-02-26,3979
5510,2014-02-27,2479
3101,2014-02-27,1837
8811,2014-02-27,3367
8436,2014-02-27,3264
4182,2014-02-27,2120
7966,2014-02-27,3137
14219,2014-02-27,4791
2278,2014-02-27,1620
18,2014-02-27,1003
5776,2014-02-27,2550
6940,2014-02-27,2859
1721,2014-02-27,1473
732,2014-02-27,1200
2677,2014-02-27,1733
1407,2014-02-27,1385
7704,2014-02-27,3067
3541,2014-02-27,1947
4936,2014-02-27,2325
2753,2014-02-27,1751
14112,2014-02-27,4763
6904,2014-02-27,2850
5591,2014-02-27,2506
710,2014-02-27,1194
7856,2014-02-27,3107
1380,2014-02-27,1379
10539,2014-02-28,3827
10626,2014-02-28,3848
11235,2014-02-28,4018
1607,2014-02-28,1442
5973,2014-02-28,2601
2097,2014-02-28,1574
7570,2014-02-28,3033
12403,2014-02-28,4316
7391,2014-02-28,2983
13527,2014-02-28,4618
14899,2014-02-28,4979
2359,2014-02-28,1644
13387,2014-02-28,4579
11641,2014-02-28,4129
5320,2014-02-28,2431
14024,2014-02-28,4741
7625,2014-02-28,3046
11935,2014-02-28,4202
10080,2014-02-28,3705
5222,2014-02-28,2401
8536,2014-03-01,3294
7418,2014-03-01,2991
7115,2014-03-01,2910
5440,2014-03-01,2459
5512,2014-03-01,2480
8302,2014-03-01,3227
3342,2014-03-01,1899
12114,2014-03-01,4249
12475,2014-03-01,4335
10557,2014-03-01,3831
8618,2014-03-01,3313
12861,2014-03-01,4440
922,2014-03-01,1253
3977,2014-03-01,2065
1947,2014-03-01,1529
13157,2014-03-01,4520
8188,2014-03-01,3197
10055,2014-03-01,3698
630,2014-03-01,1171
10289,2014-03-01,3761
12240,2014-03-01,4280
5721,2014-03-01,2538
7323,2014-03-01,2963
12655,2014-03-01,4382
14351,2014-03-02,4826
2206,2014-03-02,1605
13393,2014-03-02,4582
13667,2014-03-02,4656
13785,2014-03-02,4683
9052,2014-03-02,3442
4243,2014-03-02,2139
10400,2014-03-02,3787
4671,2014-03-02,2254
2439,2014-03-02,1661
7095,2014-03-02,2906
10467,2014-03-02,3807
2003,2014-03-02,1549
4962,2014-03-02,2334
14232,2014-03-02,4796
13099,2014-03-02,4504
11652,2014-03-02,4132
13822,2014-03-02,4690
12567,2014-03-02,4359
11326,2014-03-02,4045
4098,2014-03-02,2094
14070,2014-03-02,4751
8397,2014-03-02,3254
12312,2014-03-02,4297
122,2014-03-02,1033
430,2014-03-02,1118
10010,2014-03-03,3686
12300,2014-03-03,4294
14727,2014-03-03,4933
12032,2014-03-03,4226
9787,2014-03-03,3626
14849,2014-03-03,4963
924,2014-03-03,1254
7254,2014-03-03,2947
11778,2014-03-03,4164
14473,2014-03-03,4857
402,2014-03-03,1111
10597,2014-03-03,3842
12777,2014-03-03,4416
6687,2014-03-03,2790
10656,2014-03-03,3856
813,2014-03-03,1225
12166,2014-03-03,4262
6955,2014-03-03,2863
12441,2014-03-03,4325
1275,2014-03-03,1352
13930,2014-03-03,4717
902,2014-03-03,1246
2348,2014-03-03,1640
3472,2014-03-04,1931
12074,2014-03-04,4236
2420,2014-03-04,1657
10388,2014-03-04,3784
4971,2014-03-04,2337
3156,2014-03-04,1852
7156,2014-03-04,2921
7344,2014-03-04,2971
6972,2014-03-04,2868
114,2014-03-04,1031
1084,2014-03-04,1297
14864,2014-03-04,4968
3042,2014-03-04,1822
8205,2014-03-04,3203
11644,2014-03-04,4130
5680,2014-03-04,2525
6457,2014-03-04,2732
2089,2014-03-04,1574
6740,2014-03-04,2803
9641,2014-03-04,3589
8149,2014-03-04,3185
543,2014-03-04,1147
14073,2014-03-04,4752
14823,2014-03-04,4956
1505,2014-03-04,1416
9902,2014-03-04,3661
10753,2014-03-05,3883
13719,2014-03-05,4667
39,2014-03-05,1010
14614,2014-03-05,4896
7075,2014-03-05,2900
451,2014-03-05,1124
6399,2014-03-05,2716
213,2014-03-05,1057
1727,2014-03-05,1475
2225,2014-03-05,1609
10469,2014-03-05,3808
761,2014-03-05,1209
9006,2014-03-05,3428
7670,2014-03-05,3059
4689,2014-03-05,2258
5506,2014-03-05,2479
10881,2014-03-06,3917
10347,2014-03-06,3775
1808,2014-03-06,1493
177,2014-03-06,1050
5799,2014-03-06,2556
13823,2014-03-06,4690
421,2014-03-06,1116
8651,2014-03-06,3323
9837,2014-03-06,3643
13143,2014-03-06,4515
8577,2014-03-06,3305
1021,2014-03-06,1282
14135,2014-03-06,4771
12772,2014-03-06,4415
8542,2014-03-06,3295
7026,2014-03-06,2881
6796,2014-03-06,2816
10286,2014-03-07,3760
9277,2014-03-07,3498
11694,2014-03-07,4143
8481,2014-03-07,3279
11068,2014-03-07,3967
9130,2014-03-07,3464
10972,2014-03-07,3942
2626,2014-03-07,1721
7208,2014-03-07,2936
8665,2014-03-07,3326
3676,2014-03-07,1990
11343,2014-03-07,4050
4347,2014-03-07,2166
3498,2014-03-07,1937
1616,2014-03-07,1444
10523,2014-03-08,3821
2349,2014-03-08,1640
11397,2014-03-08,4070
8854,2014-03-08,3384
5416,2014-03-08,2452
10144,2014-03-08,3725
1183,2014-03-08,1327
250,2014-03-08,1068
5869,2014-03-08,2577
11416,2014-03-08,4075
99,2014-03-08,1026
5215,2014-03-08,2400
6084,2014-03-08,2632
3533,2014-03-08,1946
13101,2014-03-08,4504
2590,2014-03-08,1710
13768,2014-03-08,4679
12178,2014-03-08,4265
13936,2014-03-08,4718
7458,2014-03-08,3003
4457,2014-03-08,2195
12246,2014-03-09,4281
14169,2014-03-09,4780
2072,2014-03-09,1569
13904,2014-03-09,4709
1998,2014-03-09,1547
2071,2014-03-09,1568
14961,2014-03-09,5000
5755,2014-03-09,2547
11344,2014-03-09,4050
5507,2014-03-09,2479
8364,2014-03-09,3247
13614,2014-03-09,4643
1898,2014-03-09,1515
10405,2014-03-10,3789
703,2014-03-10,1191
97,2014-03-10,1025
12411,2014-03-10,4319
8568,2014-03-10,3302
5545,2014-03-10,2492
10682,2014-03-10,3863
4665,2014-03-10,2252
3393,2014-03-10,1911
9011,2014-03-10,3429
14409,2014-03-10,4839
2526,2014-03-10,1690
9319,2014-03-10,3508
5377,2014-03-10,2443
11411,2014-03-11,4074
11057,2014-03-11,3964
14252,2014-03-11,4800
9664,2014-03-11,3593
12762,2014-03-11,4412
3281,2014-03-11,1885
2687,2014-03-11,1736
2045,2014-03-11,1563
8641,2014-03-11,3321
4977,2014-03-11,2338
5898,2014-03-11,2584
5160,2014-03-11,2387
10514,2014-03-11,3818
6531,2014-03-11,2751
3163,2014-03-11,1854
2139,2014-03-11,1586
7299,2014-03-11,2958
7305,2014-03-11,2960
7163,2014-03-11,2923
332,2014-03-11,1094
598,2014-03-11,1163
14639,2014-03-11,4906
7778,2014-03-11,3088
13358,2014-03-11,4573
1521,2014-03-12,1419
7667,2014-03-12,3058
9462,2014-03-12,3544
2738,2014-03-12,1748
12971,2014-03-12,4468
7887,2014-03-12,3116
3149,2014-03-12,1850
3680,2014-03-12,1991
8421,2014-03-12,3259
13128,2014-03-12,4510
12811,2014-03-12,4427
6338,2014-03-12,2701
6957,2014-03-12,2863
1577,2014-03-12,1432
12715,2014-03-12,4398
864,2014-03-12,1237
5238,2014-03-12,2406
9733,2014-03-12,3612
14910,2014-03-12,4985
10509,2014-03-12,3817
12733,2014-03-13,4404
1648,2014-03-13,1453
2527,2014-03-13,1690
13764,2014-03-13,4678
8836,2014-03-13,3378
3475,2014-03-13,1931
13702,2014-03-13,4663
8984,2014-03-13,3421
9688,2014-03-13,3598
9477,2014-03-13,3548
3504,2014-03-13,1938
8479,2014-03-13,3278
4887,2014-03-13,2311
12763,2014-03-13,4412
6753,2014-03-13,2806
4766,2014-03-13,2277
1075,2014-03-13,1295
11105,2014-03-13,3976
11571,2014-03-13,4113
10619,2014-03-14,3847
11886,2014-03-14,4191
158,2014-03-14,1043
13731,2014-03-14,4669
10676,2014-03-14,3862
11966,2014-03-14,4212
4105,2014-03-14,2097
7692,2014-03-14,3065
11573,2014-03-14,4113
5027,2014-03-14,2349
2362,2014-03-14,1646
14440,2014-03-14,4849
2647,2014-03-14,1726
14253,2014-03-14,4800
5549,2014-03-14,2492
1739,2014-03-14,1477
9486,2014-03-14,3549
7314,2014-03-14,2961
11745,2014-03-15,4155
8272,2014-03-15,3220
1590,2014-03-15,1437
2874,2014-03-15,1781
11472,2014-03-15,4089
1958,2014-03-15,1533
2394,2014-03-15,1652
5434,2014-03-15,2456
8990,2014-03-15,3423
4771,2014-03-15,2278
443,2014-03-15,1121
11989,2014-03-15,4217
11562,2014-03-15,4110
3956,2014-03-15,2059
5690,2014-03-15,2528
4917,2014-03-15,2320
3348,2014-03-15,1900
9763,2014-03-15,3619
3221,2014-03-15,1869
2192,2014-03-15,1602
8236,2014-03-15,3209
12825,2014-03-16,4431
14566,2014-03-16,4880
12472,2014-03-16,4334
13871,2014-03-16,4699
12203,2014-03-16,4270
850,2014-03-16,1234
11671,2014-03-16,4136
4850,2014-03-16,2300
14948,2014-03-16,4995
13195,2014-03-16,4527
12174,2014-03-16,4264
6639,2014-03-16,2779
10353,2014-03-16,3776
13608,2014-03-16,4641
13048,2014-03-16,4493
2199,2014-03-16,1603
13341,2014-03-16,4567
827,2014-03-16,1230
6256,2014-03-16,2680
13531,2014-03-16,4620
10341,2014-03-17,3773
13269,2014-03-17,4548
9101,2014-03-17,3457
9598,2014-03-17,3580
223,2014-03-17,1061
11957,2014-03-17,4210
8277,2014-03-17,3221
3893,2014-03-17,2044
4383,2014-03-17,2175
6453,2014-03-17,2730
8890,2014-03-17,3395
3749,2014-03-17,2008
8912,2014-03-17,3401
4868,2014-03-17,2306
5244,2014-03-17,2407
7037,2014-03-17,2884
1284,2014-03-17,1354
5890,2014-03-17,2581
9414,2014-03-18,3531
11954,2014-03-18,4209
12722,2014-03-18,4401
9307,2014-03-18,3505
3596,2014-03-18,1964
6366,2014-03-18,2707
9449,2014-03-18,3541
14666,2014-03-18,4915
9730,2014-03-18,3610
11283,2014-03-18,4033
11633,2014-03-18,4127
3213,2014-03-18,1867
11436,2014-03-18,4079
11473,2014-03-18,4089
10673,2014-03-18,3861
1988,2014-03-18,1544
3975,2014-03-18,2064
8866,2014-03-18,3386
2232,2014-03-18,1611
8082,2014-03-19,3168
6705,2014-03-19,2795
7893,2014-03-19,3117
8603,2014-03-19,3309
6715,2014-03-19,2798
9443,2014-03-19,3539
3218,2014-03-19,1868
12525,2014-03-19,4345
14738,2014-03-19,4935
8143,2014-03-19,3184
13917,2014-03-19,4712
720,2014-03-19,1197
5526,2014-03-19,2484
7433,2014-03-19,2995
7790,2014-03-19,3090
3394,2014-03-19,1912
295,2014-03-20,1082
4113,2014-03-20,2100
13264,2014-03-20,4546
11650,2014-03-20,4131
1551,2014-03-20,1426
12708,2014-03-20,4396
1016,2014-03-20,1280
12022,2014-03-20,4223
11060,2014-03-20,3965
6183,2014-03-20,2660
12910,2014-03-20,4453
3573,2014-03-20,1957
11625,2014-03-20,4125
6501,2014-03-20,2744
1925,2014-03-20,1523
3110,2014-03-20,1839
10889,2014-03-20,3918
3841,2014-03-20,2031
6215,2014-03-20,2669
2658,2014-03-20,1729
8522,2014-03-21,3289
577,2014-03-21,1157
7285,2014-03-21,2955
2730,2014-03-21,1746
263,2014-03-21,1073
9617,2014-03-21,3583
8589,2014-03-21,3307
4524,2014-03-21,2215
12931,2014-03-21,4458
9525,2014-03-21,3560
14721,2014-03-21,4932
13845,2014-03-21,4694
13459,2014-03-21,4599
4284,2014-03-21,2149
12071,2014-03-21,4235
483,2014-03-21,1133
9411,2014-03-21,3530
12743,2014-03-21,4406
6747,2014-03-21,2804
10567,2014-03-21,3834
4880,2014-03-21,2310
4145,2014-03-21,2109
10048,2014-03-21,3695
11961,2014-03-22,4211
5013,2014-03-22,2346
8552,2014-03-22,3297
2943,2014-03-22,1796
7202,2014-03-22,2934
12321,2014-03-22,4298
10130,2014-03-22,3720
14537,2014-03-22,4873
723,2014-03-22,1198
14822,2014-03-22,4955
2726,2014-03-22,1745
5661,2014-03-22,2521
13986,2014-03-22,4729
5185,2014-03-22,2393
8312,2014-03-22,3231
13197,2014-03-22,4527
4994,2014-03-23,2341
2390,2014-03-23,1651
10485,2014-03-23,3811
13555,2014-03-23,4626
9376,2014-03-23,3522
14489,2014-03-23,4861
7121,2014-03-23,2911
684,2014-03-23,1186
3597,2014-03-23,1964
13159,2014-03-23,4520
7218,2014-03-23,2938
10564,2014-03-23,3832
14618,2014-03-23,4897
729,2014-03-23,1199
5292,2014-03-23,2424
3582,2014-03-23,1959
11724,2014-03-24,4150
12796,2014-03-24,4422
4100,2014-03-24,2094
13360,2014-03-24,4573
6216,2014-03-24,2669
7933,2014-03-24,3127
9487,2014-03-24,3549
12876,2014-03-24,4442
8062,2014-03-24,3164
1395,2014-03-24,1383
10855,2014-03-24,3911
195,2014-03-24,1052
10678,2014-03-24,3862
4329,2014-03-24,2162
5257,2014-03-24,2411
4784,2014-03-24,2284
3362,2014-03-24,1904
4011,2014-03-24,2071
8093,2014-03-24,3172
339,2014-03-25,1095
4464,2014-03-25,2196
8503,2014-03-25,3284
10225,2014-03-25,3745
1527,2014-03-25,1420
7857,2014-03-25,3108
7262,2014-03-25,2949
913,2014-03-25,1248
11687,2014-03-25,4139
11352,2014-03-25,4055
7860,2014-03-25,3109
7407,2014-03-25,2989
5125,2014-03-25,2375
14422,2014-03-25,4842
9234,2014-03-25,3487
88,2014-03-25,1022
3161,2014-03-25,1853
4919,2014-03-25,2320
14551,2014-03-25,4876
7106,2014-03-25,2907
7498,2014-03-25,3013
5213,2014-03-26,2399
57,2014-03-26,1013
12277,2014-03-26,4290
7983,2014-03-26,3140
13590,2014-03-26,4636
6621,2014-03-26,2774
9270,2014-03-26,3496
8084,2014-03-26,3168
2107,2014-03-26,1578
11855,2014-03-26,4183
4812,2014-03-26,2291
4980,2014-03-26,2339
1626,2014-03-26,1446
10688,2014-03-26,3864
9436,2014-03-26,3537
9255,2014-03-26,3493
14444,2014-03-26,4850
12463,2014-03-26,4330
14002,2014-03-27,4735
8693,2014-03-27,3334
468,2014-03-27,1128
11580,2014-03-27,4114
7167,2014-03-27,2924
13470,2014-03-27,4601
3427,2014-03-27,1921
10635,2014-03-27,3850
1582,2014-03-27,1434
4583,2014-03-27,2231
10174,2014-03-27,3732
11781,2014-03-27,4164
7421,2014-03-27,2991
1922,2014-03-27,1522
7361,2014-03-27,2975
5037,2014-03-27,2352
10944,2014-03-27,3934
5543,2014-03-27,2490
9388,2014-03-27,3524
12408,2014-03-27,4318
8449,2014-03-27,3267
12405,2014-03-27,4317
12504,2014-03-27,4339
540,2014-03-28,1146
10473,2014-03-28,3808
3382,2014-03-28,1908
58,2014-03-28,1013
14044,2014-03-28,4745
12948,2014-03-28,4462
9048,2014-03-28,3439
14393,2014-03-28,4835
3510,2014-03-28,1939
3812,2014-03-28,2022
597,2014-03-28,1162
3050,2014-03-28,1824
14110,2014-03-28,4762
7118,2014-03-28,2910
568,2014-03-28,1153
13533,2014-03-28,4621
7402,2014-03-28,2986
4982,2014-03-28,2339
13432,2014-03-28,4592
1408,2014-03-28,1385
7109,2014-03-28,2908
12297,2014-03-28,4293
10507,2014-03-28,3816
2041,2014-03-28,1561
10560,2014-03-29,3831
2478,2014-03-29,1676
12617,2014-03-29,4371
1291,2014-03-29,1355
1176,2014-03-29,1325
7760,2014-03-29,3083
9650,2014-03-29,3590
1750,2014-03-29,1479
12513,2014-03-29,4341
6125,2014-03-29,2644
3205,2014-03-29,1865
4009,2014-03-29,2070
5709,2014-03-29,2534
8089,2014-03-29,3170
1239,2014-03-29,1340
14150,2014-03-29,4775
14722,2014-03-29,4932
13839,2014-03-29,4693
8738,2014-03-30,3348
7416,2014-03-30,2990
8497,2014-03-30,3283
12944,2014-03-30,4461
3673,2014-03-30,1988
11260,2014-03-30,4024
6591,2014-03-30,2764
6199,2014-03-30,2663
7543,2014-03-30,3026
11804,2014-03-30,4169
14003,2014-03-30,4735
10122,2014-03-30,3718
3146,2014-03-30,1849
8201,2014-03-30,3201
13632,2014-03-30,4646
2780,2014-03-30,1757
8554,2014-03-30,3297
13513,2014-03-30,4615
12099,2014-03-30,4243
8450,2014-03-30,3267
14585,2014-03-30,4887
1412,2014-03-31,1387
13895,2014-03-31,4706
1736,2014-03-31,1476
2085,2014-03-31,1572
14130,2014-03-31,4769
9258,2014-03-31,3494
4821,2014-03-31,2293
3814,2014-03-31,2023
12224,2014-03-31,4274
5126,2014-03-31,2375
11482,2014-03-31,4091
5679,2014-03-31,2524
6172,2014-03-31,2656
5924,2014-03-31,2589
11333,2014-03-31,4046
13240,2014-03-31,4539
7664,2014-03-31,3056
8018,2014-03-31,3150
6327,2014-03-31,2698
4236,2014-04-01,2138
7471,2014-04-01,3007
1991,2014-04-01,1545
8499,2014-04-01,3284
6763,2014-04-01,2809
4416,2014-04-01,2185
8848,2014-04-01,3382
10313,2014-04-01,3765
6112,2014-04-01,2641
14245,2014-04-01,4799
6563,2014-04-01,2760
10548,2014-04-01,3830
5710,2014-04-01,2535
13974,2014-04-01,4726
3273,2014-04-01,1883
5501,2014-04-01,2477
1836,2014-04-01,1500
7951,2014-04-01,3133
11753,2014-04-01,4157
7168,2014-04-01,2925
14039,2014-04-01,4745
11936,2014-04-01,4204
5307,2014-04-01,2428
603,2014-04-01,1165
7729,2014-04-01,3077
4087,2014-04-01,2092
14092,2014-04-01,4758
2253,2014-04-01,1616
9508,2014-04-02,3556
5897,2014-04-02,2584
9832,2014-04-02,3641
3951,2014-04-02,2058
4484,2014-04-02,2204
4191,2014-04-02,2125
1994,2014-04-02,1546
2577,2014-04-02,1706
2855,2014-04-02,1777
9182,2014-04-02,3476
14053,2014-04-02,4747
7486,2014-04-02,3011
10395,2014-04-02,3786
6971,2014-04-02,2868
6373,2014-04-02,2709
8962,2014-04-02,3414
1362,2014-04-02,1376
3916,2014-04-02,2049
3896,2014-04-02,2045
8379,2014-04-02,3249
7939,2014-04-02,3129
11635,2014-04-02,4129
12991,2014-04-02,4474
3720,2014-04-02,1999
2035,2014-04-02,1561
10790,2014-04-02,3896
6521,2014-04-02,2748
12379,2014-04-02,4312
11002,2014-04-03,3952
10662,2014-04-03,3857
1244,2014-04-03,1342
10674,2014-04-03,3862
14783,2014-04-03,4946
14620,2014-04-03,4898
6628,2014-04-03,2776
5982,2014-04-03,2604
11749,2014-04-03,4156
11782,2014-04-03,4165
1227,2014-04-03,1338
13246,2014-04-03,4541
12427,2014-04-03,4322
2671,2014-04-03,1732
14688,2014-04-03,4923
5883,2014-04-03,2580
11959,2014-04-03,4211
7621,2014-04-03,3046
3405,2014-04-03,1915
2435,2014-04-03,1660
10880,2014-04-03,3917
14276,2014-04-03,4807
4545,2014-04-03,2222
10976,2014-04-03,3943
5031,2014-04-03,2350
13675,2014-04-03,4657
11977,2014-04-03,4215
2264,2014-04-03,1618
12225,2014-04-03,4275
7189,2014-04-03,2930
9074,2014-04-03,3450
14793,2014-04-03,4948
4970,2014-04-03,2337
11085,2014-04-03,3972
6266,2014-04-04,2683
9281,2014-04-04,3499
13346,2014-04-04,4570
10828,2014-04-04,3905
10487,2014-04-04,3812
4846,2014-04-04,2299
7709,2014-04-04,3069
8206,2014-04-04,3203
9430,2014-04-04,3536
12252,2014-04-04,4283
14519,2014-04-04,4868
12725,2014-04-04,4402
1860,2014-04-04,1507
14370,2014-04-04,4830
10712,2014-04-04,3872
11799,2014-04-04,4169
11942,2014-04-04,4206
1541,2014-04-04,1424
10106,2014-04-04,3715
11334,2014-04-04,4047
6614,2014-04-04,2772
7603,2014-04-04,3042
2638,2014-04-04,1724
1450,2014-04-05,1399
10681,2014-04-05,3863
5077,2014-04-05,2362
10050,2014-04-05,3696
11920,2014-04-05,4199
461,2014-04-05,1127
11912,2014-04-05,4197
4402,2014-04-05,2181
3988,2014-04-05,2067
3845,2014-04-05,2033
10229,2014-04-05,3746
109,2014-04-05,1028
9380,2014-04-05,3523
593,2014-04-05,1162
3897,2014-04-05,2045
2100,2014-04-05,1575
3288,2014-04-05,1887
8968,2014-04-05,3416
5137,2014-04-05,2380
2646,2014-04-05,1726
2791,2014-04-05,1761
10192,2014-04-06,3737
3430,2014-04-06,1922
2403,2014-04-06,1654
3974,2014-04-06,2064
10791,2014-04-06,3896
12455,2014-04-06,4329
2613,2014-04-06,1717
12286,2014-04-06,4292
14341,2014-04-06,4823
9662,2014-04-06,3593
13774,2014-04-06,4680
4998,2014-04-06,2343
1201,2014-04-06,1331
12739,2014-04-06,4406
2970,2014-04-06,1803
4187,2014-04-06,2122
3327,2014-04-06,1895
6752,2014-04-06,2806
3585,2014-04-06,1961
2017,2014-04-07,1553
5652,2014-04-07,2519
1743,2014-04-07,1478
5672,2014-04-07,2524
7090,2014-04-07,2904
8940,2014-04-07,3408
13593,2014-04-07,4637
842,2014-04-07,1233
11419,2014-04-07,4076
10269,2014-04-07,3757
10820,2014-04-07,3903
5433,2014-04-07,2455
10325,2014-04-07,3768
11943,2014-04-07,4206
9143,2014-04-07,3467
6517,2014-04-07,2747
11065,2014-04-07,3966
10776,2014-04-07,3892
6161,2014-04-07,2654
11087,2014-04-07,3972
8370,2014-04-07,3248
13028,2014-04-08,4487
527,2014-04-08,1144
9532,2014-04-08,3561
4985,2014-04-08,2340
513,2014-04-08,1141
9062,2014-04-08,3444
11424,2014-04-08,4077
9426,2014-04-08,3535
10991,2014-04-08,3948
13371,2014-04-08,4575
7612,2014-04-08,3044
12874,2014-04-08,4442
8235,2014-04-08,3209
3874,2014-04-08,2041
5329,2014-04-08,2433
9607,2014-04-08,3582
2265,2014-04-08,1618
9697,2014-04-08,3600
2470,2014-04-08,1673
13810,2014-04-08,4687
1255,2014-04-08,1345
13906,2014-04-08,4710
4951,2014-04-08,2331
14955,2014-04-09,4999
8245,2014-04-09,3212
8593,2014-04-09,3308
1870,2014-04-09,1509
12649,2014-04-09,4380
6022,2014-04-09,2616
14467,2014-04-09,4855
1785,2014-04-09,1487
1693,2014-04-09,1466
1260,2014-04-09,1346
4497,2014-04-09,2207
2837,2014-04-09,1772
30,2014-04-09,1006
162,2014-04-10,1045
3871,2014-04-10,2040
1723,2014-04-10,1474
256,2014-04-10,1070
11978,2014-04-10,4215
3108,2014-04-10,1839
8413,2014-04-10,3258
2877,2014-04-10,1782
40,2014-04-10,1010
11263,2014-04-10,4025
3123,2014-04-10,1844
10992,2014-04-10,3948
9027,2014-04-10,3435
7774,2014-04-10,3087
3901,2014-04-11,2045
6908,2014-04-11,2851
10861,2014-04-11,3913
5920,2014-04-11,2589
4287,2014-04-11,2151
6207,2014-04-11,2666
8661,2014-04-11,3325
9156,2014-04-11,3469
10384,2014-04-11,3783
14068,2014-04-11,4750
4773,2014-04-11,2279
7257,2014-04-11,2948
11706,2014-04-11,4146
12954,2014-04-11,4464
4758,2014-04-11,2274
3804,2014-04-11,2020
4840,2014-04-12,2298
11338,2014-04-12,4048
3027,2014-04-12,1818
6273,2014-04-12,2685
8779,2014-04-12,3360
4423,2014-04-12,2186
14919,2014-04-12,4987
13979,2014-04-12,4727
8594,2014-04-12,3308
1705,2014-04-12,1468
2600,2014-04-12,1712
2514,2014-04-12,1686
3645,2014-04-12,1979
7725,2014-04-12,3075
7846,2014-04-12,3105
3307,2014-04-12,1890
9923,2014-04-12,3666
11149,2014-04-12,3992
14629,2014-04-12,4901
9665,2014-04-12,3593
4447,2014-04-12,2193
8637,2014-04-12,3320
14562,2014-04-12,4879
5200,2014-04-12,2396
10947,2014-04-12,3935
13888,2014-04-12,4705
2356,2014-04-12,1643
12372,2014-04-13,4309
3859,2014-04-13,2037
8167,2014-04-13,3190
4593,2014-04-13,2234
3096,2014-04-13,1836
4001,2014-04-13,2070
7339,2014-04-13,2969
7588,2014-04-13,3038
13216,2014-04-13,4533
5748,2014-04-13,2545
5938,2014-04-13,2593
14765,2014-04-13,4941
9745,2014-04-13,3614
2756,2014-04-13,1752
12984,2014-04-13,4471
9345,2014-04-13,3515
9895,2014-04-13,3659
1014,2014-04-13,1280
14704,2014-04-13,4927
4246,2014-04-13,2139
364,2014-04-13,1102
4875,2014-04-13,2308
1130,2014-04-13,1310
1622,2014-04-13,1445
12258,2014-04-13,4285
13730,2014-04-13,4669
13332,2014-04-13,4566
7739,2014-04-13,3079
3793,2014-04-13,2018
4666,2014-04-13,2252
12589,2014-04-13,4364
741,2014-04-13,1204
3550,2014-04-13,1949
14021,2014-04-13,4741
14441,2014-04-14,4849
13239,2014-04-14,4539
8024,2014-04-14,3153
3463,2014-04-14,1929
6881,2014-04-14,2843
7081,2014-04-14,2901
7773,2014-04-14,3086
5393,2014-04-14,2447
7742,2014-04-14,3081
971,2014-04-14,1269
4816,2014-04-14,2293
12495,2014-04-14,4338
2934,2014-04-14,1794
5228,2014-04-14,2403
14352,2014-04-14,4826
849,2014-04-14,1234
4396,2014-04-14,2178
10872,2014-04-14,3915
2810,2014-04-15,1766
1939,2014-04-15,1527
11707,2014-04-15,4146
2161,2014-04-15,1594
1493,2014-04-15,1411
9548,2014-04-15,3565
8902,2014-04-15,3398
14412,2014-04-15,4840
11457,2014-04-15,4085
13452,2014-04-15,4597
4929,2014-04-15,2324
7474,2014-04-15,3008
7229,2014-04-15,2941
619,2014-04-15,1169
1665,2014-04-15,1457
9930,2014-04-15,3667
14931,2014-04-15,4990
4842,2014-04-15,2298
76,2014-04-15,1018
5953,2014-04-15,2597
14546,2014-04-15,4875
11768,2014-04-15,4162
6949,2014-04-15,2861
5654,2014-04-15,2519
14661,2014-04-15,4914
9835,2014-04-15,3642
5224,2014-04-16,2402
7925,2014-04-16,3123
7919,2014-04-16,3122
11443,2014-04-16,4081
8163,2014-04-16,3189
7061,2014-04-16,2893
9757,2014-04-16,3617
7825,2014-04-16,3100
9843,2014-04-16,3644
6965,2014-04-16,2866
5940,2014-04-16,2593
7403,2014-04-16,2987
3046,2014-04-16,1823
9948,2014-04-16,3671
7579,2014-04-16,3035
8923,2014-04-16,3403
4195,2014-04-16,2127
3950,2014-04-16,2057
13147,2014-04-16,4515
3760,2014-04-16,2011
11866,2014-04-16,4187
10821,2014-04-16,3903
345,2014-04-16,1097
8375,2014-04-16,3248
6121,2014-04-16,2643
8429,2014-04-16,3262
4876,2014-04-17,2309
3882,2014-04-17,2042
683,2014-04-17,1186
13173,2014-04-17,4524
5640,2014-04-17,2517
6678,2014-04-17,2788
7104,2014-04-17,2907
8328,2014-04-17,3236
12619,2014-04-17,4372
9490,2014-04-17,3550
1587,2014-04-17,1435
7836,2014-04-17,3102
14248,2014-04-17,4799
5386,2014-04-17,2445
8430,2014-04-17,3263
1015,2014-04-17,1280
14179,2014-04-17,4782
12180,2014-04-17,4265
9658,2014-04-17,3592
12294,2014-04-17,4293
9639,2014-04-17,3588
1878,2014-04-17,1510
10162,2014-04-17,3730
4991,2014-04-17,2341
12102,2014-04-17,4244
12516,2014-04-17,4342
7182,2014-04-17,2927
7712,2014-04-18,3071
13703,2014-04-18,4663
299,2014-04-18,1084
5979,2014-04-18,2602
872,2014-04-18,1239
13365,2014-04-18,4574
7465,2014-04-18,3005
10975,2014-04-18,3942
6586,2014-04-18,2764
637,2014-04-18,1173
8173,2014-04-18,3193
8045,2014-04-18,3159
8464,2014-04-18,3272
7590,2014-04-18,3038
471,2014-04-18,1129
1208,2014-04-18,1332
3500,2014-04-18,1937
6709,2014-04-18,2796
124,2014-04-18,1033
9196,2014-04-18,3480
14923,2014-04-19,4988
6865,2014-04-19,2838
7496,2014-04-19,3013
5875,2014-04-19,2578
2274,2014-04-19,1620
6044,2014-04-19,2620
12395,2014-04-19,4315
5531,2014-04-19,2486
8488,2014-04-19,3281
10982,2014-04-19,3946
8643,2014-04-19,3321
2657,2014-04-19,1729
3070,2014-04-19,1829
11606,2014-04-19,4121
6287,2014-04-19,2689
5812,2014-04-19,2560
7478,2014-04-19,3009
14059,2014-04-19,4748
6569,2014-04-19,2760
11452,2014-04-19,4084
5815,2014-04-19,2561
10731,2014-04-19,3878
5542,2014-04-19,2490
11867,2014-04-19,4187
9034,2014-04-19,3437
10483,2014-04-19,3811
14332,2014-04-20,4821
6512,2014-04-20,2746
7849,2014-04-20,3106
3374,2014-04-20,1907
11497,2014-04-20,4096
2496,2014-04-20,1681
2137,2014-04-20,1585
5606,2014-04-20,2510
2769,2014-04-20,1754
937,2014-04-20,1259
10747,2014-04-20,3881
8514,2014-04-20,3288
9051,2014-04-20,3441
1128,2014-04-20,1309
8144,2014-04-20,3184
10696,2014-04-20,3866
2087,2014-04-20,1573
314,2014-04-20,1087
14796,2014-04-20,4950
5052,2014-04-21,2356
125,2014-04-21,1033
6159,2014-04-21,2653
9137,2014-04-21,3465
3778,2014-04-21,2014
11842,2014-04-21,4180
4679,2014-04-21,2255
7207,2014-04-21,2935
1242,2014-04-21,1341
6819,2014-04-21,2825
5256,2014-04-21,2411
11607,2014-04-21,4121
6990,2014-04-21,2871
735,2014-04-21,1202
14728,2014-04-21,4933
14676,2014-04-21,4917
9751,2014-04-21,3615
13784,2014-04-21,4682
14687,2014-04-21,4922
12496,2014-04-21,4338
7509,2014-04-21,3016
235,2014-04-21,1064
4185,2014-04-22,2121
7139,2014-04-22,2917
7393,2014-04-22,2984
11630,2014-04-22,4126
4881,2014-04-22,2310
6232,2014-04-22,2673
1385,2014-04-22,1380
6978,2014-04-22,2868
13449,2014-04-22,4596
13550,2014-04-22,4624
4607,2014-04-22,2236
7420,2014-04-22,2991
13401,2014-04-22,4584
14862,2014-04-22,4967
8515,2014-04-22,3288
10803,2014-04-22,3899
11569,2014-04-22,4112
7274,2014-04-22,2952
12682,2014-04-22,4389
7460,2014-04-22,3003
2685,2014-04-22,1735
6571,2014-04-22,2760
13685,2014-04-22,4659
4918,2014-04-22,2320
3369,2014-04-22,1905
9374,2014-04-23,3521
2831,2014-04-23,1770
11441,2014-04-23,4080
6233,2014-04-23,2673
13460,2014-04-23,4599
2900,2014-04-23,1786
11514,2014-04-23,4100
11558,2014-04-23,4109
14322,2014-04-23,4819
11453,2014-04-23,4084
13396,2014-04-23,4582
8513,2014-04-23,3287
14327,2014-04-23,4820
13016,2014-04-23,4484
10959,2014-04-23,3938
4854,2014-04-23,2301
8012,2014-04-23,3148
14350,2014-04-23,4825
10823,2014-04-23,3903
6428,2014-04-23,2724
7855,2014-04-23,3107
11249,2014-04-23,4021
2400,2014-04-23,1653
14786,2014-04-24,4946
3493,2014-04-24,1935
4254,2014-04-24,2141
13056,2014-04-24,4494
11593,2014-04-24,4117
7215,2014-04-24,2937
301,2014-04-24,1085
8154,2014-04-24,3186
972,2014-04-24,1269
112,2014-04-24,1028
4530,2014-04-24,2217
13045,2014-04-24,4492
7529,2014-04-24,3022
10410,2014-04-24,3790
4276,2014-04-24,2147
7414,2014-04-24,2990
4590,2014-04-24,2233
698,2014-04-24,1190
14935,2014-04-24,4991
12807,2014-04-24,4426
5584,2014-04-24,2504
1989,2014-04-24,1544
3363,2014-04-24,1904
4460,2014-04-24,2195
1749,2014-04-24,1479
13149,2014-04-24,4515
8663,2014-04-24,3325
8228,2014-04-24,3207
4235,2014-04-25,2137
6223,2014-04-25,2671
8132,2014-04-25,3181
11314,2014-04-25,4041
2181,2014-04-25,1598
2096,2014-04-25,1574
14007,2014-04-25,4736
11765,2014-04-25,4160
2623,2014-04-25,1719
8040,2014-04-25,3157
4871,2014-04-25,2307
10574,2014-04-25,3835
10380,2014-04-25,3782
10544,2014-04-25,3828
1699,2014-04-25,1466
12885,2014-04-25,4444
12891,2014-04-25,4445
9036,2014-04-25,3437
6140,2014-04-25,2648
1867,2014-04-25,1508
982,2014-04-25,1274
7192,2014-04-25,2930
7553,2014-04-25,3028
415,2014-04-25,1114
6636,2014-04-26,2778
14495,2014-04-26,4862
5795,2014-04-26,2555
13383,2014-04-26,4578
6004,2014-04-26,2611
9959,2014-04-26,3674
3171,2014-04-26,1856
1822,2014-04-26,1496
11146,2014-04-26,3989
7066,2014-04-26,2897
12520,2014-04-26,4343
11407,2014-04-26,4073
13037,2014-04-26,4488
467,2014-04-26,1128
12,2014-04-26,1002
1045,2014-04-26,1286
4007,2014-04-27,2070
12489,2014-04-27,4337
10367,2014-04-27,3779
10534,2014-04-27,3826
9047,2014-04-27,3439
2503,2014-04-27,1682
4193,2014-04-27,2126
7108,2014-04-27,2908
14833,2014-04-27,4958
3127,2014-04-27,1844
7303,2014-04-27,2958
6506,2014-04-27,2745
14387,2014-04-27,4833
5147,2014-04-27,2381
6737,2014-04-27,2802
4632,2014-04-27,2242
10840,2014-04-27,3908
2046,2014-04-27,1563
4227,2014-04-27,2133
10363,2014-04-27,3778
780,2014-04-28,1215
2854,2014-04-28,1776
754,2014-04-28,1207
7268,2014-04-28,2950
1012,2014-04-28,1279
6894,2014-04-28,2847
11970,2014-04-28,4213
129,2014-04-28,1034
7959,2014-04-28,3136
12129,2014-04-28,4252
3909,2014-04-28,2047
10461,2014-04-28,3804
6673,2014-04-28,2787
4037,2014-04-28,2077
6866,2014-04-28,2838
1356,2014-04-28,1373
2014,2014-04-28,1551
11389,2014-04-29,4067
8102,2014-04-29,3175
11101,2014-04-29,3975
6075,2014-04-29,2629
4404,2014-04-29,2181
12734,2014-04-29,4404
1887,2014-04-29,1512
7438,2014-04-29,2996
11270,2014-04-29,4028
3198,2014-04-29,1864
9106,2014-04-29,3458
3538,2014-04-29,1946
10242,2014-04-29,3749
2422,2014-04-29,1657
7547,2014-04-29,3027
1419,2014-04-29,1389
11895,2014-04-30,4193
10071,2014-04-30,3703
9336,2014-04-30,3511
14251,2014-04-30,4799
1914,2014-04-30,1520
1177,2014-04-30,1325
12724,2014-04-30,4401
12731,2014-04-30,4403
10494,2014-04-30,3812
2994,2014-04-30,1810
6341,2014-04-30,2701
3722,2014-04-30,1999
12692,2014-04-30,4391
203,2014-04-30,1053
5822,2014-04-30,2562
600,2014-04-30,1163
1620,2014-04-30,1444
7422,2014-04-30,2991
748,2014-04-30,1205
10390,2014-04-30,3784
11307,2014-04-30,4039
7007,2014-04-30,2875
7431,2014-04-30,2994
14195,2014-04-30,4785
542,2014-05-01,1147
5476,2014-05-01,2470
13559,2014-05-01,4628
10686,2014-05-01,3864
13363,2014-05-01,4574
14052,2014-05-01,4747
1987,2014-05-01,1544
13337,2014-05-01,4567
3868,2014-05-01,2040
6234,2014-05-01,2674
13951,2014-05-01,4721
3922,2014-05-01,2051
5831,2014-05-01,2565
12924,2014-05-01,4456
3337,2014-05-01,1897
19,2014-05-01,1004
1718,2014-05-01,1473
14775,2014-05-01,4943
13493,2014-05-01,4609
14561,2014-05-01,4879
3630,2014-05-02,1972
14275,2014-05-02,4807
1802,2014-05-02,1492
8952,2014-05-02,3411
492,2014-05-02,1136
12633,2014-05-02,4376
10148,2014-05-02,3727
3577,2014-05-02,1959
4894,2014-05-02,2313
11958,2014-05-02,4211
8640,2014-05-02,3321
604,2014-05-02,1165
3826,2014-05-02,2028
2977,2014-05-02,1805
9791,2014-05-02,3629
4273,2014-05-02,2147
8998,2014-05-02,3426
5994,2014-05-02,2608
901,2014-05-02,1246
12970,2014-05-02,4468
7557,2014-05-02,3030
8720,2014-05-02,3344
2138,2014-05-02,1586
1621,2014-05-02,1445
11218,2014-05-02,4015
615,2014-05-02,1169
6337,2014-05-03,2701
11368,2014-05-03,4061
8071,2014-05-03,3166
6355,2014-05-03,2706
12949,2014-05-03,4463
6702,2014-05-03,2795
343,2014-05-03,1097
2254,2014-05-03,1616
13369,2014-05-03,4575
14066,2014-05-03,4750
12398,2014-05-03,4316
1650,2014-05-03,1454
4094,2014-05-03,2093
9582,2014-05-03,3575
7637,2014-05-03,3050
7288,2014-05-03,2956
14613,2014-05-03,4896
6988,2014-05-03,2871
4076,2014-05-03,2089
11261,2014-05-03,4025
10021,2014-05-03,3689
717,2014-05-03,1197
4027,2014-05-03,2075
13727,2014-05-04,4668
11086,2014-05-04,3972
8452,2014-05-04,3268
14196,2014-05-04,4786
2001,2014-05-04,1548
1351,2014-05-04,1372
2530,2014-05-04,1692
11862,2014-05-04,4187
1283,2014-05-04,1354
10885,2014-05-04,3918
1020,2014-05-04,1282
4346,2014-05-04,2166
12011,2014-05-04,4221
14628,2014-05-04,4900
4326,2014-05-04,2161
8859,2014-05-04,3385
9379,2014-05-04,3523
4790,2014-05-04,2287
7048,2014-05-04,2888
934,2014-05-04,1258
14515,2014-05-05,4867
13047,2014-05-05,4493
2565,2014-05-05,1702
6907,2014-05-05,2851
12005,2014-05-05,4220
2573,2014-05-05,1705
6602,2014-05-05,2768
3858,2014-05-05,2037
2392,2014-05-05,1652
6123,2014-05-05,2644
2007,2014-05-05,1550
11297,2014-05-05,4037
1752,2014-05-05,1480
6461,2014-05-05,2733
1343,2014-05-05,1369
7993,2014-05-05,3142
2513,2014-05-05,1686
8798,2014-05-06,3364
12206,2014-05-06,4272
12752,2014-05-06,4409
4028,2014-05-06,2075
13660,2014-05-06,4654
6817,2014-05-06,2825
10637,2014-05-06,3851
12177,2014-05-06,4265
8043,2014-05-06,3158
10971,2014-05-06,3942
12642,2014-05-06,4377
5283,2014-05-06,2421
6499,2014-05-06,2744
9943,2014-05-06,3670
4931,2014-05-06,2325
7994,2014-05-06,3142
4521,2014-05-06,2215
10860,2014-05-06,3913
9513,2014-05-06,3557
11378,2014-05-06,4065
1126,2014-05-06,1309
5732,2014-05-07,2541
11448,2014-05-07,4082
11581,2014-05-07,4115
1625,2014-05-07,1446
4099,2014-05-07,2094
14271,2014-05-07,4806
14160,2014-05-07,4779
10939,2014-05-07,3932
5143,2014-05-07,2381
8248,2014-05-07,3213
13861,2014-05-07,4697
10648,2014-05-07,3855
8656,2014-05-07,3324
6329,2014-05-07,2699
403,2014-05-07,1111
1389,2014-05-07,1381
4865,2014-05-07,2306
8066,2014-05-07,3165
5422,2014-05-07,2453
1671,2014-05-07,1460
4308,2014-05-08,2156
265,2014-05-08,1074
821,2014-05-08,1227
7871,2014-05-08,3112
5858,2014-05-08,2573
9944,2014-05-08,3670
1391,2014-05-08,1382
14361,2014-05-08,4828
14094,2014-05-08,4758
6610,2014-05-08,2771
791,2014-05-08,1218
7087,2014-05-08,2903
228,2014-05-08,1062
7459,2014-05-08,3003
8993,2014-05-08,3424
7806,2014-05-08,3095
908,2014-05-08,1248
10570,2014-05-08,3835
8158,2014-05-08,3188
11456,2014-05-08,4085
3953,2014-05-08,2058
13827,2014-05-08,4691
13585,2014-05-08,4635
9892,2014-05-08,3658
14707,2014-05-08,4929
8128,2014-05-08,3181
6387,2014-05-08,2713
1415,2014-05-08,1388
14645,2014-05-08,4908
7835,2014-05-09,3102
3876,2014-05-09,2041
651,2014-05-09,1176
909,2014-05-09,1248
9952,2014-05-09,3673
10836,2014-05-09,3907
7031,2014-05-09,2883
6309,2014-05-09,2694
8825,2014-05-09,3373
2018,2014-05-09,1553
12139,2014-05-09,4256
6041,2014-05-09,2620
14084,2014-05-09,4756
1054,2014-05-09,1289
5161,2014-05-09,2388
3295,2014-05-09,1888
8867,2014-05-09,3387
2593,2014-05-09,1711
13786,2014-05-09,4683
2525,2014-05-09,1690
3643,2014-05-09,1979
3737,2014-05-09,2004
6634,2014-05-09,2778
9441,2014-05-09,3539
373,2014-05-09,1104
6966,2014-05-09,2867
5589,2014-05-09,2506
14830,2014-05-10,4958
8750,2014-05-10,3353
13385,2014-05-10,4579
12823,2014-05-10,4431
14800,2014-05-10,4951
11354,2014-05-10,4056
10520,2014-05-10,3820
9879,2014-05-10,3655
8865,2014-05-10,3386
9192,2014-05-10,3479
466,2014-05-10,1128
13581,2014-05-10,4634
5199,2014-05-10,2396
14623,2014-05-10,4899
12208,2014-05-10,4272
14183,2014-05-10,4783
6771,2014-05-10,2811
6848,2014-05-10,2835
9928,2014-05-11,3667
7848,2014-05-11,3106
9003,2014-05-11,3427
7995,2014-05-11,3142
8171,2014-05-11,3191
487,2014-05-11,1134
948,2014-05-11,1263
13225,2014-05-11,4536
11668,2014-05-11,4135
14055,2014-05-11,4747
1933,2014-05-11,1526
13607,2014-05-11,4641
13253,2014-05-11,4543
10831,2014-05-11,3905
13851,2014-05-11,4695
10475,2014-05-11,3809
1833,2014-05-11,1499
5218,2014-05-11,2401
7481,2014-05-11,3010
7153,2014-05-12,2920
8688,2014-05-12,3333
11720,2014-05-12,4149
5638,2014-05-12,2517
2421,2014-05-12,1657
9370,2014-05-12,3520
718,2014-05-12,1197
2884,2014-05-12,1783
13208,2014-05-12,4531
10659,2014-05-12,3856
11965,2014-05-12,4212
9785,2014-05-12,3624
3907,2014-05-12,2047
9850,2014-05-12,3646
1664,2014-05-12,1457
6495,2014-05-12,2743
8491,2014-05-12,3282
10090,2014-05-12,3709
11699,2014-05-12,4144
848,2014-05-12,1234
7495,2014-05-12,3013
8372,2014-05-13,3248
10988,2014-05-13,3947
6051,2014-05-13,2623
127,2014-05-13,1034
11187,2014-05-13,4005
8512,2014-05-13,3287
12067,2014-05-13,4235
3681,2014-05-13,1991
3137,2014-05-13,1847
4241,2014-05-13,2138
4534,2014-05-13,2218
4265,2014-05-13,2144
1534,2014-05-13,1422
9727,2014-05-13,3609
12460,2014-05-13,4330
6193,2014-05-13,2663
12075,2014-05-13,4236
10111,2014-05-13,3716
12942,2014-05-13,4461
294,2014-05-13,1082
4110,2014-05-13,2100
11007,2014-05-13,3953
2567,2014-05-13,1702
6467,2014-05-13,2736
2456,2014-05-13,1666
8390,2014-05-14,3252
14311,2014-05-14,4817
6629,2014-05-14,2776
14718,2014-05-14,4932
10375,2014-05-14,3782
8734,2014-05-14,3348
2267,2014-05-14,1618
5118,2014-05-14,2374
14549,2014-05-14,4876
4038,2014-05-14,2078
4389,2014-05-14,2176
9045,2014-05-14,3439
8758,2014-05-14,3354
1467,2014-05-14,1405
3944,2014-05-14,2056
104,2014-05-14,1027
12000,2014-05-14,4219
3650,2014-05-14,1980
11036,2014-05-14,3960
6547,2014-05-14,2756
4956,2014-05-14,2332
2829,2014-05-15,1770
245,2014-05-15,1066
7731,2014-05-15,3077
14031,2014-05-15,4743
2494,2014-05-15,1680
9587,2014-05-15,3576
9854,2014-05-15,3647
8943,2014-05-15,3409
570,2014-05-15,1154
383,2014-05-15,1107
12515,2014-05-15,4342
14300,2014-05-15,4813
6635,2014-05-15,2778
2648,2014-05-15,1726
14131,2014-05-15,4770
12210,2014-05-15,4272
964,2014-05-15,1267
2037,2014-05-15,1561
14827,2014-05-15,4957
6877,2014-05-15,2842
5594,2014-05-15,2507
13258,2014-05-15,4544
2515,2014-05-15,1686
2477,2014-05-15,1676
2143,2014-05-15,1587
13044,2014-05-15,4492
13751,2014-05-15,4674
201,2014-05-16,1053
10781,2014-05-16,3893
1814,2014-05-16,1494
1695,2014-05-16,1466
2034,2014-05-16,1560
12287,2014-05-16,4292
11147,2014-05-16,3990
6209,2014-05-16,2666
6094,2014-05-16,2633
501,2014-05-16,1137
12624,2014-05-16,4373
10542,2014-05-16,3828
981,2014-05-16,1274
8918,2014-05-17,3402
1522,2014-05-17,1419
11702,2014-05-17,4145
5395,2014-05-17,2447
3816,2014-05-17,2024
3757,2014-05-17,2010
5907,2014-05-17,2585
10587,2014-05-17,3840
6067,2014-05-17,2627
12362,2014-05-17,4306
91,2014-05-17,1023
13410,2014-05-17,4586
2082,2014-05-17,1572
13007,2014-05-17,4480
11525,2014-05-17,4103
9769,2014-05-17,3620
11347,2014-05-17,4052
5120,2014-05-17,2374
2286,2014-05-17,1622
13406,2014-05-17,4585
5821,2014-05-17,2562
3761,2014-05-18,2011
2086,2014-05-18,1573
742,2014-05-18,1204
13929,2014-05-18,4716
5900,2014-05-18,2584
3667,2014-05-18,1985
12283,2014-05-18,4291
9776,2014-05-18,3621
6555,2014-05-18,2758
10566,2014-05-18,3834
696,2014-05-18,1190
13407,2014-05-18,4585
6584,2014-05-18,2763
13536,2014-05-18,4622
10079,2014-05-18,3705
14174,2014-05-18,4781
11503,2014-05-18,4097
6834,2014-05-18,2831
11304,2014-05-18,4039
6374,2014-05-18,2709
4048,2014-05-18,2081
9394,2014-05-18,3526
1593,2014-05-18,1438
11241,2014-05-18,4019
14242,2014-05-19,4798
14554,2014-05-19,4877
14958,2014-05-19,4999
10505,2014-05-19,3816
1080,2014-05-19,1296
3662,2014-05-19,1983
10206,2014-05-19,3740
9299,2014-05-19,3502
11009,2014-05-19,3953
6236,2014-05-19,2674
14828,2014-05-19,4957
4412,2014-05-19,2184
933,2014-05-19,1257
12140,2014-05-19,4256
9115,2014-05-19,3461
4323,2014-05-19,2160
10782,2014-05-19,3893
1150,2014-05-19,1317
224,2014-05-19,1061
9988,2014-05-19,3681
2114,2014-05-19,1580
8770,2014-05-19,3357
14932,2014-05-19,4991
9899,2014-05-19,3660
12956,2014-05-19,4464
14509,2014-05-20,4865
5192,2014-05-20,2394
3388,2014-05-20,1910
2342,2014-05-20,1636
2074,2014-05-20,1569
4979,2014-05-20,2339
14447,2014-05-20,4851
6513,2014-05-20,2746
11018,2014-05-20,3956
1441,2014-05-20,1395
2937,2014-05-20,1795
12078,2014-05-20,4237
9077,2014-05-20,3450
11274,2014-05-20,4030
7615,2014-05-20,3044
253,2014-05-20,1069
10096,2014-05-20,3711
13321,2014-05-20,4563
3447,2014-05-20,1924
1639,2014-05-20,1450
13655,2014-05-20,4652
12013,2014-05-20,4222
12238,2014-05-20,4278
13699,2014-05-20,4662
8356,2014-05-21,3246
3189,2014-05-21,1862
2517,2014-05-21,1687
2300,2014-05-21,1625
7833,2014-05-21,3101
5141,2014-05-21,2380
11034,2014-05-21,3959
14279,2014-05-21,4807
9223,2014-05-21,3485
7753,2014-05-21,3082
6124,2014-05-21,2644
3409,2014-05-21,1916
6389,2014-05-21,2713
3946,2014-05-21,2056
6308,2014-05-21,2693
12821,2014-05-21,4430
6139,2014-05-22,2648
7889,2014-05-22,3116
629,2014-05-22,1170
9233,2014-05-22,3487
6228,2014-05-22,2672
5112,2014-05-22,2371
5381,2014-05-22,2443
519,2014-05-22,1142
8964,2014-05-22,3414
9777,2014-05-22,3621
10443,2014-05-22,3799
386,2014-05-22,1108
1029,2014-05-22,1283
6445,2014-05-22,2729
92,2014-05-22,1023
10878,2014-05-22,3916
12220,2014-05-22,4274
12605,2014-05-22,4368
10177,2014-05-23,3733
6998,2014-05-23,2873
8743,2014-05-23,3350
4256,2014-05-23,2142
1489,2014-05-23,1410
202,2014-05-23,1053
13412,2014-05-23,4587
2598,2014-05-23,1711
11587,2014-05-23,4116
7634,2014-05-23,3048
14794,2014-05-23,4948
12890,2014-05-23,4445
14001,2014-05-23,4735
539,2014-05-23,1146
4384,2014-05-23,2175
3457,2014-05-23,1928
11498,2014-05-23,4096
14104,2014-05-23,4761
11510,2014-05-23,4099
6210,2014-05-23,2666
2024,2014-05-23,1554
6396,2014-05-23,2715
14421,2014-05-23,4842
7510,2014-05-23,3016
14436,2014-05-23,4847
10879,2014-05-24,3916
3292,2014-05-24,1887
1844,2014-05-24,1501
13040,2014-05-24,4489
10705,2014-05-24,3869
2736,2014-05-24,1747
1864,2014-05-24,1507
2805,2014-05-24,1764
13905,2014-05-24,4709
7296,2014-05-24,2957
7356,2014-05-24,2974
1698,2014-05-24,1466
219,2014-05-24,1058
12756,2014-05-24,4410
11802,2014-05-24,4169
12616,2014-05-24,4371
7970,2014-05-24,3138
4226,2014-05-24,2133
6017,2014-05-24,2613
13672,2014-05-24,4656
745,2014-05-25,1204
12466,2014-05-25,4331
2897,2014-05-25,1785
498,2014-05-25,1136
5060,2014-05-25,2357
11417,2014-05-25,4075
3959,2014-05-25,2060
302,2014-05-25,1085
8907,2014-05-25,3399
10226,2014-05-25,3745
6835,2014-05-25,2831
12641,2014-05-25,4376
5354,2014-05-25,2438
7648,2014-05-25,3051
6371,2014-05-25,2708
1756,2014-05-25,1480
7708,2014-05-25,3068
370,2014-05-25,1103
14945,2014-05-25,4993
13066,2014-05-25,4495
1232,2014-05-25,1339
6929,2014-05-25,2855
9977,2014-05-25,3679
5153,2014-05-25,2383
4330,2014-05-25,2162
4419,2014-05-25,2185
772,2014-05-25,1212
7166,2014-05-26,2924
7883,2014-05-26,3115
5664,2014-05-26,2522
4725,2014-05-26,2269
8704,2014-05-26,3338
6558,2014-05-26,2758
6660,2014-05-26,2784
7746,2014-05-26,3081
6211,2014-05-26,2666
5751,2014-05-26,2545
13318,2014-05-26,4562
858,2014-05-26,1235
1660,2014-05-26,1456
9533,2014-05-26,3561
10312,2014-05-26,3764
6074,2014-05-26,2629
11833,2014-05-26,4178
3972,2014-05-26,2063
5892,2014-05-26,2581
10424,2014-05-26,3793
11741,2014-05-26,4154
13057,2014-05-26,4494
9851,2014-05-26,3646
1825,2014-05-26,1497
12613,2014-05-27,4370
3835,2014-05-27,2029
7140,2014-05-27,2917
9529,2014-05-27,3560
7759,2014-05-27,3083
8616,2014-05-27,3312
6032,2014-05-27,2617
12703,2014-05-27,4394
5741,2014-05-27,2543
7336,2014-05-27,2967
11122,2014-05-27,3982
6599,2014-05-27,2766
13163,2014-05-27,4522
7324,2014-05-27,2963
78,2014-05-27,1018
9559,2014-05-27,3569
11216,2014-05-27,4014
5552,2014-05-27,2493
7148,2014-05-27,2918
9610,2014-05-27,3582
3055,2014-05-27,1825
7890,2014-05-27,3116
8810,2014-05-28,3366
13139,2014-05-28,4512
5251,2014-05-28,2408
6899,2014-05-28,2849
14884,2014-05-28,4973
12050,2014-05-28,4230
2749,2014-05-28,1750
794,2014-05-28,1218
14288,2014-05-28,4809
2163,2014-05-28,1594
5357,2014-05-28,2439
1873,2014-05-28,1509
4947,2014-05-28,2329
1563,2014-05-28,1428
7280,2014-05-28,2954
5030,2014-05-28,2349
13442,2014-05-28,4594
3629,2014-05-28,1971
5600,2014-05-28,2508
14399,2014-05-28,4836
5762,2014-05-28,2548
11399,2014-05-28,4070
13649,2014-05-28,4650
3470,2014-05-28,1930
1038,2014-05-29,1285
622,2014-05-29,1169
8175,2014-05-29,3193
6439,2014-05-29,2727
12165,2014-05-29,4261
1890,2014-05-29,1513
1303,2014-05-29,1359
7863,2014-05-29,3110
6686,2014-05-29,2789
12414,2014-05-29,4319
9029,2014-05-29,3435
2956,2014-05-29,1798
11276,2014-05-29,4030
10167,2014-05-29,3731
7817,2014-05-29,3098
8553,2014-05-29,3297
9890,2014-05-29,3657
14117,2014-05-29,4764
2402,2014-05-29,1653
10907,2014-05-29,3922
8214,2014-05-29,3204
2323,2014-05-29,1632
6021,2014-05-29,2615
13379,2014-05-29,4577
11962,2014-05-29,4211
4069,2014-05-29,2086
1949,2014-05-29,1529
11759,2014-05-29,4159
9626,2014-05-29,3584
2194,2014-05-29,1602
13485,2014-05-30,4606
6010,2014-05-30,2612
12585,2014-05-30,4363
9862,2014-05-30,3649
14631,2014-05-30,4901
14677,2014-05-30,4917
9202,2014-05-30,3481
6841,2014-05-30,2832
4183,2014-05-30,2120
6620,2014-05-30,2773
2325,2014-05-30,1632
401,2014-05-30,1110
2529,2014-05-30,1690
2539,2014-05-30,1693
13537,2014-05-30,4622
3117,2014-05-30,1842
10884,2014-05-30,3917
4476,2014-05-30,2201
457,2014-05-30,1125
4539,2014-05-30,2219
12319,2014-05-30,4297
85,2014-05-30,1021
11155,2014-05-30,3996
11789,2014-05-30,4165
4272,2014-05-30,2146
5032,2014-05-30,2350
14634,2014-05-30,4902
6937,2014-05-30,2857
181,2014-05-30,1050
6836,2014-05-30,2831
4155,2014-05-30,2111
14487,2014-05-30,4860
3436,2014-05-30,1922
3384,2014-05-30,1908
13696,2014-05-30,4661
7417,2014-05-31,2990
9142,2014-05-31,3466
10933,2014-05-31,3930
9848,2014-05-31,3645
4302,2014-05-31,2154
3820,2014-05-31,2025
3942,2014-05-31,2055
3547,2014-05-31,1948
4969,2014-05-31,2336
3723,2014-05-31,1999
11621,2014-05-31,4124
5388,2014-05-31,2445
3277,2014-05-31,1883
6585,2014-05-31,2763
9347,2014-05-31,3515
9738,2014-05-31,3612
1148,2014-05-31,1316
14033,2014-05-31,4743
13753,2014-05-31,4674
8791,2014-05-31,3362
3958,2014-05-31,2059
4822,2014-05-31,2293
13342,2014-05-31,4567
11116,2014-05-31,3980
1413,2014-05-31,1387
2612,2014-05-31,1716
14913,2014-05-31,4985
2028,2014-05-31,1556
1647,2014-05-31,1452
2150,2014-06-01,1590
14532,2014-06-01,4872
7261,2014-06-01,2949
3192,2014-06-01,1863
13840,2014-06-01,4694
3259,2014-06-01,1879
7025,2014-06-01,2881
4692,2014-06-01,2259
12009,2014-06-01,4221
11052,2014-06-01,3963
5133,2014-06-01,2379
7864,2014-06-01,3111
4092,2014-06-01,2093
3991,2014-06-02,2068
6756,2014-06-02,2807
5987,2014-06-02,2605
10787,2014-06-02,3895
3477,2014-06-02,1932
4311,2014-06-02,2157
3968,2014-06-02,2063
5090,2014-06-02,2365
6952,2014-06-02,2862
6007,2014-06-02,2612
2995,2014-06-02,1811
13620,2014-06-02,4645
3364,2014-06-02,1905
4468,2014-06-02,2199
14594,2014-06-02,4891
9149,2014-06-02,3468
6489,2014-06-02,2742
2812,2014-06-02,1767
7940,2014-06-02,3129
3438,2014-06-02,1923
44,2014-06-02,1011
9038,2014-06-02,3438
4093,2014-06-02,2093
14137,2014-06-02,4772
14947,2014-06-02,4995
12614,2014-06-02,4371
2057,2014-06-03,1566
12167,2014-06-03,4262
607,2014-06-03,1166
1912,2014-06-03,1520
3568,2014-06-03,1955
11474,2014-06-03,4090
4156,2014-06-03,2112
11623,2014-06-03,4125
8215,2014-06-03,3205
5024,2014-06-03,2349
1884,2014-06-03,1512
11554,2014-06-03,4109
3449,2014-06-03,1925
14407,2014-06-03,4839
2509,2014-06-03,1685
9501,2014-06-03,3553
2774,2014-06-03,1756
11545,2014-06-03,4107
12658,2014-06-03,4383
9695,2014-06-03,3600
4902,2014-06-03,2315
770,2014-06-03,1212
4303,2014-06-03,2155
12987,2014-06-03,4473
11987,2014-06-03,4217
624,2014-06-03,1170
3752,2014-06-03,2009
6538,2014-06-04,2754
14586,2014-06-04,4888
12687,2014-06-04,4391
12142,2014-06-04,4257
5752,2014-06-04,2546
5197,2014-06-04,2395
6529,2014-06-04,2751
13090,2014-06-04,4502
10744,2014-06-04,3881
5998,2014-06-04,2609
1372,2014-06-04,1379
9330,2014-06-04,3511
8677,2014-06-04,3329
495,2014-06-04,1136
6222,2014-06-04,2671
6008,2014-06-04,2612
2771,2014-06-04,1755
13834,2014-06-04,4693
10381,2014-06-04,3783
5266,2014-06-04,2414
9002,2014-06-05,3427
14542,2014-06-05,4875
9561,2014-06-05,3570
5056,2014-06-05,2357
532,2014-06-05,1145
3043,2014-06-05,1822
7999,2014-06-05,3144
8581,2014-06-05,3306
6169,2014-06-05,2656
261,2014-06-05,1073
3623,2014-06-05,1970
1627,2014-06-05,1447
2760,2014-06-05,1753
617,2014-06-05,1169
7382,2014-06-05,2981
5574,2014-06-05,2501
5187,2014-06-05,2394
4743,2014-06-05,2272
14845,2014-06-06,4962
1022,2014-06-06,1282
1189,2014-06-06,1328
10037,2014-06-06,3693
11605,2014-06-06,4121
5355,2014-06-06,2439
3666,2014-06-06,1985
6156,2014-06-06,2653
4453,2014-06-06,2194
11477,2014-06-06,4091
12745,2014-06-06,4407
11773,2014-06-06,4163
5166,2014-06-06,2389
4190,2014-06-06,2123
13015,2014-06-06,4484
13397,2014-06-06,4583
3202,2014-06-06,1865
9190,2014-06-06,3479
1861,2014-06-06,1507
13545,2014-06-06,4624
7292,2014-06-06,2957
6879,2014-06-06,2843
136,2014-06-06,1037
13118,2014-06-06,4509
8601,2014-06-06,3309
12611,2014-06-06,4370
6682,2014-06-06,2789
5421,2014-06-06,2453
7159,2014-06-06,2922
4157,2014-06-06,2112
3226,2014-06-06,1870
2404,2014-06-07,1654
2766,2014-06-07,1754
8543,2014-06-07,3295
10104,2014-06-07,3714
7283,2014-06-07,2955
10561,2014-06-07,3832
5919,2014-06-07,2589
9191,2014-06-07,3479
7320,2014-06-07,2962
8484,2014-06-07,3280
7331,2014-06-07,2965
2250,2014-06-07,1615
232,2014-06-07,1063
4745,2014-06-07,2272
12588,2014-06-07,4364
86,2014-06-07,1022
2865,2014-06-07,1779
3772,2014-06-07,2014
3160,2014-06-07,1853
14478,2014-06-07,4859
7987,2014-06-07,3141
14907,2014-06-07,4984
8777,2014-06-07,3359
2473,2014-06-07,1674
4405,2014-06-07,2183
3073,2014-06-07,1830
1107,2014-06-07,1304
993,2014-06-07,1276
7788,2014-06-07,3090
14009,2014-06-08,4738
13356,2014-06-08,4573
6106,2014-06-08,2639
514,2014-06-08,1141
215,2014-06-08,1057
11888,2014-06-08,4192
4662,2014-06-08,2252
14138,2014-06-08,4772
13835,2014-06-08,4693
12951,2014-06-08,4463
2844,2014-06-08,1774
10450,2014-06-08,3802
5369,2014-06-08,2441
10649,2014-06-08,3855
4513,2014-06-08,2212
3275,2014-06-08,1883
906,2014-06-08,1247
686,2014-06-08,1187
10618,2014-06-08,3847
660,2014-06-08,1179
14491,2014-06-08,4862
1964,2014-06-08,1535
9082,2014-06-08,3451
9601,2014-06-09,3581
2992,2014-06-09,1810
8105,2014-06-09,3176
7757,2014-06-09,3083
2746,2014-06-09,1750
14295,2014-06-09,4812
9965,2014-06-09,3676
13691,2014-06-09,4661
10409,2014-06-09,3790
3702,2014-06-09,1996
13486,2014-06-09,4607
5742,2014-06-09,2544
3253,2014-06-09,1878
6381,2014-06-09,2712
4658,2014-06-09,2251
5007,2014-06-09,2345
10830,2014-06-09,3905
843,2014-06-09,1233
9986,2014-06-09,3681
6400,2014-06-09,2716
986,2014-06-10,1275
7917,2014-06-10,3122
2122,2014-06-10,1582
10604,2014-06-10,3844
8966,2014-06-10,3415
7069,2014-06-10,2898
4719,2014-06-10,2267
3229,2014-06-10,1870
12502,2014-06-10,4339
3998,2014-06-10,2069
1714,2014-06-10,1472
23,2014-06-10,1004
13896,2014-06-10,4707
3799,2014-06-10,2019
5717,2014-06-10,2536
6785,2014-06-10,2814
936,2014-06-10,1259
7540,2014-06-10,3026
9484,2014-06-10,3549
12063,2014-06-10,4234
8288,2014-06-10,3224
6466,2014-06-10,2736
5539,2014-06-10,2489
12054,2014-06-10,4232
10870,2014-06-11,3915
220,2014-06-11,1059
3397,2014-06-11,1913
9801,2014-06-11,3632
3421,2014-06-11,1921
8264,2014-06-11,3218
11172,2014-06-11,4001
5454,2014-06-11,2464
12253,2014-06-11,4283
13982,2014-06-11,4728
1375,2014-06-11,1379
12204,2014-06-11,4271
11822,2014-06-11,4176
3624,2014-06-11,1970
13055,2014-06-11,4494
9040,2014-06-11,3438
6009,2014-06-11,2612
1709,2014-06-11,1470
9754,2014-06-11,3616
13445,2014-06-11,4595
5771,2014-06-11,2550
9788,2014-06-11,3626
12894,2014-06-11,4448
3067,2014-06-12,1828
1973,2014-06-12,1538
10810,2014-06-12,3900
3376,2014-06-12,1908
12824,2014-06-12,4431
13006,2014-06-12,4480
1944,2014-06-12,1528
11269,2014-06-12,4028
244,2014-06-12,1066
8150,2014-06-12,3185
13546,2014-06-12,4624
1556,2014-06-12,1427
7888,2014-06-12,3116
2899,2014-06-12,1786
13535,2014-06-12,4622
2533,2014-06-12,1692
4836,2014-06-12,2296
4858,2014-06-12,2303
14764,2014-06-12,4941
2808,2014-06-12,1765
6927,2014-06-13,2855
7520,2014-06-13,3020
12162,2014-06-13,4261
9804,2014-06-13,3633
11364,2014-06-13,4059
9293,2014-06-13,3501
7482,2014-06-13,3010
14880,2014-06-13,4972
4486,2014-06-13,2204
13137,2014-06-13,4512
903,2014-06-13,1246
8744,2014-06-13,3351
9749,2014-06-13,3615
8985,2014-06-13,3421
152,2014-06-13,1041
13812,2014-06-13,4687
13770,2014-06-13,4679
7014,2014-06-13,2877
7016,2014-06-13,2878
11496,2014-06-13,4096
6891,2014-06-13,2847
14616,2014-06-13,4897
7228,2014-06-13,2941
90,2014-06-13,1023
9284,2014-06-13,3499
3566,2014-06-13,1954
4832,2014-06-13,2295
12978,2014-06-13,4470
12148,2014-06-13,4258
14310,2014-06-13,4817
10303,2014-06-14,3763
10634,2014-06-14,3850
9925,2014-06-14,3666
221,2014-06-14,1059
3490,2014-06-14,1934
11293,2014-06-14,4036
856,2014-06-14,1235
13113,2014-06-14,4508
10576,2014-06-14,3836
5707,2014-06-14,2534
382,2014-06-14,1107
10788,2014-06-14,3895
3699,2014-06-14,1995
376,2014-06-14,1105
13030,2014-06-14,4487
14908,2014-06-14,4984
11893,2014-06-14,4193
7691,2014-06-14,3064
13072,2014-06-14,4498
12581,2014-06-14,4362
10278,2014-06-14,3758
147,2014-06-14,1040
12143,2014-06-14,4257
3103,2014-06-14,1838
14521,2014-06-14,4868
3593,2014-06-14,1962
3715,2014-06-14,1998
12019,2014-06-15,4223
7617,2014-06-15,3045
7673,2014-06-15,3059
5128,2014-06-15,2376
656,2014-06-15,1178
6117,2014-06-15,2642
9298,2014-06-15,3502
8414,2014-06-15,3258
6975,2014-06-15,2868
12391,2014-06-15,4314
2549,2014-06-15,1697
2436,2014-06-15,1660
9478,2014-06-15,3548
2109,2014-06-15,1579
7387,2014-06-15,2982
14162,2014-06-15,4779
5484,2014-06-15,2472
2953,2014-06-16,1798
14504,2014-06-16,4864
9913,2014-06-16,3663
11356,2014-06-16,4056
7176,2014-06-16,2926
3576,2014-06-16,1958
4693,2014-06-16,2259
13955,2014-06-16,4721
14468,2014-06-16,4855
9608,2014-06-16,3582
4333,2014-06-16,2164
6129,2014-06-16,2645
2747,2014-06-16,1750
3247,2014-06-16,1877
8717,2014-06-16,3343
6810,2014-06-16,2822
8631,2014-06-16,3317
10901,2014-06-16,3921
1919,2014-06-16,1522
159,2014-06-16,1043
6484,2014-06-16,2740
7853,2014-06-16,3107
9878,2014-06-17,3654
8208,2014-06-17,3203
2094,2014-06-17,1574
2547,2014-06-17,1696
3231,2014-06-17,1870
5473,2014-06-17,2469
2365,2014-06-17,1646
6340,2014-06-17,2701
10454,2014-06-17,3803
6732,2014-06-17,2801
10157,2014-06-17,3728
11462,2014-06-17,4086
1307,2014-06-17,1360
2119,2014-06-17,1581
930,2014-06-17,1256
10902,2014-06-18,3921
4068,2014-06-18,2086
5578,2014-06-18,2502
6102,2014-06-18,2637
5615,2014-06-18,2511
13474,2014-06-18,4603
1168,2014-06-18,1323
13314,2014-06-18,4561
5189,2014-06-18,2394
101,2014-06-18,1026
2280,2014-06-18,1621
14713,2014-06-18,4931
13234,2014-06-18,4538
12919,2014-06-18,4455
12257,2014-06-18,4284
9410,2014-06-18,3530
5207,2014-06-18,2398
7717,2014-06-18,3072
4425,2014-06-19,2186
11484,2014-06-19,4092
11067,2014-06-19,3966
10815,2014-06-19,3902
5486,2014-06-19,2472
992,2014-06-19,1275
13671,2014-06-19,4656
3879,2014-06-19,2041
5384,2014-06-19,2444
6803,2014-06-19,2817
3484,2014-06-19,1932
5901,2014-06-19,2584
9949,2014-06-19,3672
11853,2014-06-19,4183
9248,2014-06-19,3491
2396,2014-06-19,1652
3104,2014-06-19,1838
6921,2014-06-19,2854
392,2014-06-19,1109
313,2014-06-19,1087
269,2014-06-19,1075
72,2014-06-19,1017
14344,2014-06-19,4824
6029,2014-06-19,2617
5848,2014-06-19,2570
13911,2014-06-19,4711
3017,2014-06-20,1816
13921,2014-06-20,4714
6570,2014-06-20,2760
12254,2014-06-20,4283
669,2014-06-20,1182
12269,2014-06-20,4288
1839,2014-06-20,1500
1497,2014-06-20,1412
5784,2014-06-20,2552
11504,2014-06-20,4097
13890,2014-06-20,4705
11992,2014-06-20,4217
11294,2014-06-20,4036
10728,2014-06-20,3877
3304,2014-06-20,1889
13948,2014-06-20,4720
7469,2014-06-20,3006
13001,2014-06-20,4478
12250,2014-06-20,4282
7082,2014-06-20,2901
2981,2014-06-20,1806
2311,2014-06-20,1628
13430,2014-06-20,4592
6774,2014-06-20,2811
3454,2014-06-20,1927
12930,2014-06-21,4457
4374,2014-06-21,2172
14906,2014-06-21,4983
8347,2014-06-21,3244
14287,2014-06-21,4809
1517,2014-06-21,1418
11432,2014-06-21,4078
2282,2014-06-21,1621
2152,2014-06-21,1590
9433,2014-06-21,3537
12171,2014-06-21,4262
2415,2014-06-21,1655
697,2014-06-21,1190
10584,2014-06-21,3839
8025,2014-06-21,3153
7957,2014-06-21,3135
9973,2014-06-21,3678
9109,2014-06-21,3459
1035,2014-06-21,1285
13913,2014-06-21,4711
9249,2014-06-21,3491
4544,2014-06-21,2221
4582,2014-06-22,2231
424,2014-06-22,1116
13378,2014-06-22,4577
13236,2014-06-22,4538
49,2014-06-22,1012
7197,2014-06-22,2932
8771,2014-06-22,3357
5365,2014-06-22,2440
2654,2014-06-22,1728
6914,2014-06-22,2851
867,2014-06-22,1237
3248,2014-06-22,1877
10937,2014-06-22,3931
8075,2014-06-22,3166
14140,2014-06-22,4772
13395,2014-06-22,4582
9868,2014-06-22,3651
8570,2014-06-22,3302
4146,2014-06-22,2109
11132,2014-06-22,3985
1787,2014-06-22,1488
3571,2014-06-22,1955
2955,2014-06-22,1798
14745,2014-06-22,4937
7523,2014-06-22,3021
10321,2014-06-22,3767
13182,2014-06-22,4525
6088,2014-06-22,2632
3740,2014-06-22,2004
743,2014-06-23,1204
13934,2014-06-23,4717
8787,2014-06-23,3361
12060,2014-06-23,4233
13148,2014-06-23,4515
6304,2014-06-23,2692
12213,2014-06-23,4272
4316,2014-06-23,2158
12378,2014-06-23,4311
11045,2014-06-23,3961
5607,2014-06-23,2510
13532,2014-06-23,4620
11923,2014-06-23,4200
3560,2014-06-23,1951
14146,2014-06-23,4773
258,2014-06-23,1072
13750,2014-06-23,4673
11303,2014-06-23,4038
2519,2014-06-24,1687
677,2014-06-24,1184
14787,2014-06-24,4946
13957,2014-06-24,4721
2,2014-06-24,1000
1074,2014-06-24,1294
8026,2014-06-24,3153
1490,2014-06-24,1410
1546,2014-06-24,1425
10608,2014-06-24,3844
940,2014-06-24,1259
13106,2014-06-24,4505
5629,2014-06-24,2514
10538,2014-06-24,3827
5562,2014-06-24,2496
4493,2014-06-24,2206
5293,2014-06-24,2424
12151,2014-06-24,4258
5351,2014-06-24,2437
12730,2014-06-24,4403
7429,2014-06-24,2993
2287,2014-06-24,1622
14164,2014-06-24,4779
8886,2014-06-25,3393
4363,2014-06-25,2169
134,2014-06-25,1035
3476,2014-06-25,1931
857,2014-06-25,1235
9941,2014-06-25,3669
6611,2014-06-25,2771
1433,2014-06-25,1393
7099,2014-06-25,2906
8297,2014-06-25,3225
13079,2014-06-25,4499
11680,2014-06-25,4137
14486,2014-06-25,4860
12560,2014-06-25,4356
5269,2014-06-25,2415
1332,2014-06-25,1365
13544,2014-06-25,4623
1280,2014-06-25,1353
14109,2014-06-25,4762
388,2014-06-25,1108
5221,2014-06-25,2401
9238,2014-06-25,3488
4741,2014-06-25,2271
7804,2014-06-26,3094
5064,2014-06-26,2358
12244,2014-06-26,4280
10645,2014-06-26,3854
1214,2014-06-26,1333
3665,2014-06-26,1983
5366,2014-06-26,2440
1966,2014-06-26,1535
12043,2014-06-26,4228
8767,2014-06-26,3356
3305,2014-06-26,1889
1492,2014-06-26,1410
1557,2014-06-26,1427
10641,2014-06-26,3852
9544,2014-06-26,3563
9250,2014-06-26,3491
8396,2014-06-26,3253
8388,2014-06-26,3251
2427,2014-06-26,1658
11403,2014-06-26,4071
6045,2014-06-26,2621
3677,2014-06-26,1990
6863,2014-06-26,2837
6419,2014-06-26,2720
11716,2014-06-26,4148
7978,2014-06-26,3139
1033,2014-06-26,1284
10565,2014-06-26,3832
4313,2014-06-26,2157
7489,2014-06-27,3011
7020,2014-06-27,2879
6717,2014-06-27,2798
861,2014-06-27,1236
13809,2014-06-27,4686
6706,2014-06-27,2795
10950,2014-06-27,3936
13353,2014-06-27,4572
1690,2014-06-27,1465
13919,2014-06-27,4713
13199,2014-06-27,4528
14605,2014-06-27,4893
2384,2014-06-27,1650
14709,2014-06-27,4929
10730,2014-06-27,3877
9105,2014-06-27,3458
2103,2014-06-27,1575
11311,2014-06-27,4040
12509,2014-06-27,4340
8008,2014-06-27,3146
3013,2014-06-27,1815
8437,2014-06-27,3264
4688,2014-06-27,2257
2170,2014-06-27,1595
2063,2014-06-28,1566
4465,2014-06-28,2196
4324,2014-06-28,2160
14655,2014-06-28,4911
3851,2014-06-28,2034
5769,2014-06-28,2549
3009,2014-06-28,1814
5981,2014-06-28,2603
647,2014-06-28,1175
1402,2014-06-28,1384
10910,2014-06-28,3923
14250,2014-06-28,4799
65,2014-06-28,1015
12481,2014-06-28,4335
12111,2014-06-28,4246
14669,2014-06-28,4915
6622,2014-06-28,2774
5872,2014-06-28,2577
11096,2014-06-28,3973
11879,2014-06-28,4190
6637,2014-06-29,2778
4393,2014-06-29,2177
13255,2014-06-29,4543
153,2014-06-29,1041
12199,2014-06-29,4269
13570,2014-06-29,4630
11393,2014-06-29,4068
4073,2014-06-29,2087
10168,2014-06-29,3731
14512,2014-06-29,4866
6868,2014-06-29,2839
9409,2014-06-29,3529
7239,2014-06-30,2943
9187,2014-06-30,3476
11325,2014-06-30,4044
12278,2014-06-30,4290
11481,2014-06-30,4091
14528,2014-06-30,4870
14423,2014-06-30,4842
10328,2014-06-30,3768
3495,2014-06-30,1935
9324,2014-06-30,3508
13793,2014-06-30,4683
2474,2014-06-30,1674
8874,2014-06-30,3389
8432,2014-06-30,3263
6561,2014-06-30,2758
6901,2014-06-30,2849
1518,2014-06-30,1418
9069,2014-06-30,3447
9131,2014-06-30,3464
2770,2014-06-30,1754
8160,2014-07-01,3189
10297,2014-07-01,3762
1149,2014-07-01,1317
13952,2014-07-01,4721
9276,2014-07-01,3498
11446,2014-07-01,4082
12121,2014-07-01,4251
2827,2014-07-01,1770
8314,2014-07-01,3232
1655,2014-07-01,1456
3852,2014-07-01,2035
12201,2014-07-01,4270
14526,2014-07-01,4870
20,2014-07-01,1004
13437,2014-07-01,4594
12361,2014-07-01,4306
14726,2014-07-02,4933
12095,2014-07-02,4243
3696,2014-07-02,1995
10352,2014-07-02,3776
8247,2014-07-02,3213
13560,2014-07-02,4628
13002,2014-07-02,4479
2051,2014-07-02,1565
7798,2014-07-02,3094
12122,2014-07-02,4251
14324,2014-07-02,4820
2223,2014-07-02,1609
4125,2014-07-02,2104
1959,2014-07-02,1534
8881,2014-07-02,3393
14334,2014-07-02,4822
7899,2014-07-02,3119
11648,2014-07-02,4131
10429,2014-07-02,3795
13554,2014-07-02,4626
1371,2014-07-02,1379
10627,2014-07-02,3849
2674,2014-07-02,1733
12749,2014-07-02,4408
8995,2014-07-02,3425
1039,2014-07-02,1286
3429,2014-07-02,1922
9620,2014-07-03,3584
13013,2014-07-03,4483
4798,2014-07-03,2289
8334,2014-07-03,3238
6739,2014-07-03,2803
4244,2014-07-03,2139
12568,2014-07-03,4359
12237,2014-07-03,4278
3987,2014-07-03,2067
7870,2014-07-03,3112
11336,2014-07-03,4048
10213,2014-07-03,3743
7985,2014-07-03,3141
11148,2014-07-03,3991
2079,2014-07-03,1572
797,2014-07-03,1219
692,2014-07-04,1189
10097,2014-07-04,3712
9212,2014-07-04,3484
7597,2014-07-04,3041
2950,2014-07-04,1798
14579,2014-07-04,4886
3724,2014-07-04,2000
689,2014-07-04,1188
11369,2014-07-04,4061
4823,2014-07-04,2294
13538,2014-07-05,4623
7193,2014-07-05,2931
2429,2014-07-05,1659
1628,2014-07-05,1448
3839,2014-07-05,2031
14824,2014-07-05,4956
4186,2014-07-05,2122
13668,2014-07-05,4656
5065,2014-07-05,2359
10138,2014-07-05,3722
3312,2014-07-05,1891
2498,2014-07-05,1682
1070,2014-07-05,1294
12365,2014-07-05,4307
29,2014-07-05,1006
14606,2014-07-05,4894
4222,2014-07-05,2133
2326,2014-07-05,1633
9184,2014-07-05,3476
14083,2014-07-05,4756
6744,2014-07-05,2804
9792,2014-07-05,3629
10141,2014-07-05,3724
11031,2014-07-05,3959
6867,2014-07-06,2839
4785,2014-07-06,2285
13247,2014-07-06,4541
2495,2014-07-06,1681
2901,2014-07-06,1787
13325,2014-07-06,4564
10149,2014-07-06,3727
3480,2014-07-06,1932
3586,2014-07-06,1961
1085,2014-07-06,1297
4177,2014-07-06,2120
10193,2014-07-06,3737
4174,2014-07-06,2119
11340,2014-07-06,4049
4466,2014-07-06,2197
7720,2014-07-06,3073
9789,2014-07-06,3627
2921,2014-07-06,1792
1485,2014-07-06,1410
10371,2014-07-06,3781
5348,2014-07-06,2437
10320,2014-07-06,3767
12375,2014-07-07,4310
10117,2014-07-07,3718
6956,2014-07-07,2863
7392,2014-07-07,2984
12492,2014-07-07,4338
1997,2014-07-07,1547
8221,2014-07-07,3206
6490,2014-07-07,2742
7973,2014-07-07,3139
3467,2014-07-07,1930
14529,2014-07-07,4871
3890,2014-07-07,2043
6534,2014-07-07,2753
5853,2014-07-07,2571
14402,2014-07-07,4837
6826,2014-07-07,2829
5806,2014-07-07,2559
11614,2014-07-07,4123
12053,2014-07-07,4232
6839,2014-07-07,2832
7748,2014-07-07,3082
10480,2014-07-07,3811
12622,2014-07-07,4373
504,2014-07-07,1138
9972,2014-07-07,3678
1744,2014-07-07,1478
151,2014-07-07,1041
6323,2014-07-07,2697
4178,2014-07-07,2120
13024,2014-07-07,4486
14030,2014-07-07,4743
13817,2014-07-07,4688
2226,2014-07-07,1609
6942,2014-07-08,2860
14048,2014-07-08,4746
11176,2014-07-08,4002
777,2014-07-08,1214
9838,2014-07-08,3643
3289,2014-07-08,1887
7923,2014-07-08,3123
3092,2014-07-08,1835
5362,2014-07-08,2440
7425,2014-07-08,2993
10270,2014-07-08,3757
13960,2014-07-08,4722
1047,2014-07-08,1287
11323,2014-07-08,4044
2703,2014-07-08,1740
14107,2014-07-08,4762
9956,2014-07-08,3674
14471,2014-07-08,4856
11487,2014-07-08,4093
8438,2014-07-09,3265
1871,2014-07-09,1509
6072,2014-07-09,2629
8315,2014-07-09,3232
13222,2014-07-09,4535
2906,2014-07-09,1788
13787,2014-07-09,4683
8739,2014-07-09,3349
12883,2014-07-09,4444
9390,2014-07-09,3525
13754,2014-07-09,4675
7473,2014-07-09,3008
2584,2014-07-09,1708
1663,2014-07-09,1457
7879,2014-07-09,3115
5435,2014-07-09,2457
8459,2014-07-09,3269
943,2014-07-09,1260
12528,2014-07-09,4347
3899,2014-07-09,2045
5070,2014-07-09,2360
2340,2014-07-09,1636
13523,2014-07-09,4618
7683,2014-07-09,3062
7463,2014-07-10,3005
5867,2014-07-10,2576
11974,2014-07-10,4214
12693,2014-07-10,4392
9413,2014-07-10,3531
11251,2014-07-10,4022
6650,2014-07-10,2781
980,2014-07-10,1274
12863,2014-07-10,4440
8106,2014-07-10,3176
24,2014-07-10,1004
8564,2014-07-10,3300
14428,2014-07-10,4845
8909,2014-07-10,3400
8039,2014-07-10,3157
11761,2014-07-10,4160
9393,2014-07-10,3526
14126,2014-07-10,4769
9885,2014-07-10,3657
8490,2014-07-10,3282
7080,2014-07-10,2901
12740,2014-07-11,4406
7772,2014-07-11,3086
5782,2014-07-11,2552
7605,2014-07-11,3042
13166,2014-07-11,4523
10614,2014-07-11,3846
10488,2014-07-11,3812
10793,2014-07-11,3896
13424,2014-07-11,4591
10056,2014-07-11,3698
1161,2014-07-11,1321
13795,2014-07-11,4684
31,2014-07-11,1006
2704,2014-07-11,1740
8989,2014-07-11,3423
11757,2014-07-11,4159
4210,2014-07-11,2131
6481,2014-07-11,2739
536,2014-07-12,1146
7430,2014-07-12,2994
897,2014-07-12,1245
6683,2014-07-12,2789
11592,2014-07-12,4117
7345,2014-07-12,2971
8740,2014-07-12,3349
975,2014-07-12,1270
2755,2014-07-12,1752
1706,2014-07-12,1468
7953,2014-07-12,3133
9296,2014-07-12,3502
5612,2014-07-12,2511
14683,2014-07-12,4922
10391,2014-07-12,3785
12548,2014-07-12,4353
11932,2014-07-12,4202
2628,2014-07-12,1722
7671,2014-07-12,3059
946,2014-07-12,1262
5772,2014-07-12,2550
13646,2014-07-12,4650
368,2014-07-12,1103
10941,2014-07-12,3933
12193,2014-07-12,4268
5429,2014-07-12,2454
5963,2014-07-12,2600
2713,2014-07-12,1741
9802,2014-07-12,3633
664,2014-07-13,1181
1934,2014-07-13,1526
4282,2014-07-13,2149
2358,2014-07-13,1644
10180,2014-07-13,3735
2266,2014-07-13,1618
1694,2014-07-13,1466
8017,2014-07-13,3150
14286,2014-07-13,4809
4406,2014-07-13,2183
1931,2014-07-13,1525
5819,2014-07-13,2562
9963,2014-07-13,3675
8971,2014-07-13,3416
8752,2014-07-13,3353
9463,2014-07-13,3544
9285,2014-07-13,3499
9562,2014-07-13,3570
7961,2014-07-13,3137
2705,2014-07-13,1740
6696,2014-07-13,2794
7801,2014-07-13,3094
4266,2014-07-13,2144
10150,2014-07-13,3727
8893,2014-07-13,3396
14197,2014-07-13,4786
13439,2014-07-13,4594
3682,2014-07-14,1991
13302,2014-07-14,4557
520,2014-07-14,1143
13739,2014-07-14,4671
11501,2014-07-14,4097
1500,2014-07-14,1413
4574,2014-07-14,2230
12773,2014-07-14,4415
14905,2014-07-14,4983
6895,2014-07-14,2848
12341,2014-07-14,4302
4351,2014-07-14,2166
1603,2014-07-14,1440
8799,2014-07-14,3364
11290,2014-07-14,4035
12574,2014-07-14,4361
12964,2014-07-14,4466
10445,2014-07-14,3800
11489,2014-07-14,4094
10170,2014-07-14,3732
3158,2014-07-14,1852
3339,2014-07-15,1897
11818,2014-07-15,4174
10652,2014-07-15,3855
878,2014-07-15,1240
8293,2014-07-15,3225
3832,2014-07-15,2029
3267,2014-07-15,1881
12107,2014-07-15,4245
5402,2014-07-15,2448
297,2014-07-15,1083
497,2014-07-15,1136
3230,2014-07-15,1870
2700,2014-07-15,1738
54,2014-07-15,1013
11316,2014-07-15,4042
14809,2014-07-15,4952
1212,2014-07-15,1333
1473,2014-07-15,1407
2688,2014-07-15,1736
6920,2014-07-15,2854
10304,2014-07-15,3763
4737,2014-07-16,2271
12524,2014-07-16,4345
1207,2014-07-16,1332
7589,2014-07-16,3038
2825,2014-07-16,1769
5524,2014-07-16,2484
3167,2014-07-16,1855
8670,2014-07-16,3327
8443,2014-07-16,3266
7412,2014-07-16,2990
3540,2014-07-16,1947
10393,2014-07-16,3785
10279,2014-07-16,3758
13799,2014-07-16,4685
8991,2014-07-16,3423
13741,2014-07-16,4671
7665,2014-07-16,3057
9523,2014-07-17,3559
13142,2014-07-17,4514
2004,2014-07-17,1549
2167,2014-07-17,1595
12385,2014-07-17,4313
6759,2014-07-17,2807
5663,2014-07-17,2522
7279,2014-07-17,2954
14641,2014-07-17,4906
279,2014-07-17,1077
3652,2014-07-17,1980
8431,2014-07-17,3263
8130,2014-07-17,3181
6733,2014-07-17,2801
3492,2014-07-17,1935
10085,2014-07-17,3708
3005,2014-07-17,1814
2748,2014-07-17,1750
5279,2014-07-17,2420
13506,2014-07-17,4613
12045,2014-07-17,4229
9188,2014-07-17,3477
13453,2014-07-17,4597
4677,2014-07-17,2255
12480,2014-07-17,4335
12702,2014-07-18,4394
11281,2014-07-18,4032
14494,2014-07-18,4862
7743,2014-07-18,3081
11541,2014-07-18,4106
12354,2014-07-18,4304
6331,2014-07-18,2699
6850,2014-07-18,2835
2398,2014-07-18,1653
4960,2014-07-18,2332
8815,2014-07-18,3369
356,2014-07-18,1099
14886,2014-07-18,4974
3776,2014-07-18,2014
10750,2014-07-18,3882
14818,2014-07-18,4954
8613,2014-07-18,3311
1631,2014-07-18,1449
7881,2014-07-18,3115
12994,2014-07-18,4474
13288,2014-07-18,4554
2180,2014-07-18,1598
1187,2014-07-18,1327
12381,2014-07-19,4312
7171,2014-07-19,2925
352,2014-07-19,1098
12444,2014-07-19,4325
2147,2014-07-19,1588
10685,2014-07-19,3863
10936,2014-07-19,3931
11746,2014-07-19,4155
10721,2014-07-19,3874
12996,2014-07-19,4475
2714,2014-07-19,1741
11024,2014-07-19,3957
6829,2014-07-19,2830
1043,2014-07-19,1286
82,2014-07-19,1020
1160,2014-07-19,1320
5568,2014-07-20,2499
9709,2014-07-20,3603
14654,2014-07-20,4911
10007,2014-07-20,3685
7260,2014-07-20,2948
11025,2014-07-20,3957
13490,2014-07-20,4608
14648,2014-07-20,4909
9315,2014-07-20,3507
8872,2014-07-20,3389
12176,2014-07-20,4264
3978,2014-07-20,2065
2261,2014-07-20,1617
9625,2014-07-20,3584
12267,2014-07-20,4287
10004,2014-07-20,3684
2271,2014-07-20,1619
13289,2014-07-20,4554
3856,2014-07-20,2036
10464,2014-07-20,3805
9354,2014-07-20,3517
6113,2014-07-20,2641
14460,2014-07-20,4853
10479,2014-07-21,3810
3817,2014-07-21,2024
4640,2014-07-21,2244
3994,2014-07-21,2068
2276,2014-07-21,1620
2637,2014-07-21,1723
4122,2014-07-21,2102
13872,2014-07-21,4699
10282,2014-07-21,3759
13181,2014-07-21,4525
6062,2014-07-21,2625
8304,2014-07-21,3227
6627,2014-07-21,2775
2367,2014-07-21,1646
1432,2014-07-21,1393
3664,2014-07-21,1983
11900,2014-07-21,4194
1936,2014-07-21,1526
2442,2014-07-21,1661
788,2014-07-21,1217
8583,2014-07-21,3306
1322,2014-07-21,1363
3316,2014-07-21,1892
9526,2014-07-21,3560
3695,2014-07-21,1994
10484,2014-07-21,3811
11212,2014-07-21,4013
13074,2014-07-22,4498
8299,2014-07-22,3226
8209,2014-07-22,3203
7755,2014-07-22,3082
6872,2014-07-22,2840
5430,2014-07-22,2454
384,2014-07-22,1107
2823,2014-07-22,1768
3322,2014-07-22,1893
1985,2014-07-22,1542
966,2014-07-22,1268
12304,2014-07-22,4294
2315,2014-07-22,1629
2887,2014-07-22,1783
3329,2014-07-22,1895
947,2014-07-22,1262
4711,2014-07-22,2264
1262,2014-07-22,1347
5836,2014-07-22,2567
7810,2014-07-22,3095
7290,2014-07-22,2956
6775,2014-07-22,2811
12212,2014-07-22,4272
9761,2014-07-22,3618
3520,2014-07-22,1942
14604,2014-07-22,4893
5022,2014-07-23,2348
3864,2014-07-23,2038
7862,2014-07-23,3110
2021,2014-07-23,1553
11226,2014-07-23,4016
11679,2014-07-23,4137
12639,2014-07-23,4376
5089,2014-07-23,2364
14461,2014-07-23,4853
8046,2014-07-23,3159
8295,2014-07-23,3225
6114,2014-07-23,2641
12155,2014-07-23,4259
6852,2014-07-23,2835
7070,2014-07-23,2898
4046,2014-07-23,2080
9826,2014-07-23,3639
5208,2014-07-23,2398
8856,2014-07-23,3384
7113,2014-07-23,2909
6700,2014-07-23,2794
5730,2014-07-23,2540
5103,2014-07-23,2369
9342,2014-07-23,3514
6575,2014-07-24,2761
7493,2014-07-24,3012
8713,2014-07-24,3342
4576,2014-07-24,2230
9645,2014-07-24,3589
14149,2014-07-24,4774
10700,2014-07-24,3867
4768,2014-07-24,2277
912,2014-07-24,1248
8155,2014-07-24,3186
4570,2014-07-24,2229
9204,2014-07-24,3482
336,2014-07-24,1094
13866,2014-07-24,4698
2482,2014-07-24,1677
3008,2014-07-25,1814
3336,2014-07-25,1896
4764,2014-07-25,2276
12038,2014-07-25,4227
4747,2014-07-25,2272
12430,2014-07-25,4322
11608,2014-07-25,4121
14187,2014-07-25,4783
7042,2014-07-25,2885
5944,2014-07-25,2594
4702,2014-07-25,2261
3451,2014-07-25,1926
6354,2014-07-25,2705
8778,2014-07-25,3359
2462,2014-07-25,1668
8789,2014-07-25,3361
11543,2014-07-25,4106
315,2014-07-25,1087
10521,2014-07-26,3820
1089,2014-07-26,1298
7466,2014-07-26,3005
5398,2014-07-26,2447
8181,2014-07-26,3194
2947,2014-07-26,1797
3502,2014-07-26,1937
1112,2014-07-26,1305
2222,2014-07-26,1608
7941,2014-07-26,3129
10163,2014-07-26,3730
5072,2014-07-26,2360
825,2014-07-26,1229
2534,2014-07-26,1692
1604,2014-07-26,1440
2795,2014-07-26,1761
642,2014-07-26,1174
13682,2014-07-26,4658
10915,2014-07-26,3925
1151,2014-07-26,1317
6423,2014-07-26,2722
5277,2014-07-26,2419
2615,2014-07-26,1717
3183,2014-07-26,1860
11742,2014-07-26,4154
2708,2014-07-26,1740
11319,2014-07-26,4042
2741,2014-07-27,1748
2541,2014-07-27,1694
7687,2014-07-27,3063
8987,2014-07-27,3422
5109,2014-07-27,2370
306,2014-07-27,1086
3561,2014-07-27,1951
11910,2014-07-27,4196
13093,2014-07-27,4502
11004,2014-07-27,3952
14920,2014-07-27,4987
11620,2014-07-27,4124
12960,2014-07-27,4464
5203,2014-07-27,2396
2174,2014-07-27,1596
4961,2014-07-27,2332
11736,2014-07-27,4153
9798,2014-07-27,3630
10112,2014-07-27,3716
977,2014-07-27,1272
11994,2014-07-27,4217
13591,2014-07-28,4636
2789,2014-07-28,1760
13021,2014-07-28,4485
1019,2014-07-28,1281
6181,2014-07-28,2659
10720,2014-07-28,3872
10152,2014-07-28,3727
6693,2014-07-28,2792
6096,2014-07-28,2633
2786,2014-07-28,1759
10556,2014-07-28,3830
8278,2014-07-28,3221
13345,2014-07-28,4569
4900,2014-07-28,2314
371,2014-07-28,1103
13415,2014-07-28,4588
9759,2014-07-28,3617
9901,2014-07-28,3660
8348,2014-07-28,3244
14209,2014-07-28,4788
9888,2014-07-28,3657
1608,2014-07-28,1442
6738,2014-07-28,2802
13034,2014-07-29,4487
6840,2014-07-29,2832
11026,2014-07-29,3957
11955,2014-07-29,4209
8828,2014-07-29,3374
9488,2014-07-29,3549
7134,2014-07-29,2915
7322,2014-07-29,2962
13518,2014-07-29,4616
14379,2014-07-29,4831
4219,2014-07-29,2132
2380,2014-07-29,1649
5851,2014-07-29,2570
724,2014-07-29,1198
738,2014-07-29,1202
4018,2014-07-29,2072
10961,2014-07-29,3938
10595,2014-07-29,3841
3077,2014-07-29,1831
8344,2014-07-29,3242
13123,2014-07-30,4509
4859,2014-07-30,2303
10416,2014-07-30,3792
11329,2014-07-30,4045
8126,2014-07-30,3180
12765,2014-07-30,4412
781,2014-07-30,1215
12553,2014-07-30,4354
14883,2014-07-30,4972
2044,2014-07-30,1562
9030,2014-07-30,3435
2765,2014-07-30,1753
11459,2014-07-30,4085
6011,2014-07-30,2612
10339,2014-07-30,3772
1969,2014-07-30,1536
14731,2014-07-30,4933
3332,2014-07-30,1895
4820,2014-07-30,2293
4325,2014-07-30,2160
9205,2014-07-30,3482
12782,2014-07-30,4416
1422,2014-07-31,1390
8566,2014-07-31,3300
11217,2014-07-31,4014
10413,2014-07-31,3790
2520,2014-07-31,1687
9019,2014-07-31,3431
10329,2014-07-31,3768
1711,2014-07-31,1471
5291,2014-07-31,2423
7243,2014-07-31,2944
7318,2014-07-31,2961
7676,2014-07-31,3060
7352,2014-07-31,2973
4551,2014-07-31,2222
2948,2014-07-31,1797
5808,2014-07-31,2559
4379,2014-07-31,2174
9310,2014-07-31,3505
10621,2014-07-31,3847
6725,2014-07-31,2799
5411,2014-07-31,2450
420,2014-07-31,1115
226,2014-07-31,1061
4013,2014-07-31,2071
3873,2014-07-31,2040
11642,2014-08-01,4130
8645,2014-08-01,3322
10137,2014-08-01,3722
10040,2014-08-01,3694
9790,2014-08-01,3628
5209,2014-08-01,2399
12632,2014-08-01,4376
1060,2014-08-01,1291
12627,2014-08-01,4375
14724,2014-08-01,4933
8092,2014-08-01,3172
6843,2014-08-01,2834
10591,2014-08-01,3841
10748,2014-08-01,3882
10851,2014-08-01,3911
7198,2014-08-01,2933
9385,2014-08-01,3524
1511,2014-08-01,1417
2784,2014-08-01,1759
14826,2014-08-02,4957
5413,2014-08-02,2451
6932,2014-08-02,2857
2190,2014-08-02,1602
4625,2014-08-02,2241
6350,2014-08-02,2704
5245,2014-08-02,2408
5888,2014-08-02,2581
6142,2014-08-02,2649
11418,2014-08-02,4076
3478,2014-08-02,1932
13869,2014-08-02,4699
12313,2014-08-02,4297
4681,2014-08-02,2256
3293,2014-08-02,1888
6432,2014-08-02,2726
6979,2014-08-02,2869
8957,2014-08-02,3413
10072,2014-08-02,3704
6191,2014-08-02,2663
7210,2014-08-02,2937
11838,2014-08-02,4180
10132,2014-08-02,3721
2240,2014-08-02,1613
9756,2014-08-02,3617
7100,2014-08-02,2907
2570,2014-08-02,1703
9168,2014-08-02,3473
4107,2014-08-02,2098
871,2014-08-02,1239
3300,2014-08-03,1889
11447,2014-08-03,4082
11588,2014-08-03,4117
6613,2014-08-03,2772
6508,2014-08-03,2746
417,2014-08-03,1115
6189,2014-08-03,2662
5670,2014-08-03,2524
12231,2014-08-03,4277
11643,2014-08-03,4130
9632,2014-08-03,3587
11292,2014-08-03,4036
10736,2014-08-03,3879
481,2014-08-03,1133
8714,2014-08-03,3343
7979,2014-08-03,3140
13659,2014-08-03,4654
8667,2014-08-03,3327
755,2014-08-03,1208
10636,2014-08-03,3851
5746,2014-08-03,2545
11834,2014-08-03,4179
6992,2014-08-04,2872
4847,2014-08-04,2299
9942,2014-08-04,3670
10613,2014-08-04,3846
649,2014-08-04,1176
12004,2014-08-04,4220
3780,2014-08-04,2015
1797,2014-08-04,1491
11395,2014-08-04,4069
14878,2014-08-04,4972
12399,2014-08-04,4316
5651,2014-08-04,2519
6838,2014-08-04,2832
631,2014-08-04,1171
7747,2014-08-04,3082
8330,2014-08-04,3237
11657,2014-08-04,4133
3767,2014-08-04,2012
6316,2014-08-04,2695
11210,2014-08-04,4013
12803,2014-08-04,4426
12315,2014-08-04,4297
11102,2014-08-05,3976
10808,2014-08-05,3900
11883,2014-08-05,4191
12450,2014-08-05,4327
6791,2014-08-05,2815
12608,2014-08-05,4369
5282,2014-08-05,2421
11515,2014-08-05,4101
10176,2014-08-05,3733
11704,2014-08-05,4146
12663,2014-08-05,4385
208,2014-08-05,1055
2920,2014-08-05,1791
13729,2014-08-05,4669
2211,2014-08-05,1606
9305,2014-08-05,3505
3313,2014-08-05,1892
10579,2014-08-05,3838
6616,2014-08-05,2772
3102,2014-08-05,1838
13392,2014-08-05,4581
1674,2014-08-05,1461
8792,2014-08-06,3363
3933,2014-08-06,2054
5692,2014-08-06,2530
2684,2014-08-06,1735
13165,2014-08-06,4523
5565,2014-08-06,2497
8287,2014-08-06,3224
11925,2014-08-06,4201
6993,2014-08-06,2872
1225,2014-08-06,1337
12530,2014-08-06,4348
9215,2014-08-06,3484
2939,2014-08-06,1796
10949,2014-08-06,3936
8286,2014-08-06,3223
338,2014-08-06,1095
3641,2014-08-07,1979
6126,2014-08-07,2645
8864,2014-08-07,3386
9711,2014-08-07,3604
8331,2014-08-07,3237
4735,2014-08-07,2271
1046,2014-08-07,1287
12280,2014-08-07,4291
11385,2014-08-07,4066
5516,2014-08-07,2481
7504,2014-08-07,3015
7289,2014-08-07,2956
11578,2014-08-07,4114
11015,2014-08-07,3956
10925,2014-08-07,3928
14018,2014-08-07,4741
6812,2014-08-07,2823
5407,2014-08-07,2449
636,2014-08-07,1173
14445,2014-08-07,4851
7494,2014-08-07,3013
10291,2014-08-07,3761
217,2014-08-07,1058
4216,2014-08-08,2132
13903,2014-08-08,4709
5062,2014-08-08,2358
14246,2014-08-08,4799
6712,2014-08-08,2797
3774,2014-08-08,2014
8530,2014-08-08,3292
12036,2014-08-08,4227
8473,2014-08-08,3276
4663,2014-08-08,2252
840,2014-08-08,1232
6162,2014-08-08,2654
3049,2014-08-08,1824
2339,2014-08-08,1636
5662,2014-08-08,2522
2619,2014-08-08,1719
935,2014-08-09,1258
10129,2014-08-09,3720
9311,2014-08-09,3507
2033,2014-08-09,1559
10536,2014-08-09,3827
2188,2014-08-09,1601
11800,2014-08-09,4169
447,2014-08-09,1123
6147,2014-08-09,2650
10869,2014-08-09,3915
8365,2014-08-09,3247
2425,2014-08-09,1658
6493,2014-08-09,2743
12407,2014-08-09,4318
6065,2014-08-09,2626
6277,2014-08-09,2687
7079,2014-08-09,2901
14405,2014-08-09,4838
1055,2014-08-09,1289
3853,2014-08-10,2035
1056,2014-08-10,1289
4467,2014-08-10,2198
1127,2014-08-10,1309
13829,2014-08-10,4692
14259,2014-08-10,4802
9362,2014-08-10,3518
6485,2014-08-10,2741
564,2014-08-10,1153
7284,2014-08-10,2955
4077,2014-08-10,2089
14263,2014-08-10,4804
9195,2014-08-10,3480
6741,2014-08-10,2803
3526,2014-08-10,1944
2845,2014-08-10,1774
2699,2014-08-10,1738
9816,2014-08-10,3636
9431,2014-08-10,3537
6656,2014-08-10,2784
10699,2014-08-10,3867
6676,2014-08-10,2788
10887,2014-08-10,3918
7762,2014-08-10,3084
9558,2014-08-10,3569
8630,2014-08-10,3317
11396,2014-08-10,4069
2407,2014-08-10,1654
423,2014-08-11,1116
11204,2014-08-11,4010
3152,2014-08-11,1851
1324,2014-08-11,1364
2306,2014-08-11,1627
13008,2014-08-11,4481
1228,2014-08-11,1338
2650,2014-08-11,1727
6409,2014-08-11,2718
10314,2014-08-11,3765
9267,2014-08-11,3496
14358,2014-08-11,4827
10639,2014-08-11,3851
4649,2014-08-11,2247
2610,2014-08-11,1716
12534,2014-08-11,4349
8726,2014-08-11,3346
8016,2014-08-11,3150
1675,2014-08-11,1461
5025,2014-08-11,2349
7824,2014-08-11,3100
5470,2014-08-11,2468
6849,2014-08-11,2835
2351,2014-08-11,1641
9953,2014-08-11,3673
11163,2014-08-11,3998
12566,2014-08-11,4358
13598,2014-08-11,4638
9933,2014-08-11,3668
14927,2014-08-11,4989
9725,2014-08-12,3609
4014,2014-08-12,2072
14143,2014-08-12,4773
6027,2014-08-12,2617
12650,2014-08-12,4380
10704,2014-08-12,3869
746,2014-08-12,1205
7448,2014-08-12,2999
13136,2014-08-12,4512
7136,2014-08-12,2916
8261,2014-08-12,3217
13301,2014-08-12,4557
1656,2014-08-12,1456
12934,2014-08-12,4459
5480,2014-08-12,2471
80,2014-08-12,1020
9016,2014-08-12,3430
13381,2014-08-12,4578
14214,2014-08-12,4789
9712,2014-08-12,3604
14766,2014-08-13,4941
10216,2014-08-13,3743
5605,2014-08-13,2510
9554,2014-08-13,3568
14711,2014-08-13,4930
13547,2014-08-13,4624
1724,2014-08-13,1474
10582,2014-08-13,3839
14689,2014-08-13,4923
12423,2014-08-13,4321
8373,2014-08-13,3248
3246,2014-08-13,1877
8621,2014-08-13,3314
13382,2014-08-13,4578
381,2014-08-13,1107
10844,2014-08-13,3909
8649,2014-08-13,3322
13738,2014-08-13,4671
2069,2014-08-13,1567
2080,2014-08-13,1572
9708,2014-08-13,3603
5092,2014-08-14,2365
14041,2014-08-14,4745
2739,2014-08-14,1748
678,2014-08-14,1185
9555,2014-08-14,3568
3210,2014-08-14,1866
10061,2014-08-14,3699
1190,2014-08-14,1328
3759,2014-08-14,2011
5520,2014-08-14,2483
882,2014-08-14,1241
1072,2014-08-14,1294
11090,2014-08-14,3972
14171,2014-08-14,4780
10098,2014-08-14,3712
12247,2014-08-14,4281
4759,2014-08-14,2274
13947,2014-08-14,4720
9542,2014-08-14,3563
14193,2014-08-14,4785
12209,2014-08-14,4272
4750,2014-08-14,2273
4810,2014-08-14,2291
712,2014-08-14,1195
4299,2014-08-14,2154
910,2014-08-14,1248
2344,2014-08-14,1638
8003,2014-08-15,3145
1507,2014-08-15,1416
131,2014-08-15,1035
1430,2014-08-15,1392
7411,2014-08-15,2990
14942,2014-08-15,4993
714,2014-08-15,1196
6383,2014-08-15,2712
10749,2014-08-15,3882
14802,2014-08-15,4951
11016,2014-08-15,3956
3358,2014-08-15,1903
4288,2014-08-15,2151
6219,2014-08-15,2670
3262,2014-08-15,1879
11450,2014-08-15,4083
5786,2014-08-15,2553
5058,2014-08-15,2357
10394,2014-08-16,3785
1068,2014-08-16,1293
10957,2014-08-16,3938
14376,2014-08-16,4831
10709,2014-08-16,3871
6748,2014-08-16,2805
11770,2014-08-16,4162
7628,2014-08-16,3047
6339,2014-08-16,2701
12814,2014-08-16,4428
5787,2014-08-16,2553
2998,2014-08-16,1811
4283,2014-08-16,2149
14172,2014-08-16,4780
3567,2014-08-16,1954
8004,2014-08-16,3145
7618,2014-08-16,3045
13694,2014-08-16,4661
12741,2014-08-16,4406
2611,2014-08-16,1716
13409,2014-08-16,4586
9287,2014-08-16,3499
9278,2014-08-16,3498
7426,2014-08-16,2993
4382,2014-08-16,2175
12674,2014-08-16,4388
7487,2014-08-16,3011
8843,2014-08-16,3380
8999,2014-08-17,3426
11677,2014-08-17,4137
5525,2014-08-17,2484
9418,2014-08-17,3532
3424,2014-08-17,1921
4803,2014-08-17,2289
7809,2014-08-17,3095
2682,2014-08-17,1734
1349,2014-08-17,1371
1294,2014-08-17,1356
5079,2014-08-17,2362
12259,2014-08-17,4285
13648,2014-08-17,4650
12402,2014-08-17,4316
12465,2014-08-17,4331
11722,2014-08-17,4150
2352,2014-08-17,1641
7234,2014-08-17,2942
5603,2014-08-17,2509
12170,2014-08-17,4262
10078,2014-08-17,3705
14477,2014-08-17,4858
14386,2014-08-17,4833
2209,2014-08-17,1605
4305,2014-08-17,2155
12716,2014-08-17,4398
12625,2014-08-18,4374
13132,2014-08-18,4511
5211,2014-08-18,2399
14847,2014-08-18,4962
10166,2014-08-18,3731
335,2014-08-18,1094
13031,2014-08-18,4487
476,2014-08-18,1130
8508,2014-08-18,3286
7675,2014-08-18,3060
10741,2014-08-18,3879
12059,2014-08-18,4233
5948,2014-08-18,2595
2294,2014-08-18,1624
3604,2014-08-18,1966
5124,2014-08-18,2375
13830,2014-08-18,4692
3269,2014-08-18,1881
5201,2014-08-19,2396
13235,2014-08-19,4538
4392,2014-08-19,2177
3931,2014-08-19,2053
13423,2014-08-19,4590
8700,2014-08-19,3337
8682,2014-08-19,3330
5301,2014-08-19,2426
6619,2014-08-19,2772
26,2014-08-19,1004
3326,2014-08-19,1894
6543,2014-08-19,2755
7056,2014-08-19,2892
2489,2014-08-19,1679
6574,2014-08-19,2761
2661,2014-08-19,1730
566,2014-08-19,1153
11752,2014-08-19,4156
4999,2014-08-19,2343
10694,2014-08-19,3866
14943,2014-08-19,4993
8020,2014-08-20,3151
11870,2014-08-20,4188
14042,2014-08-20,4745
5766,2014-08-20,2549
14760,2014-08-20,4940
1248,2014-08-20,1342
5044,2014-08-20,2354
8931,2014-08-20,3405
14127,2014-08-20,4769
13749,2014-08-20,4673
8981,2014-08-20,3420
2984,2014-08-20,1807
596,2014-08-20,1162
4081,2014-08-20,2089
7594,2014-08-20,3039
14320,2014-08-20,4819
8303,2014-08-20,3227
2388,2014-08-20,1651
1051,2014-08-20,1288
2454,2014-08-20,1665
7782,2014-08-20,3089
8814,2014-08-21,3368
2346,2014-08-21,1639
13549,2014-08-21,4624
8598,2014-08-21,3308
9840,2014-08-21,3643
4071,2014-08-21,2087
5202,2014-08-21,2396
1123,2014-08-21,1308
3018,2014-08-21,1816
3081,2014-08-21,1832
441,2014-08-21,1120
13995,2014-08-21,4733
2969,2014-08-21,1801
3505,2014-08-21,1938
14338,2014-08-21,4822
14581,2014-08-21,4886
9355,2014-08-21,3517
1710,2014-08-21,1471
2185,2014-08-21,1599
3379,2014-08-21,1908
1707,2014-08-21,1468
2642,2014-08-21,1725
1498,2014-08-21,1412
14873,2014-08-22,4970
4162,2014-08-22,2114
12601,2014-08-22,4367
3966,2014-08-22,2062
7450,2014-08-22,3000
387,2014-08-22,1108
12327,2014-08-22,4299
3828,2014-08-22,2028
9847,2014-08-22,3645
9421,2014-08-22,3533
13115,2014-08-22,4508
3257,2014-08-22,1878
7624,2014-08-22,3046
12774,2014-08-22,4415
5116,2014-08-22,2373
4427,2014-08-22,2187
5990,2014-08-22,2606
5678,2014-08-22,2524
6446,2014-08-22,2729
2588,2014-08-22,1709
11660,2014-08-22,4133
3995,2014-08-22,2068
8179,2014-08-22,3194
1920,2014-08-23,1522
1510,2014-08-23,1416
10554,2014-08-23,3830
1697,2014-08-23,1466
1562,2014-08-23,1428
10510,2014-08-23,3817
1827,2014-08-23,1498
2347,2014-08-23,1639
102,2014-08-23,1026
2548,2014-08-23,1696
3271,2014-08-23,1882
1331,2014-08-23,1365
10717,2014-08-23,3872
1449,2014-08-23,1398
41,2014-08-23,1010
452,2014-08-23,1124
13243,2014-08-23,4540
6938,2014-08-24,2858
5498,2014-08-24,2476
11708,2014-08-24,4146
6605,2014-08-24,2769
7125,2014-08-24,2912
9766,2014-08-24,3619
11999,2014-08-24,4218
8579,2014-08-24,3305
12506,2014-08-24,4340
11178,2014-08-24,4002
8224,2014-08-24,3206
11921,2014-08-24,4199
2106,2014-08-24,1578
2483,2014-08-24,1677
663,2014-08-24,1180
13950,2014-08-24,4720
11876,2014-08-24,4190
5327,2014-08-24,2432
5697,2014-08-24,2531
11686,2014-08-24,4138
11099,2014-08-25,3974
7377,2014-08-25,2979
9415,2014-08-25,3531
4503,2014-08-25,2209
10615,2014-08-25,3846
4518,2014-08-25,2213
13350,2014-08-25,4571
14900,2014-08-25,4980
12653,2014-08-25,4381
10066,2014-08-25,3701
4856,2014-08-25,2301
10802,2014-08-25,3898
2931,2014-08-25,1793
7174,2014-08-25,2925
3370,2014-08-25,1905
1614,2014-08-25,1443
11712,2014-08-25,4147
10114,2014-08-25,3717
1396,2014-08-25,1383
10449,2014-08-25,3801
10724,2014-08-25,3876
1011,2014-08-25,1279
13656,2014-08-26,4652
12647,2014-08-26,4379
337,2014-08-26,1094
14365,2014-08-26,4828
9408,2014-08-26,3529
2740,2014-08-26,1748
1434,2014-08-26,1393
4819,2014-08-26,2293
4044,2014-08-26,2079
5174,2014-08-26,2390
5536,2014-08-26,2488
9243,2014-08-26,3489
5217,2014-08-26,2400
14307,2014-08-26,4814
3834,2014-08-26,2029
12921,2014-08-26,4455
14781,2014-08-26,4944
2668,2014-08-26,1731
763,2014-08-26,1209
9575,2014-08-26,3573
8169,2014-08-26,3190
9909,2014-08-26,3662
11479,2014-08-26,4091
7965,2014-08-26,3137
12959,2014-08-26,4464
14469,2014-08-27,4855
6455,2014-08-27,2731
13306,2014-08-27,4558
6288,2014-08-27,2689
14556,2014-08-27,4877
14626,2014-08-27,4899
3857,2014-08-27,2036
42,2014-08-27,1010
6473,2014-08-27,2737
7373,2014-08-27,2978
4026,2014-08-27,2074
11552,2014-08-27,4108
5928,2014-08-27,2590
963,2014-08-27,1266
4259,2014-08-27,2142
2149,2014-08-27,1589
14204,2014-08-27,4787
14414,2014-08-27,4840
9445,2014-08-27,3539
1515,2014-08-27,1417
921,2014-08-28,1252
9335,2014-08-28,3511
12409,2014-08-28,4318
5371,2014-08-28,2441
11206,2014-08-28,4011
12712,2014-08-28,4397
13220,2014-08-28,4534
2283,2014-08-28,1621
2696,2014-08-28,1737
11795,2014-08-28,4167
846,2014-08-28,1233
14936,2014-08-28,4991
8494,2014-08-28,3282
1845,2014-08-28,1501
8476,2014-08-28,3277
8681,2014-08-28,3329
2633,2014-08-28,1722
11230,2014-08-28,4017
14116,2014-08-28,4764
1883,2014-08-28,1511
6900,2014-08-28,2849
6187,2014-08-28,2661
12717,2014-08-28,4398
5164,2014-08-28,2388
283,2014-08-28,1078
10005,2014-08-28,3684
12490,2014-08-28,4337
6936,2014-08-28,2857
13596,2014-08-28,4637
6778,2014-08-28,2812
14383,2014-08-28,4832
9917,2014-08-28,3663
1708,2014-08-28,1469
4845,2014-08-28,2298
13966,2014-08-28,4723
14716,2014-08-28,4931
3622,2014-08-28,1969
3494,2014-08-28,1935
1641,2014-08-28,1451
2443,2014-08-29,1661
556,2014-08-29,1150
3212,2014-08-29,1866
7490,2014-08-29,3011
6609,2014-08-29,2770
11286,2014-08-29,4034
1120,2014-08-29,1307
5437,2014-08-29,2457
13403,2014-08-29,4584
8833,2014-08-29,3377
357,2014-08-29,1099
10283,2014-08-29,3759
1336,2014-08-29,1366
12318,2014-08-29,4297
13832,2014-08-29,4692
9197,2014-08-29,3480
12029,2014-08-30,4224
2881,2014-08-30,1782
2963,2014-08-30,1800
4715,2014-08-30,2266
6668,2014-08-30,2786
5988,2014-08-30,2605
11464,2014-08-30,4086
3598,2014-08-30,1964
14798,2014-08-30,4950
1531,2014-08-30,1421
2601,2014-08-30,1712
7439,2014-08-30,2996
8285,2014-08-30,3222
11995,2014-08-30,4217
281,2014-08-30,1077
8477,2014-08-30,3277
8781,2014-08-30,3360
13972,2014-08-31,4725
11976,2014-08-31,4214
13154,2014-08-31,4518
8498,2014-08-31,3283
6253,2014-08-31,2679
12843,2014-08-31,4434
9198,2014-08-31,3480
13725,2014-08-31,4667
3401,2014-08-31,1913
811,2014-08-31,1224
13223,2014-08-31,4535
12800,2014-08-31,4424
12404,2014-08-31,4316
8166,2014-08-31,3189
13797,2014-08-31,4684
11622,2014-08-31,4124
14081,2014-08-31,4753
11143,2014-08-31,3987
13192,2014-08-31,4526
10642,2014-08-31,3852
3886,2014-08-31,2042
12828,2014-09-01,4432
14748,2014-09-01,4938
13164,2014-09-01,4523
1032,2014-09-01,1284
5630,2014-09-01,2515
8935,2014-09-01,3407
11020,2014-09-01,3957
6592,2014-09-01,2765
10612,2014-09-01,3846
2141,2014-09-01,1587
1357,2014-09-01,1374
5689,2014-09-01,2528
3059,2014-09-01,1827
5930,2014-09-01,2591
7992,2014-09-01,3142
10680,2014-09-01,3863
7178,2014-09-01,2927
13307,2014-09-01,4559
11924,2014-09-01,4201
3078,2014-09-01,1832
6237,2014-09-01,2675
8265,2014-09-01,3219
8849,2014-09-01,3382
6205,2014-09-01,2666
12230,2014-09-01,4277
9178,2014-09-01,3475
12514,2014-09-01,4342
11530,2014-09-01,4104
12182,2014-09-02,4266
13413,2014-09-02,4588
14330,2014-09-02,4821
5385,2014-09-02,2445
1624,2014-09-02,1446
7101,2014-09-02,2907
3019,2014-09-02,1817
9403,2014-09-02,3529
7794,2014-09-02,3092
13705,2014-09-02,4664
7828,2014-09-02,3101
812,2014-09-02,1225
6760,2014-09-02,2808
5504,2014-09-02,2478
8411,2014-09-02,3257
2634,2014-09-02,1723
2296,2014-09-02,1625
8973,2014-09-02,3417
5798,2014-09-02,2556
12355,2014-09-02,4305
3917,2014-09-02,2049
1135,2014-09-02,1312
7355,2014-09-02,2974
12546,2014-09-02,4353
11128,2014-09-02,3984
5375,2014-09-02,2443
9325,2014-09-02,3509
6398,2014-09-03,2716
146,2014-09-03,1040
8041,2014-09-03,3158
14496,2014-09-03,4863
10146,2014-09-03,3726
6143,2014-09-03,2649
1309,2014-09-03,1361
2006,2014-09-03,1550
14015,2014-09-03,4740
14806,2014-09-03,4952
234,2014-09-03,1064
10500,2014-09-03,3815
9459,2014-09-03,3544
1271,2014-09-03,1350
1906,2014-09-03,1517
11743,2014-09-03,4155
9260,2014-09-03,3495
823,2014-09-03,1229
7304,2014-09-03,2960
6235,2014-09-03,2674
12778,2014-09-03,4416
5925,2014-09-03,2590
9696,2014-09-03,3600
8363,2014-09-03,3247
6259,2014-09-04,2681
11531,2014-09-04,4104
13923,2014-09-04,4715
4417,2014-09-04,2185
411,2014-09-04,1114
13718,2014-09-04,4667
2750,2014-09-04,1751
7461,2014-09-04,3004
12232,2014-09-04,4277
2691,2014-09-04,1737
6153,2014-09-04,2652
6983,2014-09-04,2870
6822,2014-09-04,2826
3818,2014-09-04,2025
1421,2014-09-04,1390
14807,2014-09-04,4952
7818,2014-09-04,3099
9398,2014-09-04,3527
9089,2014-09-04,3453
9884,2014-09-04,3657
10526,2014-09-04,3822
12276,2014-09-04,4290
1094,2014-09-04,1300
11465,2014-09-04,4087
13313,2014-09-04,4561
650,2014-09-04,1176
632,2014-09-04,1171
61,2014-09-04,1014
12829,2014-09-04,4432
9386,2014-09-05,3524
7706,2014-09-05,3068
9932,2014-09-05,3668
11760,2014-09-05,4160
6814,2014-09-05,2824
6038,2014-09-05,2619
1950,2014-09-05,1530
11078,2014-09-05,3969
8216,2014-09-05,3205
10191,2014-09-05,3737
13657,2014-09-05,4653
13454,2014-09-05,4598
5763,2014-09-05,2549
9588,2014-09-05,3577
2888,2014-09-05,1784
806,2014-09-05,1223
13640,2014-09-05,4649
2016,2014-09-05,1553
12273,2014-09-05,4289
8694,2014-09-05,3335
1142,2014-09-05,1314
4206,2014-09-05,2129
13605,2014-09-05,4641
11110,2014-09-06,3978
14741,2014-09-06,4937
12242,2014-09-06,4280
10841,2014-09-06,3909
10601,2014-09-06,3843
2546,2014-09-06,1696
4558,2014-09-06,2226
4926,2014-09-06,2323
554,2014-09-06,1150
14141,2014-09-06,4773
4031,2014-09-06,2076
3837,2014-09-06,2030
12666,2014-09-06,4387
8559,2014-09-06,3299
8710,2014-09-06,3342
7110,2014-09-06,2909
4532,2014-09-06,2218
1003,2014-09-06,1278
4131,2014-09-06,2106
6035,2014-09-06,2618
5406,2014-09-06,2449
2698,2014-09-06,1738
6057,2014-09-06,2625
8440,2014-09-06,3266
9344,2014-09-06,3515
12659,2014-09-06,4384
10255,2014-09-06,3753
8193,2014-09-07,3200
3773,2014-09-07,2014
891,2014-09-07,1244
9644,2014-09-07,3589
14404,2014-09-07,4838
2966,2014-09-07,1801
3642,2014-09-07,1979
1136,2014-09-07,1312
10434,2014-09-07,3797
2991,2014-09-07,1810
12561,2014-09-07,4357
3955,2014-09-07,2059
14215,2014-09-07,4790
9400,2014-09-07,3528
361,2014-09-07,1101
2733,2014-09-07,1747
10419,2014-09-07,3793
5111,2014-09-07,2371
9873,2014-09-07,3653
3251,2014-09-07,1878
10239,2014-09-07,3749
4293,2014-09-07,2152
790,2014-09-07,1218
11843,2014-09-07,4181
9230,2014-09-07,3487
12767,2014-09-07,4413
13265,2014-09-07,4547
13915,2014-09-07,4712
6091,2014-09-07,2633
7749,2014-09-07,3082
5934,2014-09-08,2592
8678,2014-09-08,3329
2405,2014-09-08,1654
10349,2014-09-08,3775
11566,2014-09-08,4112
12034,2014-09-08,4226
8941,2014-09-08,3409
13380,2014-09-08,4578
13858,2014-09-08,4696
9387,2014-09-08,3524
11488,2014-09-08,4093
3157,2014-09-08,1852
11135,2014-09-08,3986
2297,2014-09-08,1625
11779,2014-09-08,4164
13501,2014-09-08,4612
13087,2014-09-08,4501
6343,2014-09-08,2702
9866,2014-09-09,3651
4455,2014-09-09,2194
3554,2014-09-09,1950
1346,2014-09-09,1370
9348,2014-09-09,3516
9332,2014-09-09,3511
9468,2014-09-09,3546
9295,2014-09-09,3502
2492,2014-09-09,1680
8608,2014-09-09,3310
14869,2014-09-09,4969
14763,2014-09-09,4941
11248,2014-09-09,4021
2743,2014-09-09,1749
14205,2014-09-09,4788
11905,2014-09-09,4195
8772,2014-09-09,3358
8274,2014-09-09,3221
2499,2014-09-09,1682
11944,2014-09-09,4206
3877,2014-09-10,2041
2686,2014-09-10,1736
694,2014-09-10,1190
1472,2014-09-10,1407
4874,2014-09-10,2308
469,2014-09-10,1129
2500,2014-09-10,1682
11162,2014-09-10,3998
13643,2014-09-10,4649
2171,2014-09-10,1596
8629,2014-09-10,3316
8142,2014-09-10,3184
4707,2014-09-10,2262
9591,2014-09-10,3578
2912,2014-09-10,1789
8317,2014-09-10,3232
7406,2014-09-10,2989
3881,2014-09-10,2042
11744,2014-09-10,4155
14621,2014-09-10,4898
12554,2014-09-10,4355
10023,2014-09-10,3689
12618,2014-09-11,4372
4446,2014-09-11,2193
2112,2014-09-11,1580
6182,2014-09-11,2660
2701,2014-09-11,1739
9536,2014-09-11,3562
10287,2014-09-11,3760
1915,2014-09-11,1521
1360,2014-09-11,1374
661,2014-09-11,1179
14565,2014-09-11,4880
8936,2014-09-11,3407
13534,2014-09-11,4622
7960,2014-09-11,3137
14063,2014-09-11,4749
7858,2014-09-11,3109
10537,2014-09-11,3827
7511,2014-09-11,3017
7237,2014-09-11,2943
13654,2014-09-11,4652
1907,2014-09-11,1517
6151,2014-09-11,2651
10340,2014-09-11,3773
8834,2014-09-12,3378
4522,2014-09-12,2215
10683,2014-09-12,3863
5733,2014-09-12,2541
1429,2014-09-12,1392
4990,2014-09-12,2341
12788,2014-09-12,4418
1277,2014-09-12,1353
14294,2014-09-12,4811
3338,2014-09-12,1897
9226,2014-09-12,3486
11674,2014-09-12,4137
11508,2014-09-12,4098
9799,2014-09-12,3631
8595,2014-09-12,3308
5300,2014-09-12,2426
11926,2014-09-12,4201
3649,2014-09-12,1980
3308,2014-09-12,1890
10293,2014-09-12,3761
9713,2014-09-13,3604
14558,2014-09-13,4878
2625,2014-09-13,1720
8109,2014-09-13,3177
4537,2014-09-13,2219
14272,2014-09-13,4806
534,2014-09-13,1145
7241,2014-09-13,2944
10773,2014-09-13,3891
1983,2014-09-13,1542
13091,2014-09-13,4502
10583,2014-09-13,3839
2142,2014-09-13,1587
9455,2014-09-13,3543
3285,2014-09-13,1886
12974,2014-09-13,4469
627,2014-09-13,1170
11550,2014-09-13,4108
9616,2014-09-13,3583
12106,2014-09-13,4245
7606,2014-09-14,3042
6632,2014-09-14,2777
5268,2014-09-14,2415
1862,2014-09-14,1507
9767,2014-09-14,3620
3738,2014-09-14,2004
11675,2014-09-14,4137
7249,2014-09-14,2946
2828,2014-09-14,1770
4957,2014-09-14,2332
7948,2014-09-14,3132
4529,2014-09-14,2217
6735,2014-09-14,2802
9993,2014-09-14,3682
14617,2014-09-14,4897
13661,2014-09-14,4654
10092,2014-09-14,3710
9563,2014-09-14,3570
6944,2014-09-15,2860
11998,2014-09-15,4218
1329,2014-09-15,1365
1559,2014-09-15,1428
13131,2014-09-15,4511
5942,2014-09-15,2594
4523,2014-09-15,2215
4275,2014-09-15,2147
9931,2014-09-15,3667
418,2014-09-15,1115
8298,2014-09-15,3226
2846,2014-09-15,1774
11960,2014-09-16,4211
5119,2014-09-16,2374
2332,2014-09-16,1634
14342,2014-09-16,4823
13333,2014-09-16,4566
14861,2014-09-16,4967
5832,2014-09-16,2565
11475,2014-09-16,4090
9729,2014-09-16,3610
3523,2014-09-16,1943
4189,2014-09-16,2122
11787,2014-09-16,4165
932,2014-09-16,1257
6510,2014-09-16,2746
10845,2014-09-16,3909
7880,2014-09-16,3115
10377,2014-09-16,3782
8061,2014-09-16,3164
14194,2014-09-16,4785
14510,2014-09-16,4866
5262,2014-09-16,2413
7614,2014-09-17,3044
2136,2014-09-17,1585
7435,2014-09-17,2996
3264,2014-09-17,1880
10442,2014-09-17,3799
14757,2014-09-17,4939
11857,2014-09-17,4184
186,2014-09-17,1051
14265,2014-09-17,4804
6433,2014-09-17,2726
5984,2014-09-17,2604
13790,2014-09-17,4683
6518,2014-09-17,2747
6816,2014-09-17,2824
10994,2014-09-17,3948
2734,2014-09-17,1747
10463,2014-09-18,3805
5035,2014-09-18,2351
2942,2014-09-18,1796
11201,2014-09-18,4009
11947,2014-09-18,4206
5152,2014-09-18,2383
6103,2014-09-18,2637
3125,2014-09-18,1844
4378,2014-09-18,2174
1579,2014-09-18,1432
14580,2014-09-18,4886
13575,2014-09-18,4632
12068,2014-09-18,4235
13772,2014-09-18,4679
4144,2014-09-18,2108
13042,2014-09-18,4491
3783,2014-09-18,2016
7568,2014-09-18,3033
8294,2014-09-19,3225
2909,2014-09-19,1788
2523,2014-09-19,1689
13009,2014-09-19,4481
6746,2014-09-19,2804
4459,2014-09-19,2195
7758,2014-09-19,3083
7528,2014-09-19,3022
8853,2014-09-19,3383
14564,2014-09-19,4879
9035,2014-09-19,3437
1409,2014-09-19,1386
4165,2014-09-19,2115
12626,2014-09-19,4374
4160,2014-09-19,2113
13644,2014-09-19,4649
6684,2014-09-19,2789
3142,2014-09-20,1848
2804,2014-09-20,1764
2102,2014-09-20,1575
12438,2014-09-20,4324
12103,2014-09-20,4244
7364,2014-09-20,2976
7124,2014-09-20,2912
12435,2014-09-20,4323
810,2014-09-20,1224
8232,2014-09-20,3208
8196,2014-09-20,3201
11655,2014-09-20,4132
14122,2014-09-20,4766
7822,2014-09-20,3099
10145,2014-09-20,3725
3378,2014-09-20,1908
3605,2014-09-20,1966
9746,2014-09-20,3614
808,2014-09-20,1223
646,2014-09-20,1175
7251,2014-09-20,2946
7699,2014-09-20,3066
13918,2014-09-21,4712
9125,2014-09-21,3462
5700,2014-09-21,2532
10459,2014-09-21,3804
11627,2014-09-21,4125
5598,2014-09-21,2508
6991,2014-09-21,2871
2787,2014-09-21,1760
11055,2014-09-21,3963
2272,2014-09-21,1619
14525,2014-09-21,4869
8417,2014-09-21,3258
13678,2014-09-21,4657
1379,2014-09-21,1379
9732,2014-09-21,3611
11061,2014-09-21,3965
6830,2014-09-21,2830
11542,2014-09-21,4106
10379,2014-09-21,3782
1729,2014-09-21,1475
9667,2014-09-21,3593
6711,2014-09-21,2796
9900,2014-09-21,3660
5955,2014-09-21,2597
4075,2014-09-21,2088
2781,2014-09-21,1758
8686,2014-09-21,3332
9356,2014-09-21,3517
2643,2014-09-21,1725
12003,2014-09-21,4219
12947,2014-09-21,4462
5701,2014-09-21,2533
106,2014-09-22,1027
11603,2014-09-22,4120
7329,2014-09-22,2964
4978,2014-09-22,2338
11440,2014-09-22,4080
3704,2014-09-22,1996
2775,2014-09-22,1756
400,2014-09-22,1110
8034,2014-09-22,3155
1666,2014-09-22,1457
10057,2014-09-22,3698
12090,2014-09-22,4241
1580,2014-09-22,1433
8869,2014-09-22,3387
7882,2014-09-22,3115
4214,2014-09-22,2131
120,2014-09-23,1032
8857,2014-09-23,3384
3788,2014-09-23,2017
3606,2014-09-23,1966
11145,2014-09-23,3989
6793,2014-09-23,2815
1453,2014-09-23,1399
14607,2014-09-23,4894
7744,2014-09-23,3081
3545,2014-09-23,1948
9861,2014-09-23,3649
6964,2014-09-23,2865
11798,2014-09-23,4168
8418,2014-09-24,3258
10825,2014-09-24,3904
5391,2014-09-24,2446
4301,2014-09-24,2154
10875,2014-09-24,3915
1678,2014-09-24,1462
10943,2014-09-24,3934
10762,2014-09-24,3887
12592,2014-09-24,4364
212,2014-09-24,1056
6519,2014-09-24,2747
12270,2014-09-24,4288
13103,2014-09-24,4504
8140,2014-09-24,3183
3120,2014-09-24,1843
4327,2014-09-24,2161
2972,2014-09-24,1803
8063,2014-09-24,3164
12640,2014-09-24,4376
12462,2014-09-24,4330
1953,2014-09-24,1531
13569,2014-09-24,4629
7275,2014-09-24,2952
8367,2014-09-24,3247
6064,2014-09-24,2625
1764,2014-09-24,1482
6722,2014-09-24,2799
7188,2014-09-24,2929
4740,2014-09-24,2271
10609,2014-09-25,3844
12899,2014-09-25,4449
14123,2014-09-25,4766
10402,2014-09-25,3787
4535,2014-09-25,2218
7569,2014-09-25,3033
6805,2014-09-25,2817
7982,2014-09-25,3140
4127,2014-09-25,2104
11823,2014-09-25,4176
11780,2014-09-25,4164
7395,2014-09-25,2984
3766,2014-09-25,2011
5240,2014-09-25,2406
4829,2014-09-25,2294
8625,2014-09-25,3315
3506,2014-09-25,1938
446,2014-09-25,1122
10964,2014-09-25,3939
5303,2014-09-26,2426
1689,2014-09-26,1465
926,2014-09-26,1255
9841,2014-09-26,3643
257,2014-09-26,1071
13856,2014-09-26,4695
1841,2014-09-26,1500
13792,2014-09-26,4683
10924,2014-09-26,3927
5068,2014-09-26,2359
13411,2014-09-26,4586
14702,2014-09-26,4925
5186,2014-09-26,2393
3168,2014-09-26,1855
13988,2014-09-26,4730
9060,2014-09-26,3443
1188,2014-09-26,1327
385,2014-09-26,1107
967,2014-09-26,1268
9070,2014-09-26,3448
305,2014-09-26,1086
14715,2014-09-26,4931
10212,2014-09-26,3742
12551,2014-09-26,4353
3516,2014-09-26,1940
12793,2014-09-26,4420
10368,2014-09-27,3779
13717,2014-09-27,4666
4390,2014-09-27,2176
11234,2014-09-27,4018
426,2014-09-27,1116
12572,2014-09-27,4360
680,2014-09-27,1185
11434,2014-09-27,4078
4401,2014-09-27,2180
10594,2014-09-27,3841
900,2014-09-27,1245
4343,2014-09-27,2165
6046,2014-09-27,2621
13652,2014-09-27,4651
8368,2014-09-27,3247
13190,2014-09-27,4526
1103,2014-09-27,1303
8525,2014-09-27,3289
4106,2014-09-28,2097
1052,2014-09-28,1288
1868,2014-09-28,1508
7092,2014-09-28,2904
6390,2014-09-28,2713
8137,2014-09-28,3182
5294,2014-09-28,2424
1403,2014-09-28,1384
11738,2014-09-28,4153
9780,2014-09-28,3622
1466,2014-09-28,1404
499,2014-09-28,1136
2355,2014-09-28,1642
12164,2014-09-28,4261
681,2014-09-28,1185
11717,2014-09-28,4148
12602,2014-09-28,4367
11454,2014-09-28,4084
13943,2014-09-28,4719
5415,2014-09-28,2451
5967,2014-09-28,2600
5621,2014-09-28,2512
6176,2014-09-28,2658
5908,2014-09-28,2585
14114,2014-09-29,4763
12415,2014-09-29,4319
6081,2014-09-29,2631
11427,2014-09-29,4077
12137,2014-09-29,4255
4555,2014-09-29,2225
13803,2014-09-29,4685
280,2014-09-29,1077
5225,2014-09-29,2402
4813,2014-09-29,2291
11916,2014-09-29,4197
838,2014-09-29,1231
197,2014-09-29,1052
5495,2014-09-29,2475
7253,2014-09-29,2946
6349,2014-09-29,2703
7636,2014-09-30,3049
367,2014-09-30,1102
4338,2014-09-30,2164
6674,2014-09-30,2787
2933,2014-09-30,1793
8768,2014-09-30,3356
3249,2014-09-30,1877
14517,2014-09-30,4867
3165,2014-09-30,1854
5503,2014-09-30,2477
4742,2014-09-30,2271
6449,2014-09-30,2729
9140,2014-09-30,3465
2196,2014-09-30,1602
10245,2014-09-30,3750
672,2014-09-30,1182
9951,2014-09-30,3672
14747,2014-09-30,4937
2690,2014-09-30,1736
7921,2014-09-30,3122
3065,2014-09-30,1827
11880,2014-09-30,4190
11667,2014-09-30,4134
12061,2014-10-01,4234
75,2014-10-01,1018
2451,2014-10-01,1664
9117,2014-10-01,3462
4237,2014-10-01,2138
5419,2014-10-01,2453
10013,2014-10-01,3687
4633,2014-10-01,2243
2697,2014-10-01,1738
7898,2014-10-01,3119
12329,2014-10-01,4300
14237,2014-10-01,4797
9755,2014-10-01,3617
2540,2014-10-01,1694
11365,2014-10-01,4060
3387,2014-10-01,1910
2000,2014-10-01,1548
10087,2014-10-01,3709
1605,2014-10-01,1442
14062,2014-10-01,4749
13085,2014-10-01,4501
14627,2014-10-01,4900
4584,2014-10-01,2232
4838,2014-10-02,2298
3260,2014-10-02,1879
1462,2014-10-02,1404
4391,2014-10-02,2177
12089,2014-10-02,4241
2919,2014-10-02,1791
796,2014-10-02,1219
14227,2014-10-02,4794
4263,2014-10-02,2144
10951,2014-10-02,3937
12776,2014-10-02,4416
3659,2014-10-02,1983
1702,2014-10-02,1468
4621,2014-10-02,2240
4634,2014-10-02,2243
14805,2014-10-02,4952
7122,2014-10-02,2912
7785,2014-10-02,3090
1548,2014-10-03,1426
2832,2014-10-03,1771
1996,2014-10-03,1546
12598,2014-10-03,4367
11353,2014-10-03,4056
14257,2014-10-03,4801
13857,2014-10-03,4696
7325,2014-10-03,2964
10124,2014-10-03,3719
11500,2014-10-03,4097
7786,2014-10-03,3090
11971,2014-10-03,4214
814,2014-10-03,1225
12314,2014-10-03,4297
11021,2014-10-03,3957
2759,2014-10-03,1753
1117,2014-10-03,1307
12819,2014-10-03,4430
13637,2014-10-03,4648
6302,2014-10-04,2692
854,2014-10-04,1235
13504,2014-10-04,4613
14699,2014-10-04,4925
8260,2014-10-04,3217
5918,2014-10-04,2589
5609,2014-10-04,2511
10052,2014-10-04,3697
6525,2014-10-04,2750
14844,2014-10-04,4962
576,2014-10-04,1157
13161,2014-10-04,4522
905,2014-10-04,1247
942,2014-10-04,1260
6854,2014-10-04,2836
8354,2014-10-04,3246
8042,2014-10-04,3158
6647,2014-10-04,2781
9509,2014-10-04,3556
11192,2014-10-05,4007
10708,2014-10-05,3871
9326,2014-10-05,3509
9800,2014-10-05,3632
1250,2014-10-05,1343
9996,2014-10-05,3683
2360,2014-10-05,1645
7928,2014-10-05,3125
13683,2014-10-05,4659
12389,2014-10-05,4314
2215,2014-10-05,1607
11350,2014-10-05,4054
11828,2014-10-05,4178
12645,2014-10-05,4378
13641,2014-10-05,4649
12400,2014-10-05,4316
11103,2014-10-05,3976
4579,2014-10-05,2231
11547,2014-10-05,4107
10670,2014-10-06,3860
12025,2014-10-06,4224
7571,2014-10-06,3034
944,2014-10-06,1261
4356,2014-10-06,2168
3144,2014-10-06,1849
4706,2014-10-06,2262
2452,2014-10-06,1664
10829,2014-10-06,3905
2951,2014-10-06,1798
62,2014-10-06,1014
7211,2014-10-06,2937
4248,2014-10-06,2140
11783,2014-10-06,4165
8708,2014-10-06,3341
12255,2014-10-06,4284
14915,2014-10-06,4986
9594,2014-10-06,3579
6240,2014-10-06,2676
13248,2014-10-07,4541
2868,2014-10-07,1780
4566,2014-10-07,2229
13645,2014-10-07,4650
9705,2014-10-07,3602
285,2014-10-07,1079
969,2014-10-07,1269
11683,2014-10-07,4138
1071,2014-10-07,1294
5095,2014-10-07,2366
1158,2014-10-07,1320
8441,2014-10-07,3266
7549,2014-10-07,3028
9760,2014-10-07,3618
277,2014-10-07,1077
3610,2014-10-07,1967
8897,2014-10-07,3397
3784,2014-10-07,2017
12339,2014-10-07,4302
12678,2014-10-07,4389
3111,2014-10-07,1840
8127,2014-10-07,3181
5781,2014-10-08,2552
4949,2014-10-08,2330
12983,2014-10-08,4471
7332,2014-10-08,2966
6201,2014-10-08,2664
4317,2014-10-08,2159
2711,2014-10-08,1741
4445,2014-10-08,2193
9753,2014-10-08,3616
11850,2014-10-08,4183
2236,2014-10-08,1612
3775,2014-10-08,2014
11649,2014-10-08,4131
10953,2014-10-08,3937
14570,2014-10-08,4882
4429,2014-10-08,2188
8038,2014-10-08,3157
2944,2014-10-08,1797
6648,2014-10-08,2781
6546,2014-10-08,2756
917,2014-10-08,1250
12726,2014-10-09,4402
3093,2014-10-09,1835
10779,2014-10-09,3893
6310,2014-10-09,2694
12113,2014-10-09,4248
13268,2014-10-09,4548
12918,2014-10-09,4455
12493,2014-10-09,4338
10629,2014-10-09,3849
14681,2014-10-09,4920
5349,2014-10-09,2437
8054,2014-10-09,3161
10935,2014-10-09,3931
12721,2014-10-09,4401
8482,2014-10-09,3279
3410,2014-10-09,1917
4485,2014-10-09,2204
6996,2014-10-09,2873
7130,2014-10-09,2914
11089,2014-10-09,3972
6127,2014-10-09,2645
3823,2014-10-09,2027
11069,2014-10-10,3967
14834,2014-10-10,4959
2182,2014-10-10,1599
11268,2014-10-10,4028
4599,2014-10-10,2235
8407,2014-10-10,3256
5115,2014-10-10,2372
6105,2014-10-10,2638
9372,2014-10-10,3521
12732,2014-10-10,4404
4611,2014-10-10,2237
1720,2014-10-10,1473
14017,2014-10-10,4740
4051,2014-10-10,2082
14000,2014-10-10,4735
3601,2014-10-10,1966
3989,2014-10-10,2067
6357,2014-10-10,2706
178,2014-10-10,1050
6731,2014-10-10,2801
1211,2014-10-10,1333
1954,2014-10-11,1532
5667,2014-10-11,2523
13327,2014-10-11,4564
6394,2014-10-11,2715
7131,2014-10-11,2914
10956,2014-10-11,3938
1918,2014-10-11,1522
1454,2014-10-11,1400
6203,2014-10-11,2665
4058,2014-10-11,2084
10772,2014-10-11,3891
7876,2014-10-11,3113
3555,2014-10-11,1950
8434,2014-10-11,3264
1951,2014-10-11,1530
7596,2014-10-11,3040
5747,2014-10-11,2545
13251,2014-10-11,4542
9119,2014-10-11,3462
13599,2014-10-11,4638
4395,2014-10-11,2178
14079,2014-10-11,4753
5096,2014-10-11,2366
916,2014-10-11,1249
13207,2014-10-11,4531
4349,2014-10-11,2166
12986,2014-10-11,4472
11366,2014-10-11,4060
10756,2014-10-12,3884
10551,2014-10-12,3830
9469,2014-10-12,3546
13298,2014-10-12,4556
12484,2014-10-12,4336
11381,2014-10-12,4065
2172,2014-10-12,1596
11851,2014-10-12,4183
4841,2014-10-12,2298
10046,2014-10-12,3695
344,2014-10-12,1097
3656,2014-10-12,1982
11586,2014-10-12,4116
5026,2014-10-12,2349
14177,2014-10-12,4782
14492,2014-10-12,4862
2216,2014-10-12,1607
3069,2014-10-12,1829
3691,2014-10-12,1993
13389,2014-10-12,4580
179,2014-10-12,1050
9803,2014-10-12,3633
2176,2014-10-12,1597
5370,2014-10-12,2441
4032,2014-10-13,2076
8669,2014-10-13,3327
4952,2014-10-13,2331
5674,2014-10-13,2524
1574,2014-10-13,1431
9573,2014-10-13,3573
25,2014-10-13,1004
6758,2014-10-13,2807
10598,2014-10-13,3842
191,2014-10-13,1052
2993,2014-10-13,1810
518,2014-10-13,1142
397,2014-10-13,1110
1876,2014-10-13,1510
8019,2014-10-13,3151
14733,2014-10-13,4934
4553,2014-10-13,2225
5168,2014-10-13,2389
4601,2014-10-13,2235
1539,2014-10-13,1423
14751,2014-10-13,4938
7968,2014-10-13,3138
309,2014-10-13,1087
6860,2014-10-13,2837
3714,2014-10-13,1998
6532,2014-10-13,2751
5939,2014-10-13,2593
2630,2014-10-13,1722
14312,2014-10-14,4817
13194,2014-10-14,4527
3862,2014-10-14,2038
9898,2014-10-14,3660
11240,2014-10-14,4019
1852,2014-10-14,1504
12997,2014-10-14,4477
7859,2014-10-14,3109
1457,2014-10-14,1402
9507,2014-10-14,3555
4973,2014-10-14,2337
9286,2014-10-14,3499
9939,2014-10-14,3669
9493,2014-10-14,3551
6325,2014-10-14,2698
12194,2014-10-14,4268
1513,2014-10-14,1417
10740,2014-10-14,3879
7545,2014-10-14,3027
11197,2014-10-14,4008
70,2014-10-14,1017
391,2014-10-14,1109
929,2014-10-14,1256
6468,2014-10-14,2736
5844,2014-10-14,2569
11568,2014-10-14,4112
8332,2014-10-14,3237
5722,2014-10-15,2538
3519,2014-10-15,1942
13541,2014-10-15,4623
8980,2014-10-15,3420
12769,2014-10-15,4414
10979,2014-10-15,3945
10572,2014-10-15,3835
16,2014-10-15,1003
11256,2014-10-15,4024
7593,2014-10-15,3039
7103,2014-10-15,2907
13219,2014-10-15,4534
3639,2014-10-15,1978
14144,2014-10-15,4773
9926,2014-10-15,3666
7098,2014-10-15,2906
14099,2014-10-16,4760
13517,2014-10-16,4616
14435,2014-10-16,4847
14220,2014-10-16,4792
6961,2014-10-16,2864
11059,2014-10-16,3965
9382,2014-10-16,3523
1301,2014-10-16,1358
9004,2014-10-16,3427
13688,2014-10-16,4660
4795,2014-10-16,2288
6823,2014-10-16,2827
8376,2014-10-16,3248
10217,2014-10-16,3743
8159,2014-10-16,3188
10764,2014-10-16,3888
2135,2014-10-16,1585
865,2014-10-16,1237
6813,2014-10-17,2823
13853,2014-10-17,4695
8408,2014-10-17,3256
7698,2014-10-17,3066
4710,2014-10-17,2264
5995,2014-10-17,2608
14846,2014-10-17,4962
13217,2014-10-17,4533
6320,2014-10-17,2696
5675,2014-10-17,2524
9786,2014-10-17,3625
12845,2014-10-17,4435
8534,2014-10-17,3293
8090,2014-10-17,3171
11463,2014-10-17,4086
2516,2014-10-17,1687
7266,2014-10-17,2950
8806,2014-10-17,3365
2038,2014-10-17,1561
13587,2014-10-17,4635
7926,2014-10-17,3123
8110,2014-10-18,3177
3291,2014-10-18,1887
13670,2014-10-18,4656
4863,2014-10-18,2305
11629,2014-10-18,4126
3741,2014-10-18,2005
13263,2014-10-18,4546
2511,2014-10-18,1685
1285,2014-10-18,1354
12069,2014-10-18,4235
3730,2014-10-18,2001
3552,2014-10-18,1949
1561,2014-10-18,1428
8986,2014-10-18,3421
11144,2014-10-18,3989
2607,2014-10-18,1715
1796,2014-10-18,1490
2793,2014-10-18,1761
2653,2014-10-18,1728
7962,2014-10-18,3137
6282,2014-10-18,2688
11819,2014-10-18,4174
14835,2014-10-18,4959
5190,2014-10-18,2394
14420,2014-10-19,4842
7555,2014-10-19,3029
5802,2014-10-19,2557
6171,2014-10-19,2656
12834,2014-10-19,4433
12795,2014-10-19,4422
949,2014-10-19,1263
8382,2014-10-19,3250
9208,2014-10-19,3483
12688,2014-10-19,4391
13878,2014-10-19,4700
965,2014-10-19,1268
1565,2014-10-19,1429
10695,2014-10-19,3866
10035,2014-10-19,3692
12879,2014-10-19,4443
10948,2014-10-19,3935
14841,2014-10-19,4960
4690,2014-10-19,2258
12896,2014-10-19,4448
8830,2014-10-19,3375
10223,2014-10-19,3745
1769,2014-10-19,1483
3395,2014-10-19,1912
8387,2014-10-20,3251
12320,2014-10-20,4298
4108,2014-10-20,2098
6857,2014-10-20,2836
1667,2014-10-20,1458
2718,2014-10-20,1742
14534,2014-10-20,4872
11611,2014-10-20,4122
9145,2014-10-20,3467
13891,2014-10-20,4705
3086,2014-10-20,1833
9741,2014-10-20,3613
14836,2014-10-20,4959
13036,2014-10-20,4488
10205,2014-10-20,3739
9480,2014-10-20,3548
13270,2014-10-20,4548
13883,2014-10-20,4703
3979,2014-10-20,2065
509,2014-10-20,1139
3920,2014-10-20,2050
3486,2014-10-21,1933
3833,2014-10-21,2029
11929,2014-10-21,4201
9000,2014-10-21,3426
14821,2014-10-21,4955
10398,2014-10-21,3786
8507,2014-10-21,3285
7932,2014-10-21,3127
4056,2014-10-21,2083
1523,2014-10-21,1419
2809,2014-10-21,1765
5457,2014-10-21,2464
7350,2014-10-21,2973
9008,2014-10-21,3428
12326,2014-10-21,4299
11951,2014-10-21,4207
11490,2014-10-21,4094
12671,2014-10-22,4387
7222,2014-10-22,2939
10499,2014-10-22,3814
9265,2014-10-22,3495
4271,2014-10-22,2146
4935,2014-10-22,2325
8775,2014-10-22,3358
5633,2014-10-22,2515
3847,2014-10-22,2033
7388,2014-10-22,2982
2317,2014-10-22,1630
1810,2014-10-22,1493
5173,2014-10-22,2390
6213,2014-10-22,2667
7845,2014-10-22,3104
4437,2014-10-22,2191
5234,2014-10-22,2404
10399,2014-10-22,3786
8324,2014-10-22,3235
13129,2014-10-22,4510
13743,2014-10-22,4671
12661,2014-10-22,4384
14464,2014-10-22,4854
12369,2014-10-22,4308
1761,2014-10-22,1482
8180,2014-10-22,3194
7187,2014-10-22,2929
14776,2014-10-22,4943
4449,2014-10-23,2193
6999,2014-10-23,2873
7428,2014-10-23,2993
10272,2014-10-23,3757
6380,2014-10-23,2711
12457,2014-10-23,4329
13064,2014-10-23,4495
7291,2014-10-23,2956
3170,2014-10-23,1856
11640,2014-10-23,4129
3190,2014-10-23,1862
1858,2014-10-23,1506
6136,2014-10-23,2646
2490,2014-10-23,1679
666,2014-10-23,1181
9604,2014-10-23,3581
6130,2014-10-23,2645
14815,2014-10-23,4953
5922,2014-10-23,2589
2731,2014-10-23,1746
3607,2014-10-23,1966
225,2014-10-23,1061
3097,2014-10-23,1836
6025,2014-10-24,2616
733,2014-10-24,1201
9937,2014-10-24,3668
11647,2014-10-24,4130
405,2014-10-24,1111
148,2014-10-24,1040
6557,2014-10-24,2758
1024,2014-10-24,1282
8896,2014-10-24,3396
9357,2014-10-24,3517
9395,2014-10-24,3526
12690,2014-10-24,4391
12348,2014-10-24,4303
3012,2014-10-24,1815
11598,2014-10-24,4119
10506,2014-10-24,3816
14535,2014-10-24,4872
13084,2014-10-25,4500
8013,2014-10-25,3148
2973,2014-10-25,1803
8174,2014-10-25,3193
7360,2014-10-25,2975
2312,2014-10-25,1628
8300,2014-10-25,3226
759,2014-10-25,1208
12392,2014-10-25,4314
6951,2014-10-25,2861
8378,2014-10-25,3248
9984,2014-10-25,3680
4258,2014-10-25,2142
4564,2014-10-25,2228
1932,2014-10-25,1525
11107,2014-10-25,3976
5882,2014-10-25,2579
5956,2014-10-25,2597
12120,2014-10-25,4250
9235,2014-10-25,3487
12500,2014-10-25,4338
14770,2014-10-25,4941
6743,2014-10-26,2803
6946,2014-10-26,2860
12512,2014-10-26,4341
3746,2014-10-26,2006
11538,2014-10-26,4105
11019,2014-10-26,3956
1552,2014-10-26,1426
4888,2014-10-26,2311
10938,2014-10-26,3931
7651,2014-10-26,3052
8027,2014-10-26,3153
3829,2014-10-26,2028
8182,2014-10-26,3194
5864,2014-10-26,2574
13152,2014-10-26,4517
6888,2014-10-26,2846
13203,2014-10-26,4529
6917,2014-10-26,2853
10128,2014-10-26,3719
8321,2014-10-26,3233
2669,2014-10-26,1731
7351,2014-10-26,2973
8493,2014-10-26,3282
14804,2014-10-27,4951
6581,2014-10-27,2762
1037,2014-10-27,1285
3191,2014-10-27,1862
7310,2014-10-27,2960
9631,2014-10-27,3586
14255,2014-10-27,4800
4337,2014-10-27,2164
7784,2014-10-27,3089
2025,2014-10-27,1554
11271,2014-10-27,4029
4344,2014-10-27,2165
5807,2014-10-27,2559
5081,2014-10-27,2362
2990,2014-10-27,1809
6426,2014-10-27,2723
12510,2014-10-27,4340
700,2014-10-27,1190
12518,2014-10-27,4342
4793,2014-10-27,2287
5241,2014-10-27,2406
9448,2014-10-27,3540
8195,2014-10-27,3200
10816,2014-10-27,3902
12066,2014-10-27,4234
4907,2014-10-27,2315
14871,2014-10-27,4969
2644,2014-10-27,1725
8960,2014-10-27,3413
7767,2014-10-27,3084
10369,2014-10-27,3779
2932,2014-10-27,1793
9706,2014-10-27,3602
12794,2014-10-27,4420
12610,2014-10-27,4369
10086,2014-10-27,3708
8899,2014-10-28,3397
12847,2014-10-28,4435
8279,2014-10-28,3221
3865,2014-10-28,2038
13450,2014-10-28,4596
11796,2014-10-28,4167
4490,2014-10-28,2205
10158,2014-10-28,3728
14432,2014-10-28,4846
14190,2014-10-28,4784
1911,2014-10-28,1519
14842,2014-10-28,4960
1104,2014-10-28,1303
8165,2014-10-28,3189
14366,2014-10-28,4828
13191,2014-10-28,4526
14329,2014-10-28,4820
2842,2014-10-28,1773
13512,2014-10-29,4615
13260,2014-10-29,4544
4592,2014-10-29,2233
5914,2014-10-29,2587
3383,2014-10-29,1908
9176,2014-10-29,3474
5387,2014-10-29,2445
3671,2014-10-29,1987
2796,2014-10-29,1761
1830,2014-10-29,1498
7542,2014-10-29,3026
6730,2014-10-29,2800
9499,2014-10-29,3552
3700,2014-10-29,1995
7884,2014-10-29,3115
10691,2014-10-29,3864
8737,2014-10-29,3348
3830,2014-10-29,2028
12440,2014-10-29,4324
8361,2014-10-29,3246
8394,2014-10-29,3252
7524,2014-10-29,3021
6794,2014-10-30,2815
5703,2014-10-30,2533
12523,2014-10-30,4344
14180,2014-10-30,4782
13355,2014-10-30,4572
3915,2014-10-30,2048
6362,2014-10-30,2706
2709,2014-10-30,1740
11125,2014-10-30,3982
4140,2014-10-30,2107
6545,2014-10-30,2755
5343,2014-10-30,2435
5915,2014-10-30,2587
7868,2014-10-30,3111
11237,2014-10-30,4018
12229,2014-10-30,4275
10835,2014-10-30,3906
14065,2014-10-30,4749
8847,2014-10-30,3381
2269,2014-10-30,1618
6369,2014-10-30,2707
3298,2014-10-30,1888
2050,2014-10-30,1564
2055,2014-10-30,1565
3710,2014-10-30,1997
5695,2014-10-30,2530
7446,2014-10-30,2998
8446,2014-10-30,3266
12630,2014-10-30,4375
7203,2014-10-30,2934
12808,2014-10-30,4426
3686,2014-10-31,1991
12684,2014-10-31,4389
12837,2014-10-31,4433
394,2014-10-31,1109
10589,2014-10-31,3840
4879,2014-10-31,2309
4883,2014-10-31,2310
13781,2014-10-31,4681
8478,2014-10-31,3277
11250,2014-10-31,4021
613,2014-10-31,1168
11245,2014-10-31,4019
13336,2014-10-31,4566
7353,2014-10-31,2973
9652,2014-10-31,3590
12181,2014-10-31,4265
9037,2014-10-31,3437
4306,2014-10-31,2155
7235,2014-10-31,2942
12903,2014-10-31,4450
2375,2014-10-31,1648
6480,2014-10-31,2738
10301,2014-10-31,3762
9569,2014-10-31,3571
6607,2014-10-31,2769
8338,2014-10-31,3240
13124,2014-11-01,4510
11383,2014-11-01,4066
474,2014-11-01,1130
1116,2014-11-01,1307
5308,2014-11-01,2428
5566,2014-11-01,2499
853,2014-11-01,1235
545,2014-11-01,1148
3217,2014-11-01,1868
760,2014-11-01,1209
614,2014-11-01,1169
609,2014-11-01,1167
3299,2014-11-01,1889
5176,2014-11-01,2391
3654,2014-11-01,1981
458,2014-11-02,1126
10508,2014-11-02,3817
7102,2014-11-02,2907
7220,2014-11-02,2939
14843,2014-11-02,4961
11079,2014-11-02,3970
4997,2014-11-02,2343
3020,2014-11-02,1817
13503,2014-11-02,4613
8117,2014-11-02,3180
10165,2014-11-02,3731
8258,2014-11-02,3216
3542,2014-11-02,1948
1784,2014-11-02,1487
287,2014-11-02,1080
4380,2014-11-02,2175
6680,2014-11-02,2789
7058,2014-11-02,2893
7162,2014-11-02,2923
10049,2014-11-02,3696
14134,2014-11-02,4771
13597,2014-11-03,4638
9397,2014-11-03,3527
12135,2014-11-03,4255
4184,2014-11-03,2121
13602,2014-11-03,4640
13860,2014-11-03,4697
10263,2014-11-03,3756
8451,2014-11-03,3268
3609,2014-11-03,1967
7722,2014-11-03,3074
1471,2014-11-03,1407
13520,2014-11-03,4617
3115,2014-11-03,1842
10219,2014-11-03,3744
7374,2014-11-03,2979
4238,2014-11-03,2138
7398,2014-11-03,2986
1842,2014-11-03,1501
5274,2014-11-03,2417
13914,2014-11-03,4712
13285,2014-11-04,4553
12850,2014-11-04,4437
9680,2014-11-04,3596
11003,2014-11-04,3952
3697,2014-11-04,1995
13296,2014-11-04,4556
2412,2014-11-04,1655
7183,2014-11-04,2928
7015,2014-11-04,2878
12529,2014-11-04,4348
1790,2014-11-04,1489
10795,2014-11-04,3897
11654,2014-11-04,4132
7133,2014-11-04,2915
9707,2014-11-04,3603
4040,2014-11-04,2079
11772,2014-11-05,4163
10970,2014-11-05,3942
7399,2014-11-05,2986
11075,2014-11-05,3968
2059,2014-11-05,1566
14885,2014-11-05,4974
3179,2014-11-05,1859
1960,2014-11-05,1534
1803,2014-11-05,1492
4913,2014-11-05,2319
4948,2014-11-05,2330
9752,2014-11-05,3616
6859,2014-11-05,2837
8384,2014-11-05,3251
198,2014-11-05,1053
1731,2014-11-05,1476
13709,2014-11-05,4665
13455,2014-11-05,4598
11532,2014-11-05,4104
6765,2014-11-05,2810
8892,2014-11-05,3396
9671,2014-11-05,3594
8591,2014-11-05,3308
237,2014-11-05,1065
9503,2014-11-05,3554
255,2014-11-05,1070
1712,2014-11-05,1472
14865,2014-11-05,4968
9793,2014-11-05,3629
8220,2014-11-05,3206
10233,2014-11-05,3747
14859,2014-11-05,4967
2562,2014-11-05,1700
855,2014-11-05,1235
3530,2014-11-05,1945
11628,2014-11-06,4126
6855,2014-11-06,2836
13317,2014-11-06,4562
984,2014-11-06,1275
9557,2014-11-06,3569
4932,2014-11-06,2325
7972,2014-11-06,3139
14658,2014-11-06,4913
10585,2014-11-06,3840
4533,2014-11-06,2218
10900,2014-11-06,3921
11907,2014-11-06,4196
11968,2014-11-06,4213
9440,2014-11-07,3539
9856,2014-11-07,3649
12887,2014-11-07,4445
431,2014-11-07,1118
5874,2014-11-07,2578
3910,2014-11-07,2048
6617,2014-11-07,2772
7895,2014-11-07,3118
9998,2014-11-07,3683
526,2014-11-07,1144
14671,2014-11-07,4916
12909,2014-11-07,4453
928,2014-11-07,1256
13964,2014-11-07,4723
2256,2014-11-07,1616
2678,2014-11-07,1734
9033,2014-11-07,3437
10842,2014-11-07,3909
3939,2014-11-07,2055
13481,2014-11-07,4606
4637,2014-11-07,2244
3434,2014-11-07,1922
10664,2014-11-07,3857
227,2014-11-07,1062
10382,2014-11-07,3783
7065,2014-11-07,2897
13884,2014-11-07,4704
14875,2014-11-07,4971
6924,2014-11-07,2855
4321,2014-11-07,2160
6386,2014-11-07,2713
7906,2014-11-08,3120
1240,2014-11-08,1341
5127,2014-11-08,2376
8763,2014-11-08,3356
1048,2014-11-08,1287
1798,2014-11-08,1491
14446,2014-11-08,4851
2813,2014-11-08,1767
9144,2014-11-08,3467
4224,2014-11-08,2133
3534,2014-11-08,1946
13054,2014-11-08,4494
10858,2014-11-08,3912
7123,2014-11-08,2912
3261,2014-11-08,1879
6980,2014-11-08,2869
4853,2014-11-08,2301
8072,2014-11-08,3166
14590,2014-11-08,4890
9026,2014-11-08,3435
9834,2014-11-08,3642
9483,2014-11-09,3549
8121,2014-11-09,3180
8679,2014-11-09,3329
5488,2014-11-09,2473
687,2014-11-09,1187
2165,2014-11-09,1595
13900,2014-11-09,4708
13420,2014-11-09,4589
8058,2014-11-09,3163
13658,2014-11-09,4653
1924,2014-11-09,1523
5167,2014-11-09,2389
9100,2014-11-09,3457
4638,2014-11-09,2244
9517,2014-11-09,3558
13993,2014-11-09,4733
5427,2014-11-09,2454
764,2014-11-09,1211
8371,2014-11-09,3248
5611,2014-11-10,2511
7751,2014-11-10,3082
11637,2014-11-10,4129
3461,2014-11-10,1929
3713,2014-11-10,1998
10967,2014-11-10,3941
1821,2014-11-10,1495
10441,2014-11-10,3799
4770,2014-11-10,2278
10799,2014-11-10,3898
10350,2014-11-10,3775
8096,2014-11-10,3174
5363,2014-11-10,2440
8657,2014-11-10,3324
11439,2014-11-10,4080
13924,2014-11-10,4715
5247,2014-11-10,2408
4298,2014-11-10,2154
6450,2014-11-10,2730
12878,2014-11-10,4443
11917,2014-11-10,4198
7194,2014-11-10,2932
13624,2014-11-10,4645
11220,2014-11-10,4015
11885,2014-11-10,4191
9222,2014-11-10,3485
14085,2014-11-10,4756
11208,2014-11-10,4012
110,2014-11-10,1028
5756,2014-11-10,2547
762,2014-11-11,1209
10476,2014-11-11,3809
2476,2014-11-11,1676
9718,2014-11-11,3606
4304,2014-11-11,2155
2532,2014-11-11,1692
14229,2014-11-11,4794
11081,2014-11-11,3971
5727,2014-11-11,2540
5800,2014-11-11,2556
11938,2014-11-11,4204
2979,2014-11-11,1805
5947,2014-11-11,2595
11785,2014-11-11,4165
7342,2014-11-11,2970
5008,2014-11-11,2345
7642,2014-11-11,3050
9053,2014-11-11,3442
5295,2014-11-11,2425
13788,2014-11-11,4683
3341,2014-11-11,1898
8511,2014-11-12,3287
9894,2014-11-12,3659
4153,2014-11-12,2111
12190,2014-11-12,4267
8318,2014-11-12,3232
7716,2014-11-12,3072
9522,2014-11-12,3559
53,2014-11-12,1013
10865,2014-11-12,3914
3999,2014-11-12,2069
6344,2014-11-12,2702
1138,2014-11-12,1312
14584,2014-11-12,4887
13467,2014-11-12,4601
3785,2014-11-12,2017
8037,2014-11-13,3156
2579,2014-11-13,1706
2997,2014-11-13,1811
4749,2014-11-13,2273
2208,2014-11-13,1605
6422,2014-11-13,2722
13018,2014-11-13,4485
10421,2014-11-13,3793
14646,2014-11-13,4908
8850,2014-11-13,3382
2838,2014-11-13,1772
7097,2014-11-13,2906
3819,2014-11-13,2025
8049,2014-11-13,3160
12651,2014-11-13,4380
1581,2014-11-13,1434
13180,2014-11-13,4525
10605,2014-11-13,3844
12700,2014-11-13,4394
7475,2014-11-13,3009
8852,2014-11-13,3383
2309,2014-11-13,1628
13213,2014-11-13,4532
8855,2014-11-13,3384
2631,2014-11-13,1722
13758,2014-11-13,4676
1417,2014-11-13,1389
12854,2014-11-13,4437
13663,2014-11-14,4655
8447,2014-11-14,3267
5820,2014-11-14,2562
2945,2014-11-14,1797
6909,2014-11-14,2851
470,2014-11-14,1129
6773,2014-11-14,2811
4575,2014-11-14,2230
3729,2014-11-14,2001
6251,2014-11-14,2679
14484,2014-11-14,4860
2621,2014-11-14,1719
521,2014-11-14,1143
11310,2014-11-14,4040
11181,2014-11-14,4003
7164,2014-11-14,2924
3536,2014-11-14,1946
12124,2014-11-14,4251
5041,2014-11-14,2353
7306,2014-11-14,2960
3822,2014-11-14,2026
11412,2014-11-14,4074
10552,2014-11-14,3830
14095,2014-11-15,4758
13083,2014-11-15,4500
6128,2014-11-15,2645
11461,2014-11-15,4086
11846,2014-11-15,4182
2941,2014-11-15,1796
12685,2014-11-15,4390
7522,2014-11-15,3021
3021,2014-11-15,1817
8574,2014-11-15,3304
803,2014-11-15,1221
5145,2014-11-15,2381
3464,2014-11-15,1929
10265,2014-11-15,3756
9871,2014-11-15,3652
6194,2014-11-15,2663
9964,2014-11-15,3675
2047,2014-11-15,1564
2364,2014-11-15,1646
298,2014-11-15,1083
11048,2014-11-15,3962
11150,2014-11-15,3992
9921,2014-11-15,3665
5325,2014-11-15,2432
668,2014-11-16,1182
7872,2014-11-16,3112
3570,2014-11-16,1955
801,2014-11-16,1220
8662,2014-11-16,3325
10846,2014-11-16,3909
8309,2014-11-16,3229
7244,2014-11-16,2945
6028,2014-11-16,2617
3302,2014-11-16,1889
544,2014-11-16,1147
14963,2014-11-16,5000
9056,2014-11-16,3442
9721,2014-11-16,3608
9584,2014-11-16,3575
12943,2014-11-16,4461
7702,2014-11-17,3067
6916,2014-11-17,2853
1638,2014-11-17,1450
7427,2014-11-17,2993
2268,2014-11-17,1618
1679,2014-11-17,1463
2334,2014-11-17,1635
3063,2014-11-17,1827
5198,2014-11-17,2395
14508,2014-11-17,4865
11928,2014-11-17,4201
12357,2014-11-17,4305
7514,2014-11-17,3018
11981,2014-11-17,4216
13473,2014-11-17,4603
11420,2014-11-17,4076
10081,2014-11-17,3706
2077,2014-11-17,1571
7157,2014-11-18,2921
5739,2014-11-18,2543
13526,2014-11-18,4618
522,2014-11-18,1143
1550,2014-11-18,1426
8702,2014-11-18,3338
10135,2014-11-18,3721
11421,2014-11-18,4076
7803,2014-11-18,3094
14897,2014-11-18,4979
13521,2014-11-18,4617
7267,2014-11-18,2950
10471,2014-11-18,3808
8099,2014-11-18,3175
8736,2014-11-18,3348
13495,2014-11-18,4610
807,2014-11-18,1223
9624,2014-11-18,3584
5509,2014-11-18,2479
9574,2014-11-19,3573
5162,2014-11-19,2388
4650,2014-11-19,2247
9818,2014-11-19,3636
9371,2014-11-19,3520
3214,2014-11-19,1867
8813,2014-11-19,3368
9218,2014-11-19,3484
13543,2014-11-19,4623
4196,2014-11-19,2127
5997,2014-11-19,2608
10260,2014-11-19,3755
7560,2014-11-19,3030
1416,2014-11-19,1388
11899,2014-11-19,4194
2237,2014-11-19,1612
2968,2014-11-19,1801
4335,2014-11-19,2164
640,2014-11-19,1174
2245,2014-11-19,1613
7250,2014-11-19,2946
14301,2014-11-20,4813
8461,2014-11-20,3271
14703,2014-11-20,4926
7552,2014-11-20,3028
14282,2014-11-20,4808
5438,2014-11-20,2458
6522,2014-11-20,2749
5992,2014-11-20,2607
11860,2014-11-20,4185
4280,2014-11-20,2148
3335,2014-11-20,1896
9289,2014-11-20,3500
13277,2014-11-20,4550
194,2014-11-20,1052
7057,2014-11-20,2892
8403,2014-11-20,3255
5005,2014-11-20,2344
2821,2014-11-20,1768
14825,2014-11-20,4956
2369,2014-11-20,1647
11854,2014-11-20,4183
1092,2014-11-20,1299
6539,2014-11-20,2754
12503,2014-11-20,4339
4804,2014-11-20,2289
3441,2014-11-20,1923
14371,2014-11-20,4830
13747,2014-11-21,4672
13796,2014-11-21,4684
14633,2014-11-21,4902
4440,2014-11-21,2192
12936,2014-11-21,4459
8730,2014-11-21,3347
6851,2014-11-21,2835
653,2014-11-21,1176
1649,2014-11-21,1453
3935,2014-11-21,2054
5840,2014-11-21,2568
2707,2014-11-21,1740
13376,2014-11-21,4576
3653,2014-11-21,1980
6690,2014-11-21,2791
1742,2014-11-21,1477
11258,2014-11-21,4024
12108,2014-11-21,4245
6654,2014-11-21,2782
8723,2014-11-21,3344
691,2014-11-21,1188
13116,2014-11-22,4508
8889,2014-11-22,3394
11259,2014-11-22,4024
6052,2014-11-22,2623
11160,2014-11-22,3997
4780,2014-11-22,2283
4150,2014-11-22,2110
1131,2014-11-22,1310
1099,2014-11-22,1302
6642,2014-11-22,2779
3744,2014-11-22,2005
3448,2014-11-22,1924
8056,2014-11-22,3161
13601,2014-11-22,4639
14413,2014-11-22,4840
11120,2014-11-22,3982
8540,2014-11-22,3294
480,2014-11-22,1132
13463,2014-11-22,4600
12536,2014-11-22,4349
10765,2014-11-22,3889
5021,2014-11-22,2348
9160,2014-11-22,3470
7791,2014-11-22,3090
393,2014-11-22,1109
13366,2014-11-22,4574
10362,2014-11-22,3778
369,2014-11-22,1103
12265,2014-11-22,4286
9796,2014-11-22,3629
2758,2014-11-23,1752
6257,2014-11-23,2680
8620,2014-11-23,3313
12904,2014-11-23,4451
7078,2014-11-23,2900
4295,2014-11-23,2152
6321,2014-11-23,2696
13567,2014-11-23,4629
834,2014-11-23,1231
5725,2014-11-23,2539
3331,2014-11-23,1895
4619,2014-11-23,2239
1124,2014-11-23,1308
1815,2014-11-23,1494
11233,2014-11-23,4018
892,2014-11-24,1244
7173,2014-11-24,2925
1442,2014-11-24,1395
6809,2014-11-24,2820
13926,2014-11-24,4715
12757,2014-11-24,4410
10511,2014-11-24,3817
4674,2014-11-24,2254
8823,2014-11-24,3370
14791,2014-11-24,4947
13808,2014-11-24,4686
2377,2014-11-24,1649
3914,2014-11-24,2048
14105,2014-11-24,4761
3195,2014-11-24,1863
13522,2014-11-24,4617
4684,2014-11-24,2256
2817,2014-11-24,1767
734,2014-11-24,1201
2923,2014-11-24,1792
9527,2014-11-25,3560
13046,2014-11-25,4492
10254,2014-11-25,3752
12214,2014-11-25,4272
4752,2014-11-25,2273
6544,2014-11-25,2755
699,2014-11-25,1190
14619,2014-11-25,4897
14226,2014-11-25,4793
893,2014-11-25,1244
11191,2014-11-25,4006
4774,2014-11-25,2279
13728,2014-11-25,4668
13005,2014-11-25,4479
4796,2014-11-25,2288
10446,2014-11-25,3800
11618,2014-11-25,4124
2409,2014-11-26,1654
7333,2014-11-26,2966
13989,2014-11-26,4730
12342,2014-11-26,4302
5563,2014-11-26,2496
347,2014-11-26,1097
2863,2014-11-26,1778
8483,2014-11-26,3279
12541,2014-11-26,4351
4996,2014-11-26,2342
3895,2014-11-26,2044
14267,2014-11-26,4804
5796,2014-11-26,2555
7811,2014-11-26,3095
7368,2014-11-26,2977
9175,2014-11-26,3474
6885,2014-11-26,2845
9079,2014-11-26,3450
7467,2014-11-26,3005
13716,2014-11-26,4666
11331,2014-11-26,4046
2847,2014-11-26,1774
4450,2014-11-26,2193
9528,2014-11-26,3560
2239,2014-11-26,1612
9358,2014-11-27,3517
11948,2014-11-27,4206
8976,2014-11-27,3418
3064,2014-11-27,1827
879,2014-11-27,1240
5347,2014-11-27,2436
5649,2014-11-27,2518
1980,2014-11-27,1540
2864,2014-11-27,1778
13107,2014-11-27,4505
14652,2014-11-27,4910
7158,2014-11-27,2921
2126,2014-11-27,1583
5818,2014-11-27,2561
1252,2014-11-27,1343
12035,2014-11-27,4226
7380,2014-11-27,2980
10733,2014-11-27,3878
4608,2014-11-27,2236
11154,2014-11-27,3996
1215,2014-11-27,1333
5061,2014-11-27,2357
11516,2014-11-27,4101
11371,2014-11-27,4062
6434,2014-11-27,2726
13821,2014-11-28,4689
1583,2014-11-28,1434
10300,2014-11-28,3762
2157,2014-11-28,1592
10866,2014-11-28,3914
7311,2014-11-28,2960
7837,2014-11-28,3102
12351,2014-11-28,4303
13443,2014-11-28,4594
9889,2014-11-28,3657
11455,2014-11-28,4084
5175,2014-11-28,2390
10357,2014-11-28,3776
3982,2014-11-28,2065
3404,2014-11-28,1914
13564,2014-11-28,4628
12487,2014-11-28,4336
14730,2014-11-28,4933
3051,2014-11-28,1824
9439,2014-11-28,3538
14072,2014-11-29,4751
5094,2014-11-29,2365
12976,2014-11-29,4469
13050,2014-11-29,4493
3848,2014-11-29,2033
8480,2014-11-29,3278
818,2014-11-29,1225
12185,2014-11-29,4266
5410,2014-11-29,2450
2108,2014-11-29,1578
12371,2014-11-29,4308
9611,2014-11-29,3582
8727,2014-11-29,3346
7967,2014-11-29,3137
9466,2014-11-29,3545
9827,2014-11-29,3639
4765,2014-11-29,2276
12841,2014-11-29,4434
2988,2014-11-29,1808
13117,2014-11-29,4508
1363,2014-11-29,1376
14593,2014-11-30,4890
14241,2014-11-30,4797
7286,2014-11-30,2955
1783,2014-11-30,1486
14198,2014-11-30,4786
14367,2014-11-30,4828
6435,2014-11-30,2726
8879,2014-11-30,3390
5469,2014-11-30,2467
3735,2014-11-30,2003
9389,2014-11-30,3524
13215,2014-11-30,4532
5010,2014-11-30,2345
10814,2014-11-30,3901
9309,2014-11-30,3505
13059,2014-11-30,4494
2098,2014-11-30,1574
5903,2014-11-30,2584
8955,2014-11-30,3411
2252,2014-11-30,1615
11246,2014-12-01,4020
3003,2014-12-01,1813
3595,2014-12-01,1964
7561,2014-12-01,3031
12907,2014-12-01,4453
6597,2014-12-01,2766
6214,2014-12-01,2668
9252,2014-12-01,3493
1342,2014-12-01,1369
14302,2014-12-01,4814
12802,2014-12-01,4426
10577,2014-12-01,3837
2720,2014-12-01,1743
14076,2014-12-01,4753
4629,2014-12-01,2242
5809,2014-12-01,2560
13507,2014-12-01,4614
4617,2014-12-01,2239
4129,2014-12-02,2105
6221,2014-12-02,2671
1516,2014-12-02,1418
11653,2014-12-02,4132
1661,2014-12-02,1457
7472,2014-12-02,3007
512,2014-12-02,1141
10940,2014-12-02,3933
8876,2014-12-02,3390
1778,2014-12-02,1486
11152,2014-12-02,3994
12657,2014-12-02,4383
3528,2014-12-02,1945
14675,2014-12-02,4917
11384,2014-12-02,4066
11414,2014-12-02,4075
2904,2014-12-02,1788
9280,2014-12-02,3499
1098,2014-12-02,1302
8230,2014-12-02,3208
7930,2014-12-02,3126
6070,2014-12-02,2628
4065,2014-12-02,2086
4494,2014-12-03,2207
1499,2014-12-03,1413
9778,2014-12-03,3622
786,2014-12-03,1217
11797,2014-12-03,4168
3924,2014-12-03,2051
5082,2014-12-03,2363
6328,2014-12-03,2699
3061,2014-12-03,1827
2616,2014-12-03,1718
1445,2014-12-03,1396
10073,2014-12-03,3704
13708,2014-12-03,4665
13991,2014-12-03,4732
12849,2014-12-03,4437
8282,2014-12-03,3222
12356,2014-12-03,4305
8953,2014-12-03,3411
1875,2014-12-03,1510
14499,2014-12-03,4864
7151,2014-12-03,2920
10737,2014-12-03,3879
7931,2014-12-03,3127
11560,2014-12-03,4110
11030,2014-12-03,3959
7945,2014-12-03,3131
9475,2014-12-03,3548
7023,2014-12-04,2880
13126,2014-12-04,4510
9107,2014-12-04,3459
14401,2014-12-04,4837
12830,2014-12-04,4432
486,2014-12-04,1134
8029,2014-12-04,3154
4119,2014-12-04,2102
14431,2014-12-04,4846
13621,2014-12-04,4645
8469,2014-12-04,3275
14013,2014-12-04,4739
3010,2014-12-04,1815
4221,2014-12-04,2133
1182,2014-12-04,1327
4756,2014-12-04,2274
6185,2014-12-05,2661
14389,2014-12-05,4835
958,2014-12-05,1265
6190,2014-12-05,2662
4794,2014-12-05,2288
10868,2014-12-05,3915
8846,2014-12-05,3381
2710,2014-12-05,1741
10986,2014-12-05,3947
320,2014-12-05,1089
13250,2014-12-05,4542
11556,2014-12-05,4109
12100,2014-12-05,4244
13841,2014-12-05,4694
189,2014-12-05,1052
7046,2014-12-05,2887
12982,2014-12-05,4471
14867,2014-12-06,4969
2393,2014-12-06,1652
5309,2014-12-06,2428
4277,2014-12-06,2148
5648,2014-12-06,2518
14093,2014-12-06,4758
2965,2014-12-06,1801
7558,2014-12-06,3030
8226,2014-12-06,3207
11330,2014-12-06,4046
2255,2014-12-06,1616
9482,2014-12-06,3549
12377,2014-12-06,4311
6270,2014-12-06,2685
3796,2014-12-06,2019
13592,2014-12-06,4637
5252,2014-12-06,2410
10886,2014-12-06,3918
9489,2014-12-06,3550
14637,2014-12-06,4904
5451,2014-12-06,2463
7135,2014-12-06,2916
9044,2014-12-06,3439
12844,2014-12-06,4435
3417,2014-12-06,1919
11791,2014-12-07,4166
1311,2014-12-07,1361
8870,2014-12-07,3389
3227,2014-12-07,1870
12634,2014-12-07,4376
12458,2014-12-07,4330
11727,2014-12-07,4152
6554,2014-12-07,2758
11874,2014-12-07,4190
1585,2014-12-07,1435
2290,2014-12-07,1623
4152,2014-12-07,2111
14663,2014-12-08,4915
1636,2014-12-08,1450
10859,2014-12-08,3912
1982,2014-12-08,1542
1685,2014-12-08,1465
13257,2014-12-08,4544
1971,2014-12-08,1537
7519,2014-12-08,3020
13594,2014-12-08,4637
3025,2014-12-08,1818
12882,2014-12-08,4444
3473,2014-12-08,1931
6777,2014-12-08,2812
4916,2014-12-08,2320
2606,2014-12-08,1715
1520,2014-12-08,1419
12082,2014-12-08,4239
12809,2014-12-08,4427
3344,2014-12-09,1899
10602,2014-12-09,3843
2522,2014-12-09,1689
10796,2014-12-09,3897
10222,2014-12-09,3745
752,2014-12-09,1207
432,2014-12-09,1118
2744,2014-12-09,1749
6275,2014-12-09,2686
6954,2014-12-09,2862
11193,2014-12-09,4007
453,2014-12-09,1125
12761,2014-12-09,4412
5337,2014-12-09,2434
9141,2014-12-09,3466
10082,2014-12-10,3707
2712,2014-12-10,1741
326,2014-12-10,1092
7886,2014-12-10,3116
2030,2014-12-10,1557
5931,2014-12-10,2591
8139,2014-12-10,3183
14020,2014-12-10,4741
516,2014-12-10,1142
14820,2014-12-10,4955
13748,2014-12-10,4673
79,2014-12-10,1019
1313,2014-12-10,1361
1452,2014-12-10,1399
4911,2014-12-10,2318
7838,2014-12-10,3103
10420,2014-12-10,3793
7908,2014-12-10,3120
8231,2014-12-10,3208
10531,2014-12-10,3823
8838,2014-12-10,3379
2493,2014-12-10,1680
10134,2014-12-10,3721
13925,2014-12-10,4715
200,2014-12-10,1053
14086,2014-12-10,4756
6085,2014-12-10,2632
303,2014-12-10,1086
10723,2014-12-10,3876
1368,2014-12-10,1378
10241,2014-12-10,3749
8399,2014-12-11,3254
8582,2014-12-11,3306
11945,2014-12-11,4206
3754,2014-12-11,2009
7531,2014-12-11,3023
333,2014-12-11,1094
12967,2014-12-11,4467
13628,2014-12-11,4646
1164,2014-12-11,1322
1366,2014-12-11,1377
12895,2014-12-11,4448
8153,2014-12-11,3186
12152,2014-12-11,4259
9521,2014-12-11,3559
10999,2014-12-11,3950
396,2014-12-11,1110
308,2014-12-11,1087
12898,2014-12-11,4449
9247,2014-12-11,3491
12442,2014-12-11,4325
951,2014-12-11,1264
1144,2014-12-11,1315
4776,2014-12-11,2280
8756,2014-12-11,3354
7180,2014-12-11,2927
5913,2014-12-11,2587
9541,2014-12-12,3563
7044,2014-12-12,2886
5631,2014-12-12,2515
12869,2014-12-12,4441
5258,2014-12-12,2412
557,2014-12-12,1151
7453,2014-12-12,3002
766,2014-12-12,1211
14331,2014-12-12,4821
2761,2014-12-12,1753
5477,2014-12-12,2470
3423,2014-12-12,1921
8,2014-12-12,1001
7185,2014-12-12,2928
4211,2014-12-12,2131
4240,2014-12-12,2138
5881,2014-12-12,2579
5793,2014-12-12,2555
7851,2014-12-12,3107
7028,2014-12-12,2882
6120,2014-12-12,2643
6933,2014-12-12,2857
14922,2014-12-13,4988
7517,2014-12-13,3019
11751,2014-12-13,4156
7313,2014-12-13,2961
7349,2014-12-13,2973
4867,2014-12-13,2306
1086,2014-12-13,1297
14904,2014-12-13,4983
5436,2014-12-13,2457
7672,2014-12-13,3059
1315,2014-12-13,1361
11047,2014-12-13,3962
5478,2014-12-13,2470
7686,2014-12-13,3063
767,2014-12-13,1211
9929,2014-12-13,3667
14881,2014-12-13,4972
7852,2014-12-13,3107
1269,2014-12-13,1349
7653,2014-12-13,3053
1139,2014-12-13,1312
9341,2014-12-13,3514
8270,2014-12-13,3220
3076,2014-12-13,1831
13625,2014-12-13,4645
6984,2014-12-14,2870
13647,2014-12-14,4650
13456,2014-12-14,4598
3941,2014-12-14,2055
4297,2014-12-14,2153
7128,2014-12-14,2913
6059,2014-12-14,2625
3232,2014-12-14,1871
8442,2014-12-14,3266
8822,2014-12-14,3370
1501,2014-12-14,1413
3355,2014-12-14,1902
6186,2014-12-14,2661
7573,2014-12-14,3034
1079,2014-12-14,1296
414,2014-12-14,1114
10524,2014-12-14,3821
1186,2014-12-14,1327
13916,2014-12-14,4712
10888,2014-12-14,3918
2926,2014-12-14,1793
7559,2014-12-14,3030
3398,2014-12-14,1913
14223,2014-12-14,4793
12570,2014-12-14,4360
8711,2014-12-15,3342
1118,2014-12-15,1307
620,2014-12-15,1169
13563,2014-12-15,4628
2952,2014-12-15,1798
8997,2014-12-15,3425
12308,2014-12-15,4296
10630,2014-12-15,3849
4376,2014-12-15,2173
7802,2014-12-15,3094
11676,2014-12-15,4137
2986,2014-12-15,1808
7924,2014-12-15,3123
7981,2014-12-15,3140
8561,2014-12-15,3299
2594,2014-12-15,1711
1300,2014-12-15,1358
9321,2014-12-15,3508
515,2014-12-15,1141
5075,2014-12-15,2361
6736,2014-12-15,2802
6787,2014-12-15,2814
12153,2014-12-16,4259
12101,2014-12-16,4244
3646,2014-12-16,1979
10746,2014-12-16,3881
9123,2014-12-16,3462
9681,2014-12-16,3596
8211,2014-12-16,3204
10974,2014-12-16,3942
11740,2014-12-16,4154
4500,2014-12-16,2209
5583,2014-12-16,2504
2959,2014-12-16,1799
888,2014-12-16,1242
9764,2014-12-16,3619
7820,2014-12-16,3099
311,2014-12-16,1087
14100,2014-12-16,4760
11401,2014-12-16,4071
6279,2014-12-16,2687
14145,2014-12-16,4773
8937,2014-12-16,3407
3114,2014-12-16,1841
4669,2014-12-16,2253
3334,2014-12-16,1896
6231,2014-12-16,2673
10179,2014-12-16,3734
13035,2014-12-16,4488
6252,2014-12-16,2679
8243,2014-12-16,3211
5729,2014-12-16,2540
2735,2014-12-17,1747
3912,2014-12-17,2048
9538,2014-12-17,3562
10100,2014-12-17,3713
169,2014-12-17,1047
2193,2014-12-17,1602
12303,2014-12-17,4294
4844,2014-12-17,2298
13611,2014-12-17,4642
13210,2014-12-17,4531
9510,2014-12-17,3556
13185,2014-12-17,4526
7301,2014-12-17,2958
14403,2014-12-17,4837
13824,2014-12-17,4690
4667,2014-12-17,2252
828,2014-12-17,1230
9945,2014-12-17,3670
7736,2014-12-17,3078
8409,2014-12-17,3256
4261,2014-12-17,2143
4090,2014-12-17,2092
13542,2014-12-18,4623
11345,2014-12-18,4051
11044,2014-12-18,3961
4730,2014-12-18,2270
9524,2014-12-18,3559
13011,2014-12-18,4482
12358,2014-12-18,4305
5658,2014-12-18,2520
14700,2014-12-18,4925
11222,2014-12-18,4015
6377,2014-12-18,2710
2815,2014-12-18,1767
4411,2014-12-18,2184
6416,2014-12-18,2719
11830,2014-12-18,4178
10271,2014-12-18,3757
359,2014-12-18,1100
2841,2014-12-18,1773
251,2014-12-18,1069
14202,2014-12-18,4787
11360,2014-12-18,4058
9491,2014-12-18,3550
4400,2014-12-18,2180
11198,2014-12-18,4008
14382,2014-12-18,4832
7242,2014-12-19,2944
13187,2014-12-19,4526
3777,2014-12-19,2014
1044,2014-12-19,1286
8784,2014-12-19,3361
10908,2014-12-19,3923
4217,2014-12-19,2132
4995,2014-12-19,2342
13477,2014-12-19,4604
11017,2014-12-19,3956
1426,2014-12-19,1391
3056,2014-12-19,1826
8809,2014-12-19,3366
5619,2014-12-19,2512
3885,2014-12-19,2042
9914,2014-12-19,3663
7826,2014-12-19,3100
7105,2014-12-19,2907
14139,2014-12-19,4772
3945,2014-12-19,2056
13293,2014-12-19,4555
13971,2014-12-19,4725
3377,2014-12-19,1908
8415,2014-12-19,3258
12205,2014-12-19,4271
8249,2014-12-19,3213
1295,2014-12-19,1356
2154,2014-12-19,1591
2335,2014-12-20,1635
2399,2014-12-20,1653
9659,2014-12-20,3592
4005,2014-12-20,2070
7010,2014-12-20,2876
13825,2014-12-20,4690
7503,2014-12-20,3014
12154,2014-12-20,4259
1805,2014-12-20,1492
3223,2014-12-20,1869
6276,2014-12-20,2686
5830,2014-12-20,2564
9268,2014-12-20,3496
6353,2014-12-20,2705
13077,2014-12-20,4499
6783,2014-12-20,2813
3089,2014-12-21,1834
9765,2014-12-21,3619
10769,2014-12-21,3890
472,2014-12-21,1129
11183,2014-12-21,4003
10581,2014-12-21,3838
11678,2014-12-21,4137
6283,2014-12-21,2688
7295,2014-12-21,2957
10335,2014-12-21,3771
2228,2014-12-21,1609
12989,2014-12-21,4473
14882,2014-12-21,4972
8572,2014-12-21,3303
11203,2014-12-21,4009
8241,2014-12-21,3210
1410,2014-12-21,1386
11730,2014-12-21,4152
5305,2014-12-22,2427
3850,2014-12-22,2034
10197,2014-12-22,3737
1279,2014-12-22,1353
11527,2014-12-22,4103
7533,2014-12-22,3024
4992,2014-12-22,2341
14934,2014-12-22,4991
1754,2014-12-22,1480
13855,2014-12-22,4695
8380,2014-12-22,3249
2862,2014-12-22,1778
1073,2014-12-22,1294
10224,2014-12-22,3745
2582,2014-12-22,1707
5843,2014-12-22,2568
10218,2014-12-22,3743
3031,2014-12-22,1819
14454,2014-12-23,4852
9814,2014-12-23,3635
11341,2014-12-23,4049
5702,2014-12-23,2533
14465,2014-12-23,4854
14035,2014-12-23,4744
4808,2014-12-23,2290
9864,2014-12-23,3650
2229,2014-12-23,1610
9181,2014-12-23,3475
10766,2014-12-23,3889
3790,2014-12-23,2017
6131,2014-12-23,2645
11213,2014-12-23,4013
9103,2014-12-23,3458
3684,2014-12-23,1991
7534,2014-12-23,3024
14372,2014-12-23,4830
1129,2014-12-23,1309
12672,2014-12-23,4387
2178,2014-12-23,1597
11575,2014-12-23,4113
9693,2014-12-23,3599
10528,2014-12-23,3822
5014,2014-12-23,2346
6322,2014-12-23,2696
14856,2014-12-23,4965
9088,2014-12-23,3452
8920,2014-12-24,3402
6659,2014-12-24,2784
12584,2014-12-24,4363
2301,2014-12-24,1625
8305,2014-12-24,3227
6931,2014-12-24,2856
1880,2014-12-24,1510
5775,2014-12-24,2550
6040,2014-12-24,2619
4097,2014-12-24,2093
2782,2014-12-24,1758
13343,2014-12-24,4569
1853,2014-12-24,1504
12316,2014-12-24,4297
12334,2014-12-24,4301
9098,2014-12-24,3456
1921,2014-12-24,1522
13441,2014-12-24,4594
10159,2014-12-24,3729
276,2014-12-24,1076
14522,2014-12-24,4868
9994,2014-12-24,3682
14462,2014-12-24,4853
8788,2014-12-24,3361
9221,2014-12-25,3484
8358,2014-12-25,3246
3685,2014-12-25,1991
362,2014-12-25,1101
12132,2014-12-25,4254
10294,2014-12-25,3761
4536,2014-12-25,2218
2238,2014-12-25,1612
2433,2014-12-25,1659
11902,2014-12-25,4194
5868,2014-12-25,2576
1491,2014-12-25,1410
12747,2014-12-25,4407
11832,2014-12-25,4178
13511,2014-12-25,4614
12128,2014-12-25,4252
9375,2014-12-25,3521
11426,2014-12-25,4077
8703,2014-12-25,3338
10496,2014-12-25,3813
7920,2014-12-25,3122
1859,2014-12-25,1506
11619,2014-12-25,4124
11984,2014-12-25,4216
241,2014-12-25,1065
11665,2014-12-26,4134
14575,2014-12-26,4883
14136,2014-12-26,4771
9416,2014-12-26,3531
3770,2014-12-26,2013
1530,2014-12-26,1421
2144,2014-12-26,1587
1916,2014-12-26,1521
6472,2014-12-26,2737
3948,2014-12-26,2056
7575,2014-12-26,3034
4428,2014-12-26,2187
13686,2014-12-26,4659
10690,2014-12-26,3864
5790,2014-12-26,2553
11299,2014-12-26,4037
187,2014-12-26,1051
8921,2014-12-26,3402
13245,2014-12-26,4540
562,2014-12-26,1152
4385,2014-12-26,2175
10679,2014-12-26,3862
3670,2014-12-26,1987
10985,2014-12-26,3946
7043,2014-12-26,2885
14692,2014-12-26,4923
1746,2014-12-26,1478
7878,2014-12-26,3113
1281,2014-12-27,1353
12711,2014-12-27,4397
5768,2014-12-27,2549
705,2014-12-27,1192
8626,2014-12-27,3315
13987,2014-12-27,4729
6559,2014-12-27,2758
7776,2014-12-27,3087
13679,2014-12-27,4657
10460,2014-12-27,3804
2401,2014-12-27,1653
14507,2014-12-27,4864
14601,2014-12-27,4892
9534,2014-12-27,3561
4927,2014-12-27,2323
7480,2014-12-27,3009
10646,2014-12-27,3854
5797,2014-12-27,2555
2132,2014-12-28,1584
449,2014-12-28,1123
3112,2014-12-28,1840
4955,2014-12-28,2331
8200,2014-12-28,3201
7567,2014-12-28,3032
7971,2014-12-28,3138
8360,2014-12-28,3246
1504,2014-12-28,1415
13631,2014-12-28,4646
10256,2014-12-28,3753
2670,2014-12-28,1731
363,2014-12-28,1101
7694,2014-12-28,3065
1238,2014-12-28,1340
9535,2014-12-28,3561
2156,2014-12-29,1591
5148,2014-12-29,2381
10512,2014-12-29,3817
3986,2014-12-29,2066
11332,2014-12-29,4046
8059,2014-12-29,3163
12098,2014-12-29,4243
1854,2014-12-29,1504
5714,2014-12-29,2535
6005,2014-12-29,2611
11894,2014-12-29,4193
4407,2014-12-29,2183
14256,2014-12-29,4800
8659,2014-12-29,3324
14852,2014-12-29,4963
904,2014-12-29,1246
643,2014-12-29,1174
5049,2014-12-29,2355
12962,2014-12-29,4465
7271,2014-12-30,2951
7591,2014-12-30,3038
10692,2014-12-30,3864
11881,2014-12-30,4190
14838,2014-12-30,4959
4508,2014-12-30,2210
10850,2014-12-30,3910
8425,2014-12-30,3260
13108,2014-12-30,4505
12200,2014-12-30,4269
14569,2014-12-30,4881
14262,2014-12-30,4803
11062,2014-12-30,3965
10198,2014-12-30,3737
282,2014-12-30,1077
10665,2014-12-30,3857
14858,2014-12-30,4966
94,2014-12-30,1023
4141,2014-12-30,2107
6665,2014-12-30,2785
6906,2015-01-01,2851
10246,2015-01-01,3751
7539,2015-01-01,3026
12858,2015-01-01,4439
1532,2015-01-01,1422
798,2015-01-01,1220
13514,2015-01-01,4616
852,2015-01-01,1235
4509,2015-01-01,2211
6601,2015-01-01,2768
13228,2015-01-01,4537
2949,2015-01-01,1798
11529,2015-01-01,4104
8337,2015-01-01,3240
6110,2015-01-01,2641
4194,2015-01-01,2127
11709,2015-01-02,4147
9368,2015-01-02,3520
14725,2015-01-02,4933
3923,2015-01-02,2051
10257,2015-01-02,3754
749,2015-01-02,1206
7690,2015-01-02,3064
7770,2015-01-02,3086
9329,2015-01-02,3510
5154,2015-01-02,2384
4732,2015-01-02,2271
5149,2015-01-02,2383
9989,2015-01-02,3682
5177,2015-01-03,2391
6026,2015-01-03,2617
493,2015-01-03,1136
13200,2015-01-03,4529
6254,2015-01-03,2680
10977,2015-01-03,3944
10522,2015-01-03,3821
14513,2015-01-03,4867
5856,2015-01-03,2573
7365,2015-01-03,2977
14121,2015-01-03,4766
5156,2015-01-03,2386
379,2015-01-03,1107
2506,2015-01-03,1684
1995,2015-01-03,1546
8627,2015-01-03,3316
8112,2015-01-03,3178
11277,2015-01-03,4031
3098,2015-01-03,1837
14470,2015-01-03,4856
7737,2015-01-04,3079
9039,2015-01-04,3438
13464,2015-01-04,4601
7035,2015-01-04,2884
3688,2015-01-04,1992
11754,2015-01-04,4157
2742,2015-01-04,1749
3791,2015-01-04,2018
673,2015-01-04,1183
9911,2015-01-04,3663
372,2015-01-04,1104
167,2015-01-04,1047
7277,2015-01-04,2953
10298,2015-01-04,3762
9010,2015-01-04,3429
60,2015-01-04,1014
12010,2015-01-04,4221
2099,2015-01-04,1575
12916,2015-01-04,4455
10426,2015-01-04,3794
5432,2015-01-04,2455
5780,2015-01-05,2552
7001,2015-01-05,2874
12437,2015-01-05,4324
5571,2015-01-05,2500
5593,2015-01-05,2507
6167,2015-01-05,2655
13489,2015-01-05,4608
7396,2015-01-05,2985
13588,2015-01-05,4636
7730,2015-01-05,3077
11415,2015-01-05,4075
4862,2015-01-05,2305
12476,2015-01-05,4335
7609,2015-01-05,3043
1968,2015-01-05,1536
8030,2015-01-05,3154
13849,2015-01-05,4695
4757,2015-01-05,2274
7610,2015-01-05,3044
2882,2015-01-05,1783
4264,2015-01-05,2144
11362,2015-01-05,4059
10857,2015-01-06,3912
13052,2015-01-06,4494
3918,2015-01-06,2049
8829,2015-01-06,3375
12893,2015-01-06,4448
12735,2015-01-06,4405
7405,2015-01-06,2989
10011,2015-01-06,3686
6833,2015-01-06,2831
1837,2015-01-06,1500
8914,2015-01-06,3402
89,2015-01-06,1023
5825,2015-01-06,2563
10569,2015-01-06,3835
5034,2015-01-06,2351
6443,2015-01-06,2729
4557,2015-01-06,2226
9634,2015-01-06,3587
8804,2015-01-06,3365
11589,2015-01-06,4117
14918,2015-01-07,4987
4443,2015-01-07,2193
14653,2015-01-07,4911
6317,2015-01-07,2695
4541,2015-01-07,2220
3521,2015-01-07,1943
6565,2015-01-07,2760
11713,2015-01-07,4148
2134,2015-01-07,1585
11718,2015-01-07,4149
13256,2015-01-07,4544
1245,2015-01-07,1342
330,2015-01-07,1094
4116,2015-01-07,2101
8793,2015-01-07,3363
5138,2015-01-07,2380
6626,2015-01-07,2775
12416,2015-01-07,4320
8628,2015-01-07,3316
4718,2015-01-07,2267
1096,2015-01-07,1301
10864,2015-01-08,3914
5449,2015-01-08,2462
9690,2015-01-08,3599
5699,2015-01-08,2532
14346,2015-01-08,4825
3736,2015-01-08,2004
7050,2015-01-08,2888
6784,2015-01-08,2814
5206,2015-01-08,2398
6393,2015-01-08,2715
5304,2015-01-08,2427
8402,2015-01-08,3255
7434,2015-01-08,2996
12302,2015-01-08,4294
13826,2015-01-08,4691
3347,2015-01-08,1900
1113,2015-01-08,1306
11806,2015-01-08,4170
4546,2015-01-08,2222
1662,2015-01-09,1457
1820,2015-01-09,1495
13862,2015-01-09,4697
11507,2015-01-09,4098
1163,2015-01-09,1322
4454,2015-01-09,2194
14599,2015-01-09,4892
7206,2015-01-09,2935
9647,2015-01-09,3590
13384,2015-01-09,4579
14597,2015-01-09,4891
3075,2015-01-09,1831
14089,2015-01-09,4757
6974,2015-01-09,2868
14799,2015-01-09,4951
3584,2015-01-09,1960
6014,2015-01-09,2613
704,2015-01-09,1192
7622,2015-01-09,3046
690,2015-01-09,1188
14901,2015-01-10,4981
1154,2015-01-10,1319
13297,2015-01-10,4556
3254,2015-01-10,1878
14572,2015-01-10,4883
3385,2015-01-10,1909
11006,2015-01-10,3953
1554,2015-01-10,1427
11390,2015-01-10,4068
157,2015-01-10,1043
778,2015-01-10,1214
3615,2015-01-10,1968
11219,2015-01-10,4015
8697,2015-01-10,3337
7400,2015-01-11,2986
7587,2015-01-11,3038
6651,2015-01-11,2781
8067,2015-01-11,3165
14316,2015-01-11,4818
14026,2015-01-11,4742
6269,2015-01-11,2684
13145,2015-01-11,4515
3320,2015-01-11,1893
12401,2015-01-11,4316
14293,2015-01-11,4811
3147,2015-01-11,1850
4456,2015-01-11,2194
12052,2015-01-11,4231
6573,2015-01-11,2761
4775,2015-01-11,2280
4763,2015-01-11,2276
6286,2015-01-11,2689
11997,2015-01-11,4218
10726,2015-01-11,3877
9794,2015-01-11,3629
11066,2015-01-11,3966
10767,2015-01-11,3890
1892,2015-01-11,1514
11289,2015-01-12,4035
10343,2015-01-12,3774
5472,2015-01-12,2469
5668,2015-01-12,2523
3637,2015-01-12,1977
8764,2015-01-12,3356
8633,2015-01-12,3318
2458,2015-01-12,1667
4807,2015-01-12,2290
4709,2015-01-12,2264
14090,2015-01-12,4757
5378,2015-01-12,2443
3806,2015-01-12,2021
13721,2015-01-12,4667
8835,2015-01-13,3378
8366,2015-01-13,3247
1651,2015-01-13,1454
4506,2015-01-13,2210
4964,2015-01-13,2335
10334,2015-01-13,3770
9283,2015-01-13,3499
8275,2015-01-13,3221
1672,2015-01-13,1460
5144,2015-01-13,2381
13811,2015-01-13,4687
10277,2015-01-13,3758
3011,2015-01-13,1815
12418,2015-01-13,4320
5508,2015-01-13,2479
11468,2015-01-13,4088
12789,2015-01-13,4418
8435,2015-01-13,3264
3522,2015-01-14,1943
2012,2015-01-14,1551
1586,2015-01-14,1435
8251,2015-01-14,3214
463,2015-01-14,1127
5681,2015-01-14,2525
7910,2015-01-14,3120
11278,2015-01-14,4031
1062,2015-01-14,1291
9162,2015-01-14,3471
12812,2015-01-14,4427
8311,2015-01-14,3230
1525,2015-01-14,1420
5107,2015-01-14,2370
8757,2015-01-14,3354
13676,2015-01-14,4657
8374,2015-01-14,3248
2568,2015-01-14,1702
439,2015-01-14,1120
547,2015-01-14,1148
318,2015-01-14,1088
1965,2015-01-14,1535
1440,2015-01-15,1395
14768,2015-01-15,4941
4587,2015-01-15,2232
13759,2015-01-15,4676
9134,2015-01-15,3465
12753,2015-01-15,4409
475,2015-01-15,1130
1319,2015-01-15,1363
634,2015-01-15,1171
8074,2015-01-15,3166
14155,2015-01-15,4778
13789,2015-01-15,4683
9207,2015-01-15,3483
11852,2015-01-15,4183
5219,2015-01-15,2401
10966,2015-01-16,3940
11859,2015-01-16,4185
7607,2015-01-16,3042
9859,2015-01-16,3649
9603,2015-01-16,3581
12539,2015-01-16,4351
12552,2015-01-16,4354
14573,2015-01-16,4883
10327,2015-01-16,3768
8946,2015-01-16,3410
1220,2015-01-16,1335
3074,2015-01-16,1830
530,2015-01-16,1144
4912,2015-01-16,2318
6086,2015-01-16,2632
1464,2015-01-16,1404
719,2015-01-16,1197
2331,2015-01-16,1634
13756,2015-01-16,4675
12125,2015-01-17,4251
14354,2015-01-17,4826
6227,2015-01-17,2672
8088,2015-01-17,3170
9940,2015-01-17,3669
8218,2015-01-17,3205
12590,2015-01-17,4364
8610,2015-01-17,3310
10431,2015-01-17,3795
11602,2015-01-17,4120
7830,2015-01-17,3101
5485,2015-01-17,2472
14349,2015-01-17,4825
7047,2015-01-17,2887
4738,2015-01-17,2271
7721,2015-01-17,3073
8107,2015-01-17,3176
1758,2015-01-17,1481
13252,2015-01-18,4542
8903,2015-01-18,3398
4779,2015-01-18,2283
10495,2015-01-18,3813
8448,2015-01-18,3267
7515,2015-01-18,3018
2292,2015-01-18,1623
11449,2015-01-18,4082
3321,2015-01-18,1893
9288,2015-01-18,3500
1560,2015-01-18,1428
779,2015-01-18,1215
9428,2015-01-18,3535
6403,2015-01-18,2716
5097,2015-01-18,2366
13266,2015-01-18,4547
6745,2015-01-18,2804
6268,2015-01-18,2683
14326,2015-01-18,4820
4767,2015-01-18,2277
14472,2015-01-18,4856
13186,2015-01-18,4526
3501,2015-01-19,1937
5618,2015-01-19,2512
13994,2015-01-19,4733
4519,2015-01-19,2214
1159,2015-01-19,1320
4602,2015-01-19,2235
961,2015-01-19,1265
9682,2015-01-19,3596
2146,2015-01-19,1588
351,2015-01-19,1098
11809,2015-01-19,4170
7732,2015-01-19,3077
2258,2015-01-19,1616
8290,2015-01-19,3224
508,2015-01-19,1139
11305,2015-01-19,4039
1952,2015-01-19,1531
5688,2015-01-20,2527
3611,2015-01-20,1967
1804,2015-01-20,1492
10,2015-01-20,1001
5315,2015-01-20,2430
4603,2015-01-20,2235
14034,2015-01-20,4744
10437,2015-01-20,3797
7052,2015-01-20,2889
12686,2015-01-20,4390
6263,2015-01-20,2682
5744,2015-01-20,2544
4029,2015-01-20,2075
9585,2015-01-20,3575
11131,2015-01-20,3985
2088,2015-01-21,1573
7832,2015-01-21,3101
292,2015-01-21,1081
7997,2015-01-21,3143
1278,2015-01-21,1353
2811,2015-01-21,1766
6985,2015-01-21,2870
10873,2015-01-21,3915
8604,2015-01-21,3309
11011,2015-01-21,3954
14944,2015-01-21,4993
4130,2015-01-21,2105
11321,2015-01-21,4043
7713,2015-01-21,3071
12448,2015-01-21,4326
13259,2015-01-21,4544
3403,2015-01-21,1914
4269,2015-01-21,2145
6078,2015-01-21,2630
841,2015-01-21,1232
9124,2015-01-21,3462
11071,2015-01-21,3967
8197,2015-01-21,3201
8839,2015-01-21,3379
5212,2015-01-21,2399
11254,2015-01-21,4023
5396,2015-01-21,2447
2798,2015-01-21,1762
12785,2015-01-21,4417
7769,2015-01-21,3085
7456,2015-01-21,3002
13475,2015-01-21,4603
4672,2015-01-21,2254
670,2015-01-21,1182
6336,2015-01-22,2700
10258,2015-01-22,3754
13033,2015-01-22,4487
7457,2015-01-22,3002
11831,2015-01-22,4178
11659,2015-01-22,4133
10716,2015-01-22,3872
10065,2015-01-22,3701
3980,2015-01-22,2065
1350,2015-01-22,1371
13498,2015-01-22,4610
4049,2015-01-22,2081
3007,2015-01-22,1814
4653,2015-01-22,2249
7196,2015-01-22,2932
2043,2015-01-22,1562
12218,2015-01-22,4273
10423,2015-01-22,3793
9886,2015-01-22,3657
7004,2015-01-22,2874
13232,2015-01-22,4537
10074,2015-01-22,3704
10702,2015-01-22,3868
419,2015-01-22,1115
8051,2015-01-22,3160
1236,2015-01-23,1340
12771,2015-01-23,4414
5949,2015-01-23,2595
2695,2015-01-23,1737
3411,2015-01-23,1917
10210,2015-01-23,3741
2788,2015-01-23,1760
7647,2015-01-23,3051
6587,2015-01-23,2764
4414,2015-01-23,2184
2162,2015-01-23,1594
11165,2015-01-23,3998
10414,2015-01-23,3791
4025,2015-01-23,2074
12221,2015-01-23,4274
8502,2015-01-23,3284
233,2015-01-23,1063
9110,2015-01-23,3459
13067,2015-01-23,4496
874,2015-01-24,1239
12309,2015-01-24,4296
14032,2015-01-24,4743
6326,2015-01-24,2698
1172,2015-01-24,1324
9869,2015-01-24,3651
9444,2015-01-24,3539
7541,2015-01-24,3026
590,2015-01-24,1160
10069,2015-01-24,3703
9586,2015-01-24,3575
8353,2015-01-24,3245
4673,2015-01-24,2254
8731,2015-01-24,3347
8198,2015-01-24,3201
14959,2015-01-24,4999
12370,2015-01-24,4308
13763,2015-01-24,4677
14156,2015-01-24,4778
2663,2015-01-24,1730
14857,2015-01-25,4966
13361,2015-01-25,4573
4123,2015-01-25,2102
8796,2015-01-25,3363
14673,2015-01-25,4916
9419,2015-01-25,3532
3176,2015-01-25,1858
2251,2015-01-25,1615
9435,2015-01-25,3537
13846,2015-01-25,4694
8237,2015-01-25,3209
3360,2015-01-25,1903
9170,2015-01-25,3473
10786,2015-01-25,3894
6413,2015-01-25,2718
14355,2015-01-25,4826
4103,2015-01-25,2096
13617,2015-01-25,4643
5876,2015-01-25,2578
14176,2015-01-25,4781
4232,2015-01-25,2135
3537,2015-01-25,1946
8573,2015-01-25,3303
3340,2015-01-25,1897
12499,2015-01-25,4338
10173,2015-01-26,3732
2131,2015-01-26,1584
641,2015-01-26,1174
7718,2015-01-26,3072
4181,2015-01-26,2120
2975,2015-01-26,1804
8329,2015-01-26,3236
8307,2015-01-26,3228
8873,2015-01-26,3389
11812,2015-01-26,4171
12508,2015-01-26,4340
8956,2015-01-26,3412
11748,2015-01-26,4155
5871,2015-01-26,2577
9018,2015-01-26,3430
11056,2015-01-26,3963
5991,2015-01-26,2606
9830,2015-01-26,3640
1632,2015-01-26,1449
14582,2015-01-26,4886
5986,2015-01-26,2604
4923,2015-01-26,2321
11511,2015-01-27,4099
6524,2015-01-27,2749
13674,2015-01-27,4656
1640,2015-01-27,1451
14678,2015-01-27,4918
6600,2015-01-27,2767
6505,2015-01-27,2745
6874,2015-01-27,2840
7302,2015-01-27,2958
12775,2015-01-27,4415
1455,2015-01-27,1401
5960,2015-01-27,2599
7067,2015-01-27,2897
10457,2015-01-27,3803
10909,2015-01-27,3923
14359,2015-01-27,4827
831,2015-01-27,1230
14188,2015-01-27,4783
5017,2015-01-27,2347
7346,2015-01-27,2971
4114,2015-01-27,2100
14280,2015-01-27,4807
8759,2015-01-27,3354
12576,2015-01-27,4361
835,2015-01-27,1231
9887,2015-01-27,3657
524,2015-01-27,1143
14917,2015-01-28,4986
1077,2015-01-28,1295
8505,2015-01-28,3284
4345,2015-01-28,2165
11095,2015-01-28,3973
5644,2015-01-28,2517
11346,2015-01-28,4051
12526,2015-01-28,4345
3732,2015-01-28,2001
7362,2015-01-28,2975
9366,2015-01-28,3519
6685,2015-01-28,2789
531,2015-01-28,1144
4641,2015-01-28,2244
5966,2015-01-28,2600
13920,2015-01-28,4713
1903,2015-01-28,1516
7126,2015-01-28,2912
11123,2015-01-28,3982
14356,2015-01-28,4826
4646,2015-01-28,2245
8557,2015-01-28,3298
10616,2015-01-28,3846
9148,2015-01-28,3467
1049,2015-01-28,1287
427,2015-01-29,1116
272,2015-01-29,1075
11408,2015-01-29,4073
9229,2015-01-29,3486
11941,2015-01-29,4205
12426,2015-01-29,4321
12606,2015-01-29,4368
12028,2015-01-29,4224
11820,2015-01-29,4175
5745,2015-01-29,2544
3235,2015-01-29,1872
14774,2015-01-29,4942
6141,2015-01-29,2648
6769,2015-01-29,2810
1806,2015-01-29,1492
3416,2015-01-30,1918
7525,2015-01-30,3021
7408,2015-01-30,2989
5159,2015-01-30,2386
7740,2015-01-30,3079
11517,2015-01-30,4101
10826,2015-01-30,3904
13279,2015-01-30,4550
4722,2015-01-30,2267
5626,2015-01-30,2513
9710,2015-01-30,3603
8185,2015-01-30,3195
13635,2015-01-30,4647
4748,2015-01-31,2272
8176,2015-01-31,3193
5053,2015-01-31,2356
3574,2015-01-31,1957
9852,2015-01-31,3646
5622,2015-01-31,2512
8961,2015-01-31,3413
725,2015-01-31,1198
450,2015-01-31,1123
9646,2015-01-31,3589
5038,2015-01-31,2352
14406,2015-01-31,4838
2160,2015-01-31,1593
8257,2015-01-31,3215
9292,2015-01-31,3500
12813,2015-01-31,4427
7869,2015-01-31,3111
10103,2015-01-31,3713
8687,2015-01-31,3332
979,2015-01-31,1273
5835,2015-01-31,2566
6427,2015-01-31,2723
2133,2015-01-31,1584
8047,2015-01-31,3159
4573,2015-01-31,2229
13604,2015-01-31,4640
4636,2015-01-31,2243
7585,2015-02-01,3037
6582,2015-02-01,2763
12737,2015-02-01,4406
8803,2015-02-01,3365
5785,2015-02-01,2553
7240,2015-02-01,2944
7233,2015-02-01,2942
6006,2015-02-01,2612
13726,2015-02-01,4668
6661,2015-02-01,2785
12607,2015-02-01,4369
10794,2015-02-01,3897
1970,2015-02-01,1537
9092,2015-02-01,3455
12352,2015-02-01,4304
14914,2015-02-01,4986
601,2015-02-01,1164
10590,2015-02-01,3841
9259,2015-02-01,3495
8696,2015-02-01,3337
8510,2015-02-02,3287
5050,2015-02-02,2356
1192,2015-02-02,1329
8646,2015-02-02,3322
6726,2015-02-02,2800
3466,2015-02-02,1930
9253,2015-02-02,3493
9032,2015-02-02,3437
6515,2015-02-02,2747
9512,2015-02-02,3557
6168,2015-02-02,2656
7179,2015-02-03,2927
8820,2015-02-03,3370
8077,2015-02-03,3167
14588,2015-02-03,4889
9702,2015-02-03,3601
4605,2015-02-03,2236
14434,2015-02-03,4847
3287,2015-02-03,1887
11129,2015-02-03,3984
14514,2015-02-03,4867
8863,2015-02-03,3386
5601,2015-02-03,2509
10267,2015-02-03,3757
974,2015-02-03,1270
10374,2015-02-03,3782
8161,2015-02-03,3189
6922,2015-02-03,2855
2891,2015-02-03,1785
6474,2015-02-03,2738
6528,2015-02-03,2751
2247,2015-02-03,1614
3159,2015-02-03,1853
6013,2015-02-03,2613
3487,2015-02-03,1934
1684,2015-02-03,1465
12452,2015-02-04,4328
2293,2015-02-04,1624
10268,2015-02-04,3757
5464,2015-02-04,2467
4727,2015-02-04,2270
5104,2015-02-04,2370
3937,2015-02-04,2055
4386,2015-02-04,2176
436,2015-02-04,1119
2542,2015-02-04,1695
2985,2015-02-04,1808
4019,2015-02-04,2073
14284,2015-02-04,4809
11988,2015-02-05,4217
11238,2015-02-05,4019
3809,2015-02-05,2022
2175,2015-02-05,1597
3529,2015-02-05,1945
10027,2015-02-05,3691
7327,2015-02-05,2964
11732,2015-02-05,4153
11537,2015-02-05,4105
4685,2015-02-05,2257
8963,2015-02-05,3414
7635,2015-02-05,3049
6298,2015-02-05,2691
2318,2015-02-05,1631
2916,2015-02-05,1790
11546,2015-02-05,4107
7900,2015-02-05,3119
7915,2015-02-05,3122
1304,2015-02-05,1360
8104,2015-02-05,3176
2307,2015-02-05,1628
9783,2015-02-05,3623
2467,2015-02-05,1672
14879,2015-02-06,4972
11167,2015-02-06,3999
6541,2015-02-06,2755
14524,2015-02-06,4869
1365,2015-02-06,1377
13842,2015-02-06,4694
5214,2015-02-06,2400
1373,2015-02-06,1379
8120,2015-02-06,3180
10818,2015-02-06,3903
296,2015-02-06,1083
6681,2015-02-06,2789
13975,2015-02-06,4726
9165,2015-02-06,3472
11561,2015-02-06,4110
7334,2015-02-06,2967
6553,2015-02-06,2758
11506,2015-02-06,4098
11913,2015-02-06,4197
2446,2015-02-07,1663
11897,2015-02-07,4194
9318,2015-02-07,3508
1178,2015-02-07,1326
8969,2015-02-07,3416
13308,2015-02-07,4559
775,2015-02-07,1213
5040,2015-02-07,2353
10911,2015-02-07,3924
3769,2015-02-07,2013
1564,2015-02-07,1429
7264,2015-02-07,2950
10713,2015-02-07,3872
635,2015-02-07,1173
3432,2015-02-07,1922
5576,2015-02-07,2502
3813,2015-02-07,2023
8550,2015-02-08,3297
12323,2015-02-08,4299
13870,2015-02-08,4699
1737,2015-02-08,1477
6918,2015-02-08,2854
8958,2015-02-08,3413
12933,2015-02-08,4459
5977,2015-02-08,2602
10249,2015-02-08,3752
11557,2015-02-08,4109
14151,2015-02-08,4776
14946,2015-02-08,4994
10474,2015-02-08,3809
2745,2015-02-08,1750
10444,2015-02-08,3800
12202,2015-02-08,4270
5579,2015-02-08,2503
11705,2015-02-09,4146
4074,2015-02-09,2088
800,2015-02-09,1220
7646,2015-02-09,3051
1276,2015-02-09,1353
5489,2015-02-09,2474
2329,2015-02-09,1634
14247,2015-02-09,4799
10893,2015-02-09,3919
4610,2015-02-09,2237
11714,2015-02-09,4148
160,2015-02-09,1044
10843,2015-02-09,3909
3301,2015-02-09,1889
8095,2015-02-09,3174
1137,2015-02-09,1312
1567,2015-02-09,1430
3419,2015-02-09,1920
14941,2015-02-09,4993
9154,2015-02-09,3469
4439,2015-02-10,2192
13863,2015-02-10,4697
3122,2015-02-10,1844
9938,2015-02-10,3669
11784,2015-02-10,4165
4364,2015-02-10,2170
11010,2015-02-10,3954
3240,2015-02-10,1874
13003,2015-02-10,4479
14962,2015-02-10,5000
10963,2015-02-10,3939
3997,2015-02-10,2069
10396,2015-02-10,3786
13996,2015-02-10,4734
11375,2015-02-10,4064
4233,2015-02-10,2136
2260,2015-02-10,1617
10041,2015-02-10,3694
2898,2015-02-10,1786
12668,2015-02-10,4387
14337,2015-02-10,4822
15,2015-02-10,1003
7462,2015-02-10,3004
3679,2015-02-10,1991
7679,2015-02-10,3061
5232,2015-02-10,2404
7443,2015-02-10,2997
14074,2015-02-11,4752
2304,2015-02-11,1627
8194,2015-02-11,3200
612,2015-02-11,1168
7184,2015-02-11,2928
6772,2015-02-11,2811
8647,2015-02-11,3322
3194,2015-02-11,1863
639,2015-02-11,1174
1018,2015-02-11,1281
4201,2015-02-11,2128
3620,2015-02-11,1969
1715,2015-02-11,1472
13897,2015-02-11,4707
7980,2015-02-11,3140
6939,2015-02-11,2859
3129,2015-02-11,1845
1779,2015-02-11,1486
13071,2015-02-11,4498
12189,2015-02-11,4267
12083,2015-02-11,4239
6871,2015-02-12,2840
3962,2015-02-12,2061
13968,2015-02-12,4724
13435,2015-02-12,4593
11596,2015-02-12,4119
13946,2015-02-12,4720
6358,2015-02-12,2706
9485,2015-02-12,3549
5669,2015-02-12,2523
5983,2015-02-12,2604
14304,2015-02-12,4814
5210,2015-02-12,2399
5140,2015-02-12,2380
13461,2015-02-12,4600
2285,2015-02-12,1622
1132,2015-02-12,1311
5624,2015-02-12,2513
10029,2015-02-12,3691
10014,2015-02-12,3687
2092,2015-02-12,1574
8259,2015-02-12,3216
5921,2015-02-12,2589
1745,2015-02-12,1478
4260,2015-02-12,2143
10532,2015-02-12,3824
154,2015-02-12,1042
14587,2015-02-13,4888
3208,2015-02-13,1866
9578,2015-02-13,3574
6583,2015-02-13,2763
3569,2015-02-13,1955
11406,2015-02-13,4073
8412,2015-02-13,3257
12941,2015-02-13,4461
13746,2015-02-13,4672
9731,2015-02-13,3611
5905,2015-02-13,2585
14684,2015-02-13,4922
5952,2015-02-13,2597
10981,2015-02-13,3946
9391,2015-02-14,3525
3440,2015-02-14,1923
14630,2015-02-14,4901
14767,2015-02-14,4941
5227,2015-02-14,2403
1435,2015-02-14,1394
5001,2015-02-14,2344
4424,2015-02-14,2186
3236,2015-02-14,1873
3138,2015-02-14,1847
4121,2015-02-14,2102
3846,2015-02-14,2033
7554,2015-02-14,3029
3514,2015-02-14,1940
12353,2015-02-14,4304
9111,2015-02-14,3460
11567,2015-02-14,4112
3786,2015-02-14,2017
14743,2015-02-14,4937
13515,2015-02-14,4616
6093,2015-02-14,2633
2418,2015-02-14,1656
7789,2015-02-14,3090
12998,2015-02-15,4477
7003,2015-02-15,2874
9064,2015-02-15,3445
8883,2015-02-15,3393
5895,2015-02-15,2583
2571,2015-02-15,1703
8422,2015-02-15,3259
10003,2015-02-15,3684
10853,2015-02-15,3911
5272,2015-02-15,2416
4953,2015-02-15,2331
2729,2015-02-15,1746
6550,2015-02-15,2757
11022,2015-02-15,3957
2681,2015-02-15,1734
6077,2015-02-15,2630
14064,2015-02-15,4749
14476,2015-02-15,4858
2850,2015-02-15,1776
8391,2015-02-15,3252
13983,2015-02-15,4728
3211,2015-02-15,1866
10774,2015-02-16,3891
9927,2015-02-16,3666
9880,2015-02-16,3655
7780,2015-02-16,3089
12163,2015-02-16,4261
5728,2015-02-16,2540
10344,2015-02-16,3774
8860,2015-02-16,3385
8841,2015-02-16,3380
610,2015-02-16,1167
7419,2015-02-16,2991
3616,2015-02-16,1968
3420,2015-02-16,1920
9121,2015-02-16,3462
10403,2015-02-16,3788
14785,2015-02-17,4946
5188,2015-02-17,2394
1481,2015-02-17,1409
7034,2015-02-17,2883
6370,2015-02-17,2708
7974,2015-02-17,3139
9552,2015-02-17,3567
7657,2015-02-17,3054
6487,2015-02-17,2741
13634,2015-02-17,4647
4560,2015-02-17,2226
5345,2015-02-17,2436
6913,2015-02-17,2851
5528,2015-02-17,2485
10385,2015-02-17,3783
989,2015-02-17,1275
7307,2015-02-17,2960
3150,2015-02-17,1850
13095,2015-02-17,4503
11815,2015-02-18,4172
3801,2015-02-18,2019
14957,2015-02-18,4999
12235,2015-02-18,4277
1418,2015-02-18,1389
10039,2015-02-18,3693
11151,2015-02-18,3993
2303,2015-02-18,1626
5071,2015-02-18,2360
565,2015-02-18,1153
5567,2015-02-18,2499
6060,2015-02-18,2625
787,2015-02-18,1217
7477,2015-02-18,3009
7432,2015-02-18,2995
11130,2015-02-18,3985
7944,2015-02-18,3130
4895,2015-02-18,2313
6934,2015-02-18,2857
11934,2015-02-18,4202
10337,2015-02-18,3772
5965,2015-02-18,2600
12575,2015-02-18,4361
12872,2015-02-18,4441
14877,2015-02-19,4971
1247,2015-02-19,1342
4016,2015-02-19,2072
14377,2015-02-19,4831
478,2015-02-19,1132
6503,2015-02-19,2745
12746,2015-02-19,4407
3787,2015-02-19,2017
7455,2015-02-19,3002
12676,2015-02-19,4388
10862,2015-02-19,3913
9159,2015-02-19,3470
14391,2015-02-19,4835
8212,2015-02-20,3204
11223,2015-02-20,4015
14096,2015-02-20,4759
7901,2015-02-20,3119
10036,2015-02-20,3692
13069,2015-02-20,4497
2281,2015-02-20,1621
7752,2015-02-20,3082
1946,2015-02-20,1528
14949,2015-02-20,4996
8898,2015-02-20,3397
12595,2015-02-20,4365
5353,2015-02-20,2438
1494,2015-02-20,1411
8009,2015-02-20,3147
4561,2015-02-20,2226
5296,2015-02-20,2425
3303,2015-02-20,1889
3368,2015-02-21,1905
2572,2015-02-21,1703
14550,2015-02-21,4876
11054,2015-02-21,3963
1760,2015-02-21,1482
14185,2015-02-21,4783
2221,2015-02-21,1608
142,2015-02-21,1038
8680,2015-02-21,3329
8878,2015-02-21,3390
2481,2015-02-21,1677
8774,2015-02-21,3358
14682,2015-02-21,4920
10706,2015-02-21,3870
12346,2015-02-22,4303
3256,2015-02-22,1878
5866,2015-02-22,2575
4945,2015-02-22,2328
4072,2015-02-22,2087
3238,2015-02-22,1873
11940,2015-02-22,4205
8689,2015-02-22,3333
10127,2015-02-22,3719
14101,2015-02-22,4760
2389,2015-02-22,1651
13949,2015-02-22,4720
12822,2015-02-22,4430
8816,2015-02-22,3369
12571,2015-02-23,4360
6950,2015-02-23,2861
8342,2015-02-23,3242
6776,2015-02-23,2811
1811,2015-02-23,1493
8006,2015-02-23,3145
8884,2015-02-23,3393
13398,2015-02-23,4583
1886,2015-02-23,1512
7586,2015-02-23,3037
9728,2015-02-23,3609
12839,2015-02-23,4434
13509,2015-02-23,4614
822,2015-02-23,1228
12643,2015-02-23,4377
2553,2015-02-23,1697
1394,2015-02-23,1383
3425,2015-02-23,1921
8474,2015-02-23,3276
14427,2015-02-23,4844
1529,2015-02-23,1421
7230,2015-02-23,2941
3116,2015-02-23,1842
13723,2015-02-23,4667
1978,2015-02-23,1540
7659,2015-02-23,3054
13715,2015-02-24,4666
7394,2015-02-24,2984
11983,2015-02-24,4216
13568,2015-02-24,4629
3658,2015-02-24,1982
1668,2015-02-24,1458
9836,2015-02-24,3642
10234,2015-02-24,3747
14224,2015-02-24,4793
2062,2015-02-24,1566
6260,2015-02-24,2681
3954,2015-02-24,2058
13227,2015-02-24,4536
3119,2015-02-24,1843
1237,2015-02-24,1340
2779,2015-02-24,1757
1774,2015-02-24,1484
13244,2015-02-24,4540
490,2015-02-24,1135
12027,2015-02-24,4224
505,2015-02-24,1138
8213,2015-02-25,3204
107,2015-02-25,1027
2853,2015-02-25,1776
4154,2015-02-25,2111
1990,2015-02-25,1544
9458,2015-02-25,3543
6986,2015-02-25,2870
12792,2015-02-25,4420
5499,2015-02-25,2476
14426,2015-02-25,4843
1288,2015-02-25,1355
14022,2015-02-25,4741
11478,2015-02-25,4091
12786,2015-02-25,4417
9173,2015-02-25,3474
12705,2015-02-25,4395
9021,2015-02-25,3432
6589,2015-02-25,2764
4834,2015-02-25,2295
8296,2015-02-25,3225
2233,2015-02-26,1611
8101,2015-02-26,3175
4721,2015-02-26,2267
816,2015-02-26,1225
7977,2015-02-26,3139
9815,2015-02-26,3635
10121,2015-02-26,3718
13711,2015-02-26,4665
13583,2015-02-26,4634
3842,2015-02-26,2031
484,2015-02-26,1133
1596,2015-02-26,1438
2783,2015-02-26,1758
1274,2015-02-26,1351
2764,2015-02-26,1753
14674,2015-02-26,4916
14339,2015-02-26,4822
10185,2015-02-26,3736
1913,2015-02-26,1520
5817,2015-02-26,2561
11476,2015-02-26,4090
6002,2015-02-26,2610
12533,2015-02-26,4348
2599,2015-02-26,1711
5029,2015-02-26,2349
14729,2015-02-27,4933
4660,2015-02-27,2251
9648,2015-02-27,3590
5076,2015-02-27,2361
13168,2015-02-27,4523
4597,2015-02-27,2234
3491,2015-02-27,1934
4128,2015-02-27,2104
10905,2015-02-27,3922
8052,2015-02-27,3160
2374,2015-02-27,1648
6724,2015-02-27,2799
12118,2015-02-27,4249
8982,2015-02-27,3420
10331,2015-02-27,3769
11100,2015-02-27,3975
14378,2015-02-27,4831
12376,2015-02-27,4310
12012,2015-02-27,4221
1537,2015-02-28,1422
14557,2015-02-28,4877
1993,2015-02-28,1545
9166,2015-02-28,3472
8562,2015-02-28,3299
1289,2015-02-28,1355
1468,2015-02-28,1405
7719,2015-02-28,3072
10244,2015-02-28,3750
3904,2015-02-28,2046
9429,2015-02-28,3535
5023,2015-02-28,2348
10849,2015-02-28,3910
14912,2015-02-28,4985
9323,2015-02-28,3508
1895,2015-02-28,1514
13780,2015-02-28,4681
4480,2015-02-28,2202
12985,2015-02-28,4471
4755,2015-02-28,2273
2543,2015-03-01,1696
1589,2015-03-01,1436
1904,2015-03-01,1517
869,2015-03-01,1238
14102,2015-03-01,4761
14602,2015-03-01,4893
6111,2015-03-01,2641
12521,2015-03-01,4344
14937,2015-03-01,4992
7319,2015-03-01,2962
14693,2015-03-01,4924
2288,2015-03-01,1623
13690,2015-03-01,4661
3465,2015-03-01,1930
8517,2015-03-01,3289
4136,2015-03-01,2107
1066,2015-03-01,1293
6941,2015-03-01,2860
14670,2015-03-01,4916
13973,2015-03-01,4726
9438,2015-03-01,3538
4837,2015-03-01,2297
4034,2015-03-01,2077
11512,2015-03-01,4100
8091,2015-03-01,3172
3825,2015-03-01,2028
1477,2015-03-01,1408
13928,2015-03-01,4716
2849,2015-03-02,1776
2179,2015-03-02,1598
8545,2015-03-02,3296
12577,2015-03-02,4362
6465,2015-03-02,2736
1420,2015-03-02,1390
14424,2015-03-02,4843
14739,2015-03-02,4936
6572,2015-03-02,2761
4983,2015-03-02,2340
999,2015-03-02,1277
6155,2015-03-02,2653
894,2015-03-02,1245
9743,2015-03-02,3614
6083,2015-03-02,2632
3443,2015-03-02,1924
13274,2015-03-02,4550
2544,2015-03-02,1696
5359,2015-03-02,2440
4373,2015-03-02,2172
12299,2015-03-02,4294
8148,2015-03-02,3185
9881,2015-03-02,3656
3041,2015-03-03,1822
774,2015-03-03,1213
3726,2015-03-03,2001
2524,2015-03-03,1690
6160,2015-03-03,2654
2773,2015-03-03,1756
7891,2015-03-03,3117
9853,2015-03-03,3647
11308,2015-03-03,4040
5659,2015-03-03,2521
8635,2015-03-03,3319
13348,2015-03-03,4571
8587,2015-03-03,3307
10189,2015-03-03,3737
2270,2015-03-04,1619
3808,2015-03-04,2022
8908,2015-03-04,3400
7576,2015-03-04,3035
782,2015-03-04,1216
13874,2015-03-04,4700
14319,2015-03-04,4819
10006,2015-03-04,3685
4204,2015-03-04,2129
1506,2015-03-04,1416
4239,2015-03-04,2138
11027,2015-03-04,3958
12953,2015-03-04,4464
1611,2015-03-04,1443
8929,2015-03-04,3405
13038,2015-03-04,4489
2234,2015-03-05,1612
6669,2015-03-05,2787
9446,2015-03-05,3540
11097,2015-03-05,3974
7874,2015-03-05,3113
10235,2015-03-05,3748
11467,2015-03-05,4088
1067,2015-03-05,1293
9990,2015-03-05,3682
14077,2015-03-05,4753
10867,2015-03-05,3915
10852,2015-03-05,3911
246,2015-03-05,1067
1572,2015-03-05,1431
9773,2015-03-05,3621
1927,2015-03-05,1524
10675,2015-03-05,3862
559,2015-03-05,1152
11043,2015-03-05,3961
5726,2015-03-05,2540
8782,2015-03-05,3361
11077,2015-03-05,3969
9404,2015-03-05,3529
1061,2015-03-06,1291
11835,2015-03-06,4179
1831,2015-03-06,1499
9627,2015-03-06,3585
7823,2015-03-06,3100
6294,2015-03-06,2690
6056,2015-03-06,2625
611,2015-03-06,1168
4381,2015-03-06,2175
8749,2015-03-06,3353
11540,2015-03-06,4106
1388,2015-03-06,1381
5893,2015-03-06,2582
1025,2015-03-06,1283
12044,2015-03-06,4229
10657,2015-03-06,3856
3548,2015-03-06,1949
290,2015-03-06,1081
11335,2015-03-06,4047
13060,2015-03-06,4495
3638,2015-03-06,1978
10276,2015-03-06,3758
1683,2015-03-07,1464
11673,2015-03-07,4137
959,2015-03-07,1265
1216,2015-03-07,1334
13134,2015-03-07,4512
2578,2015-03-07,1706
4489,2015-03-07,2205
3889,2015-03-07,2043
6048,2015-03-07,2622
12527,2015-03-07,4347
10527,2015-03-07,3822
6364,2015-03-07,2707
1437,2015-03-07,1395
1792,2015-03-07,1489
10558,2015-03-07,3831
12263,2015-03-08,4286
4470,2015-03-08,2200
10934,2015-03-08,3931
862,2015-03-08,1237
2737,2015-03-08,1748
9076,2015-03-08,3450
4251,2015-03-08,2141
10383,2015-03-08,3783
1040,2015-03-08,1286
5231,2015-03-08,2404
5278,2015-03-08,2420
12080,2015-03-08,4238
8607,2015-03-08,3310
13499,2015-03-08,4611
1838,2015-03-08,1500
8592,2015-03-08,3308
9071,2015-03-08,3449
5736,2015-03-08,2542
12340,2015-03-08,4302
1972,2015-03-08,1538
3314,2015-03-08,1892
4067,2015-03-09,2086
10965,2015-03-09,3940
8812,2015-03-09,3368
3564,2015-03-09,1953
10240,2015-03-09,3749
8011,2015-03-09,3148
4559,2015-03-09,2226
2672,2015-03-09,1732
10336,2015-03-09,3772
9423,2015-03-09,3534
9240,2015-03-09,3489
6225,2015-03-09,2672
13992,2015-03-09,4733
13574,2015-03-09,4632
6300,2015-03-09,2691
13238,2015-03-09,4539
4615,2015-03-09,2238
10650,2015-03-09,3855
13331,2015-03-10,4566
5237,2015-03-10,2406
5243,2015-03-10,2407
7738,2015-03-10,3079
2212,2015-03-10,1606
2431,2015-03-10,1659
1359,2015-03-10,1374
1223,2015-03-10,1336
765,2015-03-10,1211
9810,2015-03-10,3635
1865,2015-03-10,1508
9461,2015-03-10,3544
3357,2015-03-10,1903
7383,2015-03-10,2981
9621,2015-03-10,3584
14385,2015-03-10,4833
4472,2015-03-11,2200
2284,2015-03-11,1622
11255,2015-03-11,4024
2130,2015-03-11,1584
4124,2015-03-11,2103
2617,2015-03-11,1718
8901,2015-03-11,3398
7641,2015-03-11,3050
9882,2015-03-11,3656
3148,2015-03-11,1850
3694,2015-03-11,1994
2807,2015-03-11,1765
13530,2015-03-11,4620
919,2015-03-11,1252
9261,2015-03-11,3495
4782,2015-03-11,2284
4350,2015-03-12,2166
358,2015-03-12,1100
413,2015-03-12,1114
14679,2015-03-12,4919
2343,2015-03-12,1638
4552,2015-03-12,2225
8134,2015-03-12,3182
7006,2015-03-12,2875
4870,2015-03-12,2307
13616,2015-03-12,4643
6704,2015-03-12,2795
2974,2015-03-12,1804
14624,2015-03-12,4899
6948,2015-03-12,2861
13836,2015-03-13,4693
7956,2015-03-13,3135
5259,2015-03-13,2412
8975,2015-03-13,3418
2068,2015-03-13,1567
14625,2015-03-13,4899
11601,2015-03-13,4120
13482,2015-03-13,4606
5471,2015-03-13,2468
14125,2015-03-13,4768
5865,2015-03-13,2575
11194,2015-03-13,4007
7797,2015-03-13,3093
14801,2015-03-13,4951
12556,2015-03-13,4355
9829,2015-03-13,3640
12750,2015-03-13,4408
1234,2015-03-13,1340
4686,2015-03-13,2257
1793,2015-03-13,1489
11774,2015-03-13,4163
6671,2015-03-13,2787
6960,2015-03-13,2864
10361,2015-03-13,3778
5330,2015-03-14,2433
8289,2015-03-14,3224
2460,2015-03-14,1668
9622,2015-03-14,3584
113,2015-03-14,1029
747,2015-03-14,1205
5906,2015-03-14,2585
1367,2015-03-14,1377
9714,2015-03-14,3604
10140,2015-03-14,3723
1424,2015-03-14,1391
14660,2015-03-14,4914
5653,2015-03-14,2519
4353,2015-03-14,2167
8073,2015-03-14,3166
12535,2015-03-14,4349
591,2015-03-14,1161
2618,2015-03-14,1718
1122,2015-03-14,1308
7063,2015-03-14,2894
10465,2015-03-15,3806
1028,2015-03-15,1283
6395,2015-03-15,2715
8521,2015-03-15,3289
2075,2015-03-15,1570
100,2015-03-15,1026
1,2015-03-15,1000
8467,2015-03-15,3273
12048,2015-03-15,4230
3483,2015-03-15,1932
14930,2015-03-15,4990
4300,2015-03-15,2154
10156,2015-03-15,3728
14740,2015-03-15,4936
6391,2015-03-15,2714
7107,2015-03-15,2908
8122,2015-03-15,3180
9007,2015-03-16,3428
4000,2015-03-16,2069
7146,2015-03-16,2918
6911,2015-03-16,2851
2104,2015-03-16,1577
5614,2015-03-16,2511
13310,2015-03-16,4559
13877,2015-03-16,4700
7170,2015-03-16,2925
11950,2015-03-17,4207
3551,2015-03-17,1949
2395,2015-03-17,1652
4652,2015-03-17,2248
8098,2015-03-17,3175
14296,2015-03-17,4812
6728,2015-03-17,2800
14734,2015-03-17,4934
8692,2015-03-17,3334
14291,2015-03-17,4810
6024,2015-03-17,2616
374,2015-03-18,1104
14313,2015-03-18,4817
4943,2015-03-18,2327
6618,2015-03-18,2772
2886,2015-03-18,1783
4208,2015-03-18,2129
4783,2015-03-18,2284
2675,2015-03-18,1733
2999,2015-03-18,1811
2005,2015-03-18,1549
11918,2015-03-18,4198
9539,2015-03-18,3562
11425,2015-03-18,4077
12859,2015-03-18,4439
13457,2015-03-18,4598
1545,2015-03-18,1425
1654,2015-03-18,1455
10016,2015-03-18,3687
12517,2015-03-18,4342
11211,2015-03-18,4013
9457,2015-03-18,3543
312,2015-03-19,1087
8773,2015-03-19,3358
13783,2015-03-19,4682
6658,2015-03-19,2784
10644,2015-03-19,3854
4334,2015-03-19,2164
12002,2015-03-19,4219
4567,2015-03-19,2229
11801,2015-03-19,4169
8352,2015-03-19,3245
5482,2015-03-19,2471
9479,2015-03-19,3548
3581,2015-03-19,1959
12784,2015-03-19,4417
628,2015-03-19,1170
10715,2015-03-19,3872
1425,2015-03-19,1391
1629,2015-03-19,1448
5847,2015-03-19,2570
11242,2015-03-19,4019
2833,2015-03-20,1771
13902,2015-03-20,4708
9209,2015-03-20,3483
845,2015-03-20,1233
1063,2015-03-20,1291
8083,2015-03-20,3168
5935,2015-03-20,2592
2683,2015-03-20,1734
8262,2015-03-20,3217
8219,2015-03-20,3205
12677,2015-03-20,4388
4616,2015-03-20,2238
7195,2015-03-20,2932
14317,2015-03-20,4818
6248,2015-03-20,2678
6977,2015-03-20,2868
2076,2015-03-20,1570
2019,2015-03-20,1553
11583,2015-03-20,4115
5713,2015-03-20,2535
2155,2015-03-20,1591
824,2015-03-20,1229
11975,2015-03-20,4214
11721,2015-03-20,4149
2852,2015-03-20,1776
6580,2015-03-20,2762
5641,2015-03-20,2517
9505,2015-03-21,3554
4492,2015-03-21,2206
3035,2015-03-21,1820
10707,2015-03-21,3870
2596,2015-03-21,1711
6444,2015-03-21,2729
13664,2015-03-21,4655
1256,2015-03-21,1345
12217,2015-03-21,4273
10863,2015-03-21,3913
9678,2015-03-21,3595
580,2015-03-21,1158
1840,2015-03-21,1500
4833,2015-03-21,2295
11626,2015-03-21,4125
12928,2015-03-21,4456
11836,2015-03-21,4179
8116,2015-03-21,3179
1882,2015-03-22,1511
13097,2015-03-22,4503
1733,2015-03-22,1476
7658,2015-03-22,3054
10660,2015-03-22,3856
9201,2015-03-22,3481
3763,2015-03-22,2011
64,2015-03-22,1015
11349,2015-03-22,4053
7684,2015-03-22,3062
9958,2015-03-22,3674
5642,2015-03-22,2517
2277,2015-03-22,1620
6360,2015-03-22,2706
7041,2015-03-22,2885
873,2015-03-22,1239
8131,2015-03-22,3181
7011,2015-03-22,2876
12211,2015-03-22,4272
5216,2015-03-22,2400
6063,2015-03-22,2625
3985,2015-03-23,2066
9679,2015-03-23,3595
7191,2015-03-23,2930
2834,2015-03-23,1771
3562,2015-03-23,1952
1400,2015-03-23,1384
5474,2015-03-23,2469
8817,2015-03-23,3369
14060,2015-03-23,4748
1390,2015-03-23,1381
10920,2015-03-23,3926
659,2015-03-23,1178
5183,2015-03-23,2392
1469,2015-03-23,1406
10805,2015-03-23,3899
6411,2015-03-23,2718
4877,2015-03-23,2309
12973,2015-03-24,4468
4882,2015-03-24,2310
1191,2015-03-24,1328
4006,2015-03-24,2070
12306,2015-03-24,4295
5530,2015-03-24,2485
3524,2015-03-24,1943
2125,2015-03-24,1583
3068,2015-03-24,1828
12497,2015-03-24,4338
10070,2015-03-24,3703
6497,2015-03-24,2743
14061,2015-03-24,4748
10477,2015-03-24,3809
8927,2015-03-24,3404
9193,2015-03-24,3479
6873,2015-03-24,2840
10914,2015-03-25,3925
5250,2015-03-25,2408
3105,2015-03-25,1838
11042,2015-03-25,3960
9257,2015-03-25,3494
4814,2015-03-25,2292
6667,2015-03-25,2786
8310,2015-03-25,3229
2752,2015-03-25,1751
8938,2015-03-25,3407
4063,2015-03-25,2085
2432,2015-03-25,1659
2408,2015-03-25,1654
10415,2015-03-25,3791
5450,2015-03-25,2462
1461,2015-03-25,1403
12835,2015-03-25,4433
995,2015-03-26,1276
5515,2015-03-26,2480
7714,2015-03-26,3071
5971,2015-03-26,2601
12042,2015-03-26,4228
14567,2015-03-26,4881
12436,2015-03-26,4323
8695,2015-03-26,3336
14154,2015-03-26,4776
13130,2015-03-26,4510
1173,2015-03-26,1324
1147,2015-03-26,1316
10620,2015-03-26,3847
1392,2015-03-26,1382
14158,2015-03-26,4778
1817,2015-03-26,1494
4893,2015-03-26,2312
14708,2015-03-26,4929
485,2015-03-26,1133
817,2015-03-26,1225
13089,2015-03-26,4501
12691,2015-03-26,4391
5896,2015-03-26,2583
13278,2015-03-26,4550
7619,2015-03-26,3045
8671,2015-03-26,3327
10238,2015-03-27,3748
1263,2015-03-27,1347
7155,2015-03-27,2920
12291,2015-03-27,4292
9031,2015-03-27,3436
10945,2015-03-27,3934
2027,2015-03-27,1555
6905,2015-03-27,2850
14506,2015-03-27,4864
11224,2015-03-27,4015
8253,2015-03-27,3214
10666,2015-03-27,3858
50,2015-03-27,1012
6348,2015-03-27,2703
7896,2015-03-27,3118
5534,2015-03-27,2487
1926,2015-03-28,1523
1730,2015-03-28,1475
11166,2015-03-28,3998
4171,2015-03-28,2117
329,2015-03-28,1093
8014,2015-03-28,3148
4057,2015-03-28,2083
8170,2015-03-28,3190
1290,2015-03-28,1355
10719,2015-03-28,3872
8575,2015-03-28,3304
9163,2015-03-28,3471
9649,2015-03-28,3590
14490,2015-03-28,4861
3768,2015-03-29,2012
14753,2015-03-29,4938
14848,2015-03-29,4962
4661,2015-03-29,2251
1735,2015-03-29,1476
13151,2015-03-29,4516
1646,2015-03-29,1452
2917,2015-03-29,1790
3216,2015-03-29,1867
410,2015-03-29,1113
1196,2015-03-29,1329
6218,2015-03-29,2669
11651,2015-03-29,4131
8776,2015-03-29,3358
13873,2015-03-29,4699
10517,2015-03-29,3818
1105,2015-03-29,1303
4642,2015-03-29,2244
14088,2015-03-29,4756
11485,2015-03-29,4092
8922,2015-03-29,3402
6463,2015-03-30,2734
11174,2015-03-30,4001
14680,2015-03-30,4919
13484,2015-03-30,4606
12900,2015-03-30,4449
3583,2015-03-30,1959
5573,2015-03-30,2500
11492,2015-03-30,4094
602,2015-03-30,1164
1609,2015-03-30,1442
2262,2015-03-30,1617
11565,2015-03-30,4110
10296,2015-03-30,3761
12093,2015-03-30,4242
654,2015-03-30,1176
2512,2015-03-30,1685
4512,2015-03-31,2211
13766,2015-03-31,4678
12981,2015-03-31,4470
13665,2015-03-31,4655
10187,2015-03-31,3736
8313,2015-03-31,3231
7626,2015-03-31,3046
9612,2015-03-31,3582
11967,2015-03-31,4212
5904,2015-03-31,2584
8526,2015-03-31,3289
6655,2015-03-31,2783
9279,2015-03-31,3498
13295,2015-03-31,4555
4372,2015-03-31,2171
10199,2015-04-01,3738
1125,2015-04-01,1309
11837,2015-04-01,4180
572,2015-04-01,1155
8273,2015-04-01,3221
2066,2015-04-01,1567
6290,2015-04-01,2690
10640,2015-04-01,3852
2450,2015-04-01,1664
3091,2015-04-01,1835
9009,2015-04-01,3429
10903,2015-04-01,3922
1765,2015-04-01,1483
10759,2015-04-01,3886
10009,2015-04-01,3686
8719,2015-04-01,3344
9701,2015-04-01,3601
10996,2015-04-01,3949
6173,2015-04-01,2657
12198,2015-04-01,4269
6115,2015-04-01,2642
10113,2015-04-01,3717
7129,2015-04-01,2914
13999,2015-04-01,4735
525,2015-04-01,1144
8192,2015-04-01,3200
5142,2015-04-01,2381
9378,2015-04-01,3523
11696,2015-04-01,4144
10280,2015-04-02,3759
1292,2015-04-02,1356
150,2015-04-02,1041
14098,2015-04-02,4760
12945,2015-04-02,4462
6456,2015-04-02,2732
14736,2015-04-02,4935
4422,2015-04-02,2186
10655,2015-04-02,3856
10743,2015-04-02,3881
10592,2015-04-02,3841
139,2015-04-02,1038
9189,2015-04-02,3478
12094,2015-04-02,4243
2583,2015-04-02,1708
2471,2015-04-02,1674
8928,2015-04-03,3405
8472,2015-04-03,3276
1210,2015-04-03,1333
9516,2015-04-03,3558
9572,2015-04-03,3573
5635,2015-04-03,2516
1206,2015-04-03,1332
12245,2015-04-03,4281
1258,2015-04-03,1346
14523,2015-04-03,4869
1414,2015-04-03,1388
11309,2015-04-03,4040
13304,2015-04-03,4558
12709,2015-04-03,4397
2936,2015-04-03,1795
12995,2015-04-03,4475
13391,2015-04-03,4581
14004,2015-04-03,4736
4643,2015-04-03,2245
4698,2015-04-04,2261
11207,2015-04-04,4012
5665,2015-04-04,2523
13990,2015-04-04,4731
12330,2015-04-04,4300
5260,2015-04-04,2413
6247,2015-04-04,2678
10969,2015-04-04,3942
884,2015-04-04,1242
7771,2015-04-04,3086
11873,2015-04-04,4190
1222,2015-04-04,1336
9057,2015-04-04,3443
3319,2015-04-04,1893
9460,2015-04-04,3544
2231,2015-04-04,1611
12039,2015-04-04,4228
9020,2015-04-04,3432
4061,2015-04-04,2085
14191,2015-04-04,4785
14168,2015-04-05,4780
8433,2015-04-05,3264
12337,2015-04-05,4302
3233,2015-04-05,1872
9717,2015-04-05,3605
11577,2015-04-05,4114
8538,2015-04-05,3294
11645,2015-04-05,4130
14025,2015-04-05,4742
3591,2015-04-05,1962
13127,2015-04-05,4510
13349,2015-04-05,4571
3961,2015-04-05,2061
13305,2015-04-05,4558
2031,2015-04-06,1558
2242,2015-04-06,1613
7199,2015-04-06,2933
4101,2015-04-06,2095
3869,2015-04-06,2040
6206,2015-04-06,2666
390,2015-04-06,1109
14373,2015-04-06,4831
10107,2015-04-06,3715
5425,2015-04-06,2454
5754,2015-04-06,2547
216,2015-04-06,1058
826,2015-04-06,1230
569,2015-04-06,1154
2754,2015-04-06,1752
13224,2015-04-06,4536
12368,2015-04-07,4308
1975,2015-04-07,1539
6241,2015-04-07,2676
11871,2015-04-07,4189
13434,2015-04-07,4593
10755,2015-04-07,3884
9171,2015-04-07,3474
1519,2015-04-07,1419
6631,2015-04-07,2777
13553,2015-04-07,4625
10745,2015-04-07,3881
11964,2015-04-07,4212
5275,2015-04-07,2419
3992,2015-04-07,2068
3033,2015-04-07,1820
10549,2015-04-07,3830
9762,2015-04-07,3619
4050,2015-04-07,2082
9169,2015-04-07,3473
13070,2015-04-07,4498
7639,2015-04-07,3050
4188,2015-04-07,2122
4444,2015-04-08,2193
6342,2015-04-08,2702
13653,2015-04-08,4652
4496,2015-04-08,2207
13447,2015-04-08,4596
7142,2015-04-08,2918
6502,2015-04-08,2745
12344,2015-04-08,4303
14808,2015-04-08,4952
12459,2015-04-08,4330
5426,2015-04-08,2454
11520,2015-04-08,4102
14277,2015-04-08,4807
247,2015-04-08,1067
13061,2015-04-08,4495
8619,2015-04-08,3313
4921,2015-04-08,2321
1891,2015-04-08,1514
6058,2015-04-08,2625
5880,2015-04-08,2579
13985,2015-04-08,4729
11114,2015-04-09,3980
6652,2015-04-09,2782
863,2015-04-09,1237
7927,2015-04-09,3124
5066,2015-04-09,2359
9774,2015-04-09,3621
11715,2015-04-09,4148
406,2015-04-09,1112
4070,2015-04-09,2087
14211,2015-04-09,4789
13262,2015-04-09,4546
7710,2015-04-09,3069
7655,2015-04-09,3054
13761,2015-04-09,4677
13229,2015-04-09,4537
1381,2015-04-09,1380
8904,2015-04-09,3399
8327,2015-04-09,3236
5546,2015-04-10,2492
13932,2015-04-10,4717
4023,2015-04-10,2074
7013,2015-04-10,2877
4589,2015-04-10,2233
14742,2015-04-10,4937
8539,2015-04-10,3294
13589,2015-04-10,4636
12127,2015-04-10,4252
3296,2015-04-10,1888
1297,2015-04-10,1357
6649,2015-04-10,2781
6764,2015-04-10,2809
4117,2015-04-10,2101
8031,2015-04-10,3154
4809,2015-04-10,2291
1170,2015-04-10,1324
11864,2015-04-10,4187
7750,2015-04-10,3082
140,2015-04-10,1038
6414,2015-04-10,2719
987,2015-04-11,1275
2453,2015-04-11,1665
11631,2015-04-11,4127
12532,2015-04-11,4348
10800,2015-04-11,3898
7076,2015-04-11,2900
7795,2015-04-11,3092
6477,2015-04-11,2738
13978,2015-04-11,4727
2166,2015-04-11,1595
6281,2015-04-11,2688
9328,2015-04-11,3509
4699,2015-04-11,2261
2067,2015-04-11,1567
12864,2015-04-11,4440
11700,2015-04-11,4145
3549,2015-04-11,1949
8916,2015-04-11,3402
4682,2015-04-11,2256
6454,2015-04-11,2731
6015,2015-04-11,2613
5885,2015-04-11,2580
12447,2015-04-11,4326
739,2015-04-11,1204
11247,2015-04-11,4020
2305,2015-04-11,1627
5344,2015-04-12,2436
7293,2015-04-12,2957
9924,2015-04-12,3666
14374,2015-04-12,4831
3180,2015-04-12,1859
10518,2015-04-12,3819
8381,2015-04-12,3250
14040,2015-04-12,4745
11033,2015-04-12,3959
9050,2015-04-12,3441
9602,2015-04-12,3581
14659,2015-04-12,4914
13204,2015-04-12,4530
8930,2015-04-13,3405
10757,2015-04-13,3885
12679,2015-04-13,4389
7723,2015-04-13,3074
920,2015-04-13,1252
8707,2015-04-13,3339
605,2015-04-13,1165
1268,2015-04-13,1349
3085,2015-04-13,1833
14285,2015-04-13,4809
11825,2015-04-13,4177
12563,2015-04-13,4357
8751,2015-04-13,3353
820,2015-04-13,1226
960,2015-04-13,1265
9795,2015-04-13,3629
6204,2015-04-13,2665
14600,2015-04-13,4892
1162,2015-04-13,1321
4448,2015-04-14,2193
7366,2015-04-14,2977
10482,2015-04-14,3811
877,2015-04-14,1240
10259,2015-04-14,3755
5002,2015-04-14,2344
12542,2015-04-14,4352
13578,2015-04-14,4633
8486,2015-04-14,3280
13901,2015-04-14,4708
6568,2015-04-14,2760
4967,2015-04-14,2336
9,2015-04-14,1001
2908,2015-04-15,1788
9689,2015-04-15,3598
2457,2015-04-15,1666
548,2015-04-15,1148
5577,2015-04-15,2502
1448,2015-04-15,1398
9715,2015-04-15,3604
11728,2015-04-15,4152
10780,2015-04-15,3893
4212,2015-04-15,2131
5132,2015-04-15,2378
10250,2015-04-15,3752
11597,2015-04-15,4119
2851,2015-04-15,1776
10422,2015-04-15,3793
12888,2015-04-15,4445
10064,2015-04-15,3701
8674,2015-04-15,3328
229,2015-04-16,1062
5131,2015-04-16,2377
1846,2015-04-16,1502
4247,2015-04-16,2139
4514,2015-04-16,2212
2962,2015-04-16,1800
4933,2015-04-16,2325
12195,2015-04-16,4268
4399,2015-04-16,2179
14632,2015-04-16,4902
10990,2015-04-16,3947
7033,2015-04-16,2883
9017,2015-04-16,3430
9135,2015-04-16,3465
11109,2015-04-16,3977
8203,2015-04-16,3202
5184,2015-04-17,2393
13104,2015-04-17,4505
12927,2015-04-17,4456
3079,2015-04-17,1832
3139,2015-04-17,1847
4080,2015-04-17,2089
1377,2015-04-17,1379
4538,2015-04-17,2219
6158,2015-04-17,2653
14759,2015-04-17,4940
12758,2015-04-17,4411
7449,2015-04-17,2999
9758,2015-04-17,3617
12420,2015-04-18,4320
12041,2015-04-18,4228
8455,2015-04-18,3268
6935,2015-04-18,2857
6750,2015-04-18,2805
13695,2015-04-18,4661
11431,2015-04-18,4078
11711,2015-04-18,4147
1999,2015-04-18,1547
13249,2015-04-18,4541
1824,2015-04-18,1497
9058,2015-04-18,3443
2814,2015-04-18,1767
2723,2015-04-18,1743
2819,2015-04-18,1768
7017,2015-04-18,2879
2095,2015-04-18,1574
8246,2015-04-18,3212
5468,2015-04-18,2467
3361,2015-04-18,1904
3469,2015-04-18,1930
6330,2015-04-18,2699
14559,2015-04-18,4878
13073,2015-04-19,4498
11186,2015-04-19,4004
14598,2015-04-19,4891
925,2015-04-19,1254
658,2015-04-19,1178
13496,2015-04-19,4610
11170,2015-04-19,3999
14894,2015-04-19,4977
7969,2015-04-19,3138
9383,2015-04-19,3523
5004,2015-04-19,2344
11764,2015-04-19,4160
2757,2015-04-19,1752
10063,2015-04-19,3700
768,2015-04-19,1211
1696,2015-04-19,1466
3860,2015-04-19,2037
7764,2015-04-19,3084
6417,2015-04-19,2719
14690,2015-04-19,4923
7138,2015-04-19,2916
3928,2015-04-20,2051
10181,2015-04-20,3735
13909,2015-04-20,4710
7936,2015-04-20,3128
3309,2015-04-20,1890
5604,2015-04-20,2509
1940,2015-04-20,1527
3039,2015-04-20,1821
1431,2015-04-20,1392
5773,2015-04-20,2550
3742,2015-04-20,2005
12751,2015-04-20,4408
9683,2015-04-20,3596
561,2015-04-20,1152
3794,2015-04-20,2018
2184,2015-04-20,1599
4501,2015-04-20,2209
1383,2015-04-20,1380
14644,2015-04-21,4907
9185,2015-04-21,3476
10372,2015-04-21,3781
9290,2015-04-21,3500
11225,2015-04-21,4016
4045,2015-04-21,2080
2822,2015-04-21,1768
11348,2015-04-21,4052
5409,2015-04-21,2449
3891,2015-04-21,2043
3352,2015-04-21,1901
9346,2015-04-21,3515
5067,2015-04-21,2359
2860,2015-04-21,1777
6122,2015-04-21,2643
7538,2015-04-21,3025
7975,2015-04-21,3139
6504,2015-04-21,2745
10697,2015-04-21,3866
9968,2015-04-21,3677
126,2015-04-22,1033
6862,2015-04-22,2837
4062,2015-04-22,2085
10804,2015-04-22,3899
13174,2015-04-22,4524
5587,2015-04-22,2505
14592,2015-04-22,4890
9097,2015-04-22,3456
12150,2015-04-22,4258
6097,2015-04-22,2634
14797,2015-04-22,4950
12260,2015-04-22,4285
11513,2015-04-22,4100
736,2015-04-22,1202
2587,2015-04-22,1709
2861,2015-04-22,1777
4370,2015-04-22,2171
6109,2015-04-22,2640
12383,2015-04-22,4312
14249,2015-04-22,4799
6604,2015-04-23,2769
10752,2015-04-23,3882
12969,2015-04-23,4467
12295,2015-04-23,4293
8845,2015-04-23,3380
5936,2015-04-23,2592
11776,2015-04-23,4163
143,2015-04-23,1038
5620,2015-04-23,2512
68,2015-04-23,1016
3082,2015-04-23,1832
14891,2015-04-23,4975
11252,2015-04-24,4022
3317,2015-04-24,1892
10026,2015-04-24,3690
5570,2015-04-24,2499
133,2015-04-24,1035
8255,2015-04-24,3215
2915,2015-04-24,1789
1059,2015-04-24,1290
11613,2015-04-24,4122
13838,2015-04-24,4693
1588,2015-04-24,1435
14898,2015-04-24,4979
3531,2015-04-24,1945
8732,2015-04-24,3347
4203,2015-04-24,2128
5015,2015-04-24,2346
12197,2015-04-25,4268
12172,2015-04-25,4262
13984,2015-04-25,4728
976,2015-04-25,1270
8567,2015-04-25,3301
5902,2015-04-25,2584
1352,2015-04-25,1372
1771,2015-04-25,1483
523,2015-04-25,1143
11433,2015-04-25,4078
8650,2015-04-25,3322
3177,2015-04-25,1858
9519,2015-04-25,3558
10253,2015-04-25,3752
10955,2015-04-25,3937
6576,2015-04-25,2761
293,2015-04-25,1081
13580,2015-04-26,4633
9013,2015-04-26,3429
12451,2015-04-26,4327
8516,2015-04-26,3288
13,2015-04-26,1002
7030,2015-04-26,2882
14909,2015-04-26,4984
416,2015-04-26,1114
6073,2015-04-26,2629
8831,2015-04-26,3375
12396,2015-04-26,4315
12937,2015-04-26,4459
13175,2015-04-26,4524
685,2015-04-26,1186
12073,2015-04-26,4235
7154,2015-04-26,2920
12363,2015-04-26,4306
14159,2015-04-26,4778
9384,2015-04-26,3523
7054,2015-04-26,2890
7321,2015-04-26,2962
9083,2015-04-26,3451
13492,2015-04-27,4608
11570,2015-04-27,4112
9104,2015-04-27,3458
9080,2015-04-27,3450
14388,2015-04-27,4834
12486,2015-04-27,4336
8002,2015-04-27,3144
7379,2015-04-27,2980
722,2015-04-27,1197
4680,2015-04-27,2255
14538,2015-04-27,4873
10182,2015-04-27,3735
10067,2015-04-27,3701
4342,2015-04-27,2165
11264,2015-04-27,4025
11576,2015-04-27,4113
14456,2015-04-28,4852
6552,2015-04-28,2757
996,2015-04-28,1276
7256,2015-04-28,2947
8558,2015-04-28,3298
10930,2015-04-28,3929
11236,2015-04-28,4018
8028,2015-04-28,3153
14208,2015-04-28,4788
9897,2015-04-28,3659
4554,2015-04-28,2225
10428,2015-04-28,3794
3169,2015-04-28,1855
9005,2015-04-28,3427
4852,2015-04-28,2300
1986,2015-04-28,1542
12473,2015-04-28,4334
11887,2015-04-28,4191
2357,2015-04-28,1643
11985,2015-04-28,4216
8076,2015-04-28,3166
9747,2015-04-28,3614
5834,2015-04-29,2565
1203,2015-04-29,1331
2411,2015-04-29,1654
12394,2015-04-29,4314
8406,2015-04-29,3255
5968,2015-04-29,2600
1475,2015-04-29,1407
460,2015-04-29,1126
12088,2015-04-29,4240
5270,2015-04-29,2415
12629,2015-04-29,4375
6982,2015-04-29,2869
491,2015-04-29,1135
6220,2015-04-29,2670
10306,2015-04-29,3763
6507,2015-04-29,2745
5923,2015-04-29,2589
7779,2015-04-30,3088
9167,2015-04-30,3472
4022,2015-04-30,2073
6289,2015-04-30,2689
10076,2015-04-30,3704
8666,2015-04-30,3326
9065,2015-04-30,3445
4319,2015-04-30,2159
3442,2015-04-30,1923
13880,2015-04-30,4701
13416,2015-04-30,4588
11518,2015-04-30,4101
6429,2015-04-30,2724
9970,2015-04-30,3677
1169,2015-04-30,1323
10735,2015-04-30,3878
1209,2015-04-30,1332
11793,2015-04-30,4166
8064,2015-04-30,3164
13502,2015-04-30,4612
11180,2015-04-30,4002
3532,2015-04-30,1945
1109,2015-04-30,1304
8672,2015-04-30,3327
11320,2015-04-30,4042
10654,2015-04-30,3855
2065,2015-04-30,1566
5974,2015-04-30,2601
510,2015-05-01,1140
12938,2015-05-01,4460
4676,2015-05-01,2255
6291,2015-05-01,2690
10942,2015-05-01,3934
12332,2015-05-01,4301
14323,2015-05-01,4820
13404,2015-05-01,4585
6184,2015-05-01,2661
11963,2015-05-01,4212
2372,2015-05-01,1648
14466,2015-05-01,4855
14635,2015-05-01,4903
11445,2015-05-01,4082
12030,2015-05-01,4225
8992,2015-05-01,3424
9492,2015-05-01,3551
8495,2015-05-01,3283
12892,2015-05-01,4447
11585,2015-05-01,4116
3057,2015-05-01,1827
1700,2015-05-02,1467
14518,2015-05-02,4868
11930,2015-05-02,4202
8519,2015-05-02,3289
3458,2015-05-02,1929
2961,2015-05-02,1800
6,2015-05-02,1001
8080,2015-05-02,3168
14210,2015-05-02,4789
5039,2015-05-02,2353
9629,2015-05-02,3586
7914,2015-05-02,3122
4169,2015-05-02,2117
3060,2015-05-02,1827
4901,2015-05-02,2315
13438,2015-05-02,4594
7943,2015-05-02,3130
12388,2015-05-02,4314
3936,2015-05-02,2055
8612,2015-05-02,3311
14415,2015-05-02,4841
1967,2015-05-02,1536
5852,2015-05-02,2571
6537,2015-05-02,2754
12241,2015-05-02,4280
6258,2015-05-02,2681
12445,2015-05-02,4326
13170,2015-05-02,4524
8690,2015-05-03,3334
1463,2015-05-03,1404
3633,2015-05-03,1974
4473,2015-05-03,2201
11394,2015-05-03,4069
4394,2015-05-03,2178
289,2015-05-03,1081
11766,2015-05-03,4161
8178,2015-05-03,3194
2604,2015-05-03,1715
13931,2015-05-03,4717
2224,2015-05-03,1609
11805,2015-05-03,4170
5646,2015-05-03,2518
7491,2015-05-03,3012
14816,2015-05-04,4954
14269,2015-05-04,4805
9918,2015-05-04,3664
176,2015-05-04,1050
3351,2015-05-04,1901
8668,2015-05-04,3327
10952,2015-05-04,3937
11904,2015-05-04,4195
5537,2015-05-04,2489
978,2015-05-04,1273
12760,2015-05-04,4412
9282,2015-05-04,3499
14712,2015-05-04,4931
2337,2015-05-04,1636
11196,2015-05-04,4008
63,2015-05-04,1015
8119,2015-05-04,3180
12644,2015-05-04,4378
10669,2015-05-05,3860
12867,2015-05-05,4441
10190,2015-05-05,3737
8187,2015-05-05,3196
633,2015-05-05,1171
8133,2015-05-05,3182
11821,2015-05-05,4176
5554,2015-05-05,2494
6761,2015-05-05,2808
9637,2015-05-05,3588
5497,2015-05-05,2476
6492,2015-05-05,2743
1230,2015-05-05,1339
7695,2015-05-05,3066
7424,2015-05-05,2993
6363,2015-05-05,2707
2459,2015-05-05,1668
5036,2015-05-05,2352
11662,2015-05-05,4134
11377,2015-05-05,4065
5958,2015-05-06,2599
2386,2015-05-06,1651
6703,2015-05-06,2795
7638,2015-05-06,3050
12522,2015-05-06,4344
4586,2015-05-06,2232
11351,2015-05-06,4054
11937,2015-05-06,4204
10215,2015-05-06,3743
380,2015-05-06,1107
5105,2015-05-06,2370
3544,2015-05-06,1948
7530,2015-05-06,3023
8048,2015-05-06,3160
13075,2015-05-06,4499
10316,2015-05-07,3766
4035,2015-05-07,2077
5753,2015-05-07,2546
5718,2015-05-07,2537
14057,2015-05-07,4748
985,2015-05-07,1275
10478,2015-05-07,3810
14812,2015-05-07,4953
9784,2015-05-07,3623
11363,2015-05-07,4059
5491,2015-05-07,2475
6425,2015-05-07,2723
5912,2015-05-07,2587
3062,2015-05-07,1827
349,2015-05-07,1098
13720,2015-05-07,4667
9194,2015-05-07,3480
7572,2015-05-07,3034
6178,2015-05-08,2659
4580,2015-05-08,2231
5951,2015-05-08,2597
8210,2015-05-08,3204
11337,2015-05-08,4048
8250,2015-05-08,3214
9577,2015-05-08,3574
1259,2015-05-08,1346
13818,2015-05-08,4688
12031,2015-05-08,4225
7111,2015-05-08,2909
13086,2015-05-08,4501
7036,2015-05-08,2884
12421,2015-05-08,4321
14889,2015-05-08,4975
12727,2015-05-08,4403
3503,2015-05-08,1938
8189,2015-05-08,3198
11104,2015-05-08,3976
12578,2015-05-08,4362
12538,2015-05-08,4351
3906,2015-05-08,2047
2531,2015-05-08,1692
9583,2015-05-08,3575
12667,2015-05-08,4387
4815,2015-05-08,2293
6346,2015-05-08,2703
6670,2015-05-09,2787
7370,2015-05-09,2978
11298,2015-05-09,4037
2693,2015-05-09,1737
11863,2015-05-09,4187
8533,2015-05-09,3293
1642,2015-05-09,1452
2902,2015-05-09,1787
11595,2015-05-09,4119
11370,2015-05-09,4061
9126,2015-05-09,3463
6319,2015-05-09,2696
13907,2015-05-09,4710
7613,2015-05-09,3044
3325,2015-05-09,1894
7578,2015-05-09,3035
13144,2015-05-10,4515
10895,2015-05-10,3920
8715,2015-05-10,3343
4825,2015-05-10,2294
4120,2015-05-10,2102
9155,2015-05-10,3469
4972,2015-05-10,2337
11185,2015-05-10,4004
13201,2015-05-10,4529
1354,2015-05-10,1373
10638,2015-05-10,3851
8868,2015-05-10,3387
13692,2015-05-10,4661
11884,2015-05-10,4191
3113,2015-05-10,1841
14481,2015-05-10,4859
4914,2015-05-10,2319
3703,2015-05-10,1996
9502,2015-05-10,3553
9012,2015-05-10,3429
1267,2015-05-10,1349
13179,2015-05-11,4525
6148,2015-05-11,2650
1348,2015-05-11,1371
4778,2015-05-11,2282
11807,2015-05-11,4170
2009,2015-05-11,1551
1592,2015-05-11,1438
5087,2015-05-11,2364
10824,2015-05-11,3904
7200,2015-05-11,2934
5548,2015-05-11,2492
8725,2015-05-11,3346
11898,2015-05-11,4194
10571,2015-05-11,3835
7384,2015-05-11,2981
860,2015-05-11,1236
10108,2015-05-11,3715
10481,2015-05-11,3811
11380,2015-05-11,4065
8350,2015-05-11,3245
2042,2015-05-11,1562
9654,2015-05-11,3591
12173,2015-05-11,4264
6786,2015-05-11,2814
11816,2015-05-11,4173
4410,2015-05-11,2184
10397,2015-05-11,3786
13309,2015-05-12,4559
11549,2015-05-12,4108
454,2015-05-12,1125
10578,2015-05-12,3837
3781,2015-05-12,2015
11000,2015-05-12,3950
11265,2015-05-12,4027
2971,2015-05-12,1803
14544,2015-05-12,4875
8983,2015-05-12,3421
3482,2015-05-12,1932
9590,2015-05-12,3577
5827,2015-05-12,2564
1848,2015-05-12,1503
5962,2015-05-12,2600
5382,2015-05-12,2444
11845,2015-05-12,4182
1872,2015-05-13,1509
5764,2015-05-13,2549
708,2015-05-13,1194
7842,2015-05-13,3104
1738,2015-05-13,1477
6333,2015-05-13,2700
10515,2015-05-13,3818
11008,2015-05-13,3953
11521,2015-05-13,4102
11914,2015-05-13,4197
5455,2015-05-13,2464
14425,2015-05-13,4843
12433,2015-05-13,4323
1382,2015-05-13,1380
433,2015-05-13,1118
4020,2015-05-14,2073
4434,2015-05-14,2190
8609,2015-05-14,3310
13595,2015-05-14,4637
8032,2015-05-14,3154
8894,2015-05-14,3396
274,2015-05-14,1076
13319,2015-05-14,4563
288,2015-05-14,1080
9817,2015-05-14,3636
8699,2015-05-14,3337
4928,2015-05-14,2324
2559,2015-05-14,1699
14364,2015-05-14,4828
6963,2015-05-14,2865
2008,2015-05-14,1550
36,2015-05-14,1009
1747,2015-05-14,1479
1938,2015-05-14,1527
5479,2015-05-14,2470
3453,2015-05-15,1927
1748,2015-05-15,1479
11023,2015-05-15,3957
751,2015-05-15,1206
4644,2015-05-15,2245
13582,2015-05-15,4634
4891,2015-05-15,2312
4149,2015-05-15,2110
3717,2015-05-15,1998
4036,2015-05-15,2077
1777,2015-05-15,1485
9086,2015-05-15,3452
13426,2015-05-15,4591
6798,2015-05-15,2816
13483,2015-05-15,4606
9217,2015-05-15,3484
4687,2015-05-15,2257
1984,2015-05-15,1542
1459,2015-05-15,1403
14493,2015-05-15,4862
3580,2015-05-15,1959
4310,2015-05-15,2156
2694,2015-05-15,1737
8460,2015-05-15,3270
193,2015-05-15,1052
7039,2015-05-15,2885
4041,2015-05-16,2079
6023,2015-05-16,2616
2376,2015-05-16,1649
8842,2015-05-16,3380
3222,2015-05-16,1869
334,2015-05-16,1094
12926,2015-05-16,4456
11209,2015-05-16,4012
9768,2015-05-16,3620
1740,2015-05-16,1477
1460,2015-05-16,1403
9592,2015-05-16,3578
14574,2015-05-16,4883
4746,2015-05-16,2272
9128,2015-05-16,3463
13320,2015-05-16,4563
12384,2015-05-16,4313
14217,2015-05-16,4790
13771,2015-05-16,4679
1877,2015-05-16,1510
9122,2015-05-16,3462
71,2015-05-16,1017
14956,2015-05-16,4999
327,2015-05-16,1092
13933,2015-05-16,4717
9456,2015-05-17,3543
459,2015-05-17,1126
14201,2015-05-17,4787
2564,2015-05-17,1701
3863,2015-05-17,2038
8351,2015-05-17,3245
10354,2015-05-17,3776
8602,2015-05-17,3309
2464,2015-05-17,1670
2314,2015-05-17,1629
13505,2015-05-17,4613
5811,2015-05-17,2560
571,2015-05-17,1154
14876,2015-05-17,4971
8933,2015-05-17,3406
1834,2015-05-17,1499
14442,2015-05-17,4849
105,2015-05-17,1027
5146,2015-05-17,2381
10243,2015-05-17,3750
13782,2015-05-17,4682
6542,2015-05-17,2755
6195,2015-05-18,2663
8794,2015-05-18,3363
13162,2015-05-18,4522
12783,2015-05-18,4417
3718,2015-05-18,1998
1378,2015-05-18,1379
12806,2015-05-18,4426
14075,2015-05-18,4752
1200,2015-05-18,1330
889,2015-05-18,1242
7668,2015-05-18,3058
2982,2015-05-18,1807
4623,2015-05-18,2240
9716,2015-05-18,3604
10958,2015-05-18,3938
9363,2015-05-18,3518
7843,2015-05-18,3104
3132,2015-05-18,1846
13548,2015-05-18,4624
5529,2015-05-18,2485
5862,2015-05-18,2574
14744,2015-05-18,4937
6892,2015-05-18,2847
5708,2015-05-18,2534
1140,2015-05-18,1312
10151,2015-05-19,3727
7436,2015-05-19,2996
7551,2015-05-19,3028
2820,2015-05-19,1768
2927,2015-05-19,1793
11199,2015-05-19,4008
4255,2015-05-19,2142
1156,2015-05-19,1319
3186,2015-05-19,1861
6101,2015-05-19,2636
4762,2015-05-19,2275
829,2015-05-19,1230
8684,2015-05-19,3331
2448,2015-05-19,1663
3367,2015-05-19,1905
5248,2015-05-19,2408
6500,2015-05-19,2744
7401,2015-05-19,2986
6710,2015-05-19,2796
9402,2015-05-19,3528
9023,2015-05-19,3433
5838,2015-05-19,2568
11171,2015-05-19,3999
7873,2015-05-19,3112
9303,2015-05-20,3504
1330,2015-05-20,1365
3497,2015-05-20,1936
12889,2015-05-20,4445
8944,2015-05-20,3409
3663,2015-05-20,1983
10120,2015-05-20,3718
833,2015-05-20,1231
9157,2015-05-20,3469
5969,2015-05-20,2601
8416,2015-05-20,3258
14647,2015-05-20,4908
815,2015-05-20,1225
1643,2015-05-21,1452
12412,2015-05-21,4319
2551,2015-05-21,1697
10874,2015-05-21,3915
3984,2015-05-21,2066
6883,2015-05-21,2844
3040,2015-05-21,1821
2023,2015-05-21,1554
2608,2015-05-21,1715
8551,2015-05-21,3297
7348,2015-05-21,2972
945,2015-05-21,1261
3297,2015-05-21,1888
7226,2015-05-21,2940
13218,2015-05-21,4533
2591,2015-05-21,1710
10025,2015-05-21,3690
6174,2015-05-21,2657
5943,2015-05-21,2594
6054,2015-05-21,2624
4568,2015-05-22,2229
1809,2015-05-22,1493
4475,2015-05-22,2201
11617,2015-05-22,4124
5083,2015-05-22,2363
7574,2015-05-22,3034
8569,2015-05-22,3302
12911,2015-05-22,4453
11584,2015-05-22,4115
13892,2015-05-22,4705
8548,2015-05-22,3296
2316,2015-05-22,1630
3692,2015-05-22,1993
14392,2015-05-22,4835
11422,2015-05-22,4076
883,2015-05-22,1241
377,2015-05-22,1105
7754,2015-05-22,3082
6031,2015-05-22,2617
3243,2015-05-22,1875
13965,2015-05-22,4723
156,2015-05-22,1042
13956,2015-05-23,4721
1194,2015-05-23,1329
2084,2015-05-23,1572
1231,2015-05-23,1339
8766,2015-05-23,3356
8919,2015-05-23,3402
14939,2015-05-23,4992
8343,2015-05-23,3242
7413,2015-05-23,2990
7827,2015-05-23,3100
1110,2015-05-23,1305
5740,2015-05-23,2543
132,2015-05-23,1035
4285,2015-05-23,2149
77,2015-05-23,1018
2078,2015-05-24,1571
4163,2015-05-24,2114
9596,2015-05-24,3579
8405,2015-05-24,3255
1436,2015-05-24,1394
6633,2015-05-24,2777
1502,2015-05-24,1414
1111,2015-05-24,1305
9515,2015-05-24,3557
7998,2015-05-24,3143
6018,2015-05-24,2613
6090,2015-05-24,2632
3001,2015-05-24,1811
5684,2015-05-24,2525
10201,2015-05-24,3738
13202,2015-05-24,4529
14832,2015-05-24,4958
9630,2015-05-24,3586
7252,2015-05-24,2946
429,2015-05-24,1117
769,2015-05-24,1211
4091,2015-05-24,2092
555,2015-05-25,1150
14449,2015-05-25,4851
12836,2015-05-25,4433
12594,2015-05-25,4364
8108,2015-05-25,3176
6723,2015-05-25,2799
12550,2015-05-25,4353
12662,2015-05-25,4384
209,2015-05-25,1055
6470,2015-05-25,2736
9694,2015-05-25,3599
14203,2015-05-25,4787
14870,2015-05-26,4969
1175,2015-05-26,1325
8556,2015-05-26,3298
9823,2015-05-26,3638
2230,2015-05-26,1610
2824,2015-05-26,1768
10147,2015-05-26,3726
11296,2015-05-26,4036
4872,2015-05-26,2307
2505,2015-05-26,1683
2379,2015-05-26,1649
12272,2015-05-26,4288
13707,2015-05-26,4664
3276,2015-05-26,1883
10960,2015-05-26,3938
2889,2015-05-26,1784
9420,2015-05-26,3532
7019,2015-05-26,2879
11139,2015-05-26,3986
10729,2015-05-27,3877
10530,2015-05-27,3822
13529,2015-05-27,4619
5,2015-05-27,1000
6875,2015-05-27,2840
14298,2015-05-27,4812
11735,2015-05-27,4153
11035,2015-05-27,3959
6345,2015-05-27,2702
7317,2015-05-27,2961
11413,2015-05-27,4074
13733,2015-05-27,4669
12744,2015-05-27,4406
1633,2015-05-27,1449
2354,2015-05-27,1641
9668,2015-05-27,3593
12015,2015-05-27,4222
5855,2015-05-27,2572
7660,2015-05-27,3054
8967,2015-05-27,3415
3310,2015-05-27,1890
3283,2015-05-27,1885
4577,2015-05-28,2230
6832,2015-05-28,2830
5878,2015-05-28,2578
10131,2015-05-28,3720
3182,2015-05-28,1859
6198,2015-05-28,2663
9950,2015-05-28,3672
2333,2015-05-28,1634
5129,2015-05-28,2376
103,2015-05-28,1026
3134,2015-05-28,1846
12940,2015-05-28,4460
11051,2015-05-28,3962
4481,2015-05-28,2202
1828,2015-05-28,1498
13362,2015-05-28,4573
12832,2015-05-28,4432
3802,2015-05-28,2019
13480,2015-05-28,4605
3130,2015-05-28,1845
4355,2015-05-29,2167
2186,2015-05-29,1599
4654,2015-05-29,2249
8320,2015-05-29,3232
11731,2015-05-29,4152
9339,2015-05-29,3513
1335,2015-05-29,1366
8527,2015-05-29,3290
9164,2015-05-29,3471
2673,2015-05-29,1732
13211,2015-05-29,4531
7397,2015-05-29,2985
11539,2015-05-29,4105
1456,2015-05-29,1401
859,2015-05-29,1235
6514,2015-05-29,2746
2554,2015-05-29,1697
7733,2015-05-29,3077
2324,2015-05-29,1632
1106,2015-05-29,1303
3452,2015-05-29,1926
4572,2015-05-30,2229
5000,2015-05-30,2343
11074,2015-05-30,3967
9920,2015-05-30,3664
5372,2015-05-30,2441
13744,2015-05-30,4671
11777,2015-05-30,4163
4565,2015-05-30,2228
5655,2015-05-30,2519
6418,2015-05-30,2719
1031,2015-05-30,1283
12160,2015-05-30,4260
13272,2015-05-30,4548
1338,2015-05-30,1366
10116,2015-05-30,3717
9651,2015-05-30,3590
14181,2015-05-31,4782
4797,2015-05-31,2288
11980,2015-05-31,4215
2128,2015-05-31,1583
8951,2015-05-31,3410
4651,2015-05-31,2247
6012,2015-05-31,2612
145,2015-05-31,1039
2702,2015-05-31,1739
1538,2015-05-31,1422
10798,2015-05-31,3897
3872,2015-05-31,2040
3162,2015-05-31,1853
5373,2015-05-31,2441
7556,2015-05-31,3029
11063,2015-06-01,3966
9474,2015-06-01,3548
2438,2015-06-01,1661
5136,2015-06-01,2380
6630,2015-06-01,2777
9500,2015-06-01,3553
6177,2015-06-01,2659
12215,2015-06-01,4273
6464,2015-06-01,2735
14182,2015-06-01,4783
6679,2015-06-01,2789
14609,2015-06-01,4895
13938,2015-06-01,4719
6646,2015-06-01,2781
1722,2015-06-02,1474
4064,2015-06-02,2086
3631,2015-06-02,1972
9593,2015-06-02,3579
108,2015-06-02,1028
5297,2015-06-02,2426
9855,2015-06-02,3648
7440,2015-06-02,2997
9453,2015-06-02,3543
1017,2015-06-02,1281
7363,2015-06-02,2976
9392,2015-06-02,3526
5230,2015-06-02,2404
8988,2015-06-02,3423
3392,2015-06-02,1911
5911,2015-06-02,2587
6134,2015-06-03,2646
14926,2015-06-03,4989
3807,2015-06-03,2022
11827,2015-06-03,4178
14408,2015-06-03,4839
11810,2015-06-03,4171
5823,2015-06-03,2563
1091,2015-06-03,1299
1682,2015-06-03,1464
5650,2015-06-03,2519
3512,2015-06-04,1940
5502,2015-06-04,2477
5165,2015-06-04,2389
11839,2015-06-04,4180
10285,2015-06-04,3760
3402,2015-06-04,1914
13819,2015-06-04,4689
10125,2015-06-04,3719
3952,2015-06-04,2058
12105,2015-06-04,4245
7840,2015-06-04,3104
983,2015-06-04,1275
1757,2015-06-04,1481
14411,2015-06-05,4840
2058,2015-06-05,1566
7369,2015-06-05,2978
4631,2015-06-05,2242
9213,2015-06-05,3484
4950,2015-06-05,2331
9739,2015-06-05,3613
8097,2015-06-05,3175
13446,2015-06-05,4596
5298,2015-06-05,2426
7278,2015-06-05,2954
7566,2015-06-05,3032
11374,2015-06-05,4064
8728,2015-06-05,3347
7281,2015-06-05,2955
2036,2015-06-05,1561
11610,2015-06-05,4122
3265,2015-06-05,1881
4452,2015-06-05,2194
7629,2015-06-06,3048
12207,2015-06-06,4272
14047,2015-06-06,4746
8546,2015-06-06,3296
8057,2015-06-06,3162
3705,2015-06-06,1997
7083,2015-06-06,2902
12805,2015-06-06,4426
1615,2015-06-06,1444
11282,2015-06-06,4033
7282,2015-06-06,2955
4886,2015-06-06,2311
9245,2015-06-06,3491
8655,2015-06-06,3324
5777,2015-06-06,2551
7089,2015-06-06,2904
12262,2015-06-06,4286
7217,2015-06-06,2938
2592,2015-06-06,1711
2873,2015-06-06,1781
3294,2015-06-06,1888
10432,2015-06-06,3796
13899,2015-06-06,4708
10319,2015-06-06,3767
5360,2015-06-06,2440
9822,2015-06-06,3638
13876,2015-06-06,4700
5336,2015-06-06,2434
10916,2015-06-07,3926
4562,2015-06-07,2227
12946,2015-06-07,4462
9331,2015-06-07,3511
7611,2015-06-07,3044
5810,2015-06-07,2560
1000,2015-06-07,1277
5458,2015-06-07,2465
2892,2015-06-07,1785
1217,2015-06-07,1334
13068,2015-06-07,4497
13508,2015-06-07,4614
7955,2015-06-07,3134
3993,2015-06-07,2068
3592,2015-06-08,1962
13184,2015-06-08,4526
7682,2015-06-08,3062
3239,2015-06-08,1874
5117,2015-06-08,2374
2313,2015-06-08,1629
6407,2015-06-08,2718
2679,2015-06-08,1734
11088,2015-06-08,3972
262,2015-06-08,1073
5400,2015-06-08,2448
437,2015-06-08,1120
8769,2015-06-08,3357
7715,2015-06-08,3072
5770,2015-06-08,2550
13082,2015-06-08,4500
12704,2015-06-08,4395
14054,2015-06-08,4747
9635,2015-06-08,3587
4908,2015-06-08,2316
1184,2015-06-08,1327
6915,2015-06-08,2852
5361,2015-06-08,2440
7209,2015-06-08,2936
7550,2015-06-09,3028
5467,2015-06-09,2467
2581,2015-06-09,1707
14416,2015-06-09,4841
4409,2015-06-09,2184
11157,2015-06-09,3997
14347,2015-06-09,4825
14170,2015-06-09,4780
4728,2015-06-09,2270
6653,2015-06-09,2782
11973,2015-06-09,4214
9570,2015-06-09,3572
2978,2015-06-09,1805
9025,2015-06-10,3434
8698,2015-06-10,3337
9656,2015-06-10,3592
5555,2015-06-10,2494
645,2015-06-10,1175
8316,2015-06-10,3232
14234,2015-06-10,4796
14817,2015-06-10,4954
9179,2015-06-10,3475
12875,2015-06-10,4442
12478,2015-06-10,4335
9999,2015-06-10,3683
11093,2015-06-10,3973
3375,2015-06-10,1908
4175,2015-06-11,2119
6098,2015-06-11,2635
6042,2015-06-11,2620
2010,2015-06-11,1551
14543,2015-06-11,4875
695,2015-06-11,1190
1438,2015-06-11,1395
5091,2015-06-11,2365
535,2015-06-11,1146
9691,2015-06-11,3599
9476,2015-06-11,3548
12565,2015-06-11,4358
14694,2015-06-11,4924
438,2015-06-11,1120
2913,2015-06-11,1789
8428,2015-06-11,3262
9246,2015-06-11,3491
3698,2015-06-12,1995
6365,2015-06-12,2707
13937,2015-06-12,4718
4095,2015-06-12,2093
7909,2015-06-12,3120
7506,2015-06-12,3015
12547,2015-06-12,4353
11762,2015-06-12,4160
11355,2015-06-12,4056
6410,2015-06-12,2718
11685,2015-06-12,4138
8291,2015-06-12,3225
2444,2015-06-12,1662
10315,2015-06-12,3765
674,2015-06-12,1183
8055,2015-06-12,3161
12707,2015-06-12,4396
2967,2015-06-12,1801
7027,2015-06-12,2882
273,2015-06-12,1076
10154,2015-06-12,3728
11533,2015-06-12,4104
7084,2015-06-12,2902
517,2015-06-13,1142
7137,2015-06-13,2916
2958,2015-06-13,1799
9579,2015-06-13,3574
13328,2015-06-13,4564
5556,2015-06-13,2494
13425,2015-06-13,4591
7935,2015-06-13,3128
9127,2015-06-13,3463
12853,2015-06-13,4437
792,2015-06-13,1218
10684,2015-06-13,3863
1265,2015-06-13,1348
7800,2015-06-13,3094
7711,2015-06-13,3071
8748,2015-06-13,3352
4712,2015-06-13,2265
5693,2015-06-13,2530
13286,2015-06-13,4553
10989,2015-06-13,3947
12110,2015-06-13,4246
11733,2015-06-13,4153
9734,2015-06-13,3612
8086,2015-06-14,3169
12216,2015-06-14,4273
7300,2015-06-14,2958
32,2015-06-14,1006
13119,2015-06-14,4509
9272,2015-06-14,3497
7386,2015-06-14,2982
13043,2015-06-14,4492
1768,2015-06-14,1483
11624,2015-06-14,4125
10389,2015-06-14,3784
13629,2015-06-14,4646
5765,2015-06-14,2549
8184,2015-06-14,3195
11664,2015-06-14,4134
3557,2015-06-14,1950
10208,2015-06-14,3741
583,2015-06-14,1159
11189,2015-06-14,4006
9133,2015-06-14,3465
2113,2015-06-14,1580
11483,2015-06-14,4092
14553,2015-06-14,4877
13954,2015-06-15,4721
14353,2015-06-15,4826
13114,2015-06-15,4508
496,2015-06-15,1136
118,2015-06-15,1032
11826,2015-06-15,4177
6452,2015-06-15,2730
5051,2015-06-15,2356
13146,2015-06-15,4515
2777,2015-06-15,1757
12020,2015-06-15,4223
13088,2015-06-15,4501
12972,2015-06-15,4468
10993,2015-06-15,3948
8068,2015-06-15,3165
3241,2015-06-15,1874
10541,2015-06-15,3828
8888,2015-06-15,3394
2426,2015-06-15,1658
123,2015-06-15,1033
6180,2015-06-15,2659
4736,2015-06-16,2271
9496,2015-06-16,3552
6212,2015-06-16,2667
3245,2015-06-16,1876
676,2015-06-16,1184
9452,2015-06-16,3542
13528,2015-06-16,4619
4668,2015-06-16,2253
1320,2015-06-16,1363
7258,2015-06-16,2948
9096,2015-06-16,3456
8487,2015-06-16,3281
14091,2015-06-16,4757
12057,2015-06-16,4233
4922,2015-06-16,2321
10068,2015-06-16,3703
12192,2015-06-16,4267
6262,2015-06-16,2682
10834,2015-06-16,3906
7535,2015-06-16,3025
9567,2015-06-17,3571
9262,2015-06-17,3495
11990,2015-06-17,4217
4341,2015-06-17,2165
5383,2015-06-17,2444
1948,2015-06-17,1529
11082,2015-06-17,3971
11140,2015-06-17,3987
12183,2015-06-17,4266
7213,2015-06-17,2937
6714,2015-06-17,2798
12905,2015-06-17,4452
10386,2015-06-17,3783
9609,2015-06-17,3582
12871,2015-06-17,4441
6721,2015-06-17,2799
9903,2015-06-17,3661
14452,2015-06-17,4852
8470,2015-06-18,3275
14278,2015-06-18,4807
3100,2015-06-18,1837
9770,2015-06-18,3620
13111,2015-06-18,4507
11141,2015-06-18,3987
2595,2015-06-18,1711
13375,2015-06-18,4576
11729,2015-06-18,4152
3866,2015-06-18,2039
7877,2015-06-18,3113
1800,2015-06-18,1491
10653,2015-06-18,3855
11848,2015-06-18,4182
165,2015-06-18,1046
2210,2015-06-18,1605
4700,2015-06-18,2261
4021,2015-06-18,2073
4365,2015-06-18,2170
5550,2015-06-18,2492
8954,2015-06-19,3411
3071,2015-06-19,1829
7024,2015-06-19,2880
11526,2015-06-19,4103
4328,2015-06-19,2162
6800,2015-06-19,2816
784,2015-06-19,1216
5364,2015-06-19,2440
14928,2015-06-19,4989
4055,2015-06-19,2083
11098,2015-06-19,3974
1180,2015-06-19,1326
7707,2015-06-19,3068
7259,2015-06-19,2948
8001,2015-06-19,3144
10832,2015-06-19,3905
13284,2015-06-19,4552
5813,2015-06-19,2560
10983,2015-06-19,3946
6311,2015-06-19,2694
8377,2015-06-19,3248
4369,2015-06-19,2171
9812,2015-06-19,3635
2366,2015-06-19,1646
771,2015-06-19,1212
4788,2015-06-19,2286
1526,2015-06-19,1420
13912,2015-06-19,4711
2048,2015-06-19,1564
5380,2015-06-20,2443
4563,2015-06-20,2227
14555,2015-06-20,4877
13063,2015-06-20,4495
9581,2015-06-20,3574
3141,2015-06-20,1848
14938,2015-06-20,4992
1508,2015-06-20,1416
923,2015-06-20,1253
11038,2015-06-20,3960
2168,2015-06-20,1595
7214,2015-06-20,2937
5527,2015-06-20,2484
8395,2015-06-20,3253
1325,2015-06-20,1364
4270,2015-06-20,2146
7238,2015-06-20,2943
1955,2015-06-20,1532
4202,2015-06-20,2128
12615,2015-06-21,4371
5789,2015-06-21,2553
8785,2015-06-21,3361
7309,2015-06-21,2960
5093,2015-06-21,2365
1910,2015-06-21,1518
5332,2015-06-21,2433
1321,2015-06-21,1363
1786,2015-06-21,1488
5249,2015-06-21,2408
8465,2015-06-21,3272
10458,2015-06-21,3804
5088,2015-06-21,2364
6384,2015-06-21,2712
3590,2015-06-21,1961
9860,2015-06-21,3649
6729,2015-06-21,2800
14080,2015-06-21,4753
4052,2015-06-21,2082
11173,2015-06-21,4001
1405,2015-06-21,1385
13651,2015-06-21,4651
5193,2015-06-21,2394
7645,2015-06-21,3050
9896,2015-06-21,3659
6831,2015-06-22,2830
10387,2015-06-22,3783
14028,2015-06-22,4742
1119,2015-06-22,1307
3094,2015-06-22,1835
6523,2015-06-22,2749
8861,2015-06-22,3385
13431,2015-06-22,4592
12461,2015-06-22,4330
8492,2015-06-22,3282
8712,2015-06-22,3342
7488,2015-06-22,3011
6368,2015-06-22,2707
10890,2015-06-22,3918
5180,2015-06-22,2391
4827,2015-06-22,2294
1863,2015-06-22,1507
8033,2015-06-22,3154
8190,2015-06-23,3198
5121,2015-06-23,2374
4403,2015-06-23,2181
4659,2015-06-23,2251
9687,2015-06-23,3597
3779,2015-06-23,2014
2676,2015-06-23,1733
1794,2015-06-23,1489
7814,2015-06-23,3096
13440,2015-06-23,4594
1088,2015-06-23,1298
5205,2015-06-23,2397
12359,2015-06-23,4305
2105,2015-06-23,1578
3612,2015-06-23,1967
1115,2015-06-23,1306
2353,2015-06-23,1641
12251,2015-06-23,4282
12979,2015-06-23,4470
12386,2015-06-23,4313
14439,2015-06-23,4848
8578,2015-06-24,3305
4479,2015-06-24,2202
10486,2015-06-24,3811
8357,2015-06-24,3246
8234,2015-06-24,3208
6672,2015-06-24,2787
166,2015-06-24,1046
10837,2015-06-24,3907
2491,2015-06-24,1679
12498,2015-06-24,4338
10492,2015-06-24,3812
4818,2015-06-24,2293
267,2015-06-24,1074
1673,2015-06-24,1460
12156,2015-06-24,4259
10273,2015-06-24,3757
5084,2015-06-24,2363
10904,2015-06-24,3922
9736,2015-06-24,3612
1725,2015-06-24,1474
4166,2015-06-24,2115
3032,2015-06-25,1819
5927,2015-06-25,2590
1816,2015-06-25,1494
6019,2015-06-25,2614
10742,2015-06-25,3879
12706,2015-06-25,4395
2502,2015-06-25,1682
10547,2015-06-25,3829
4257,2015-06-25,2142
1353,2015-06-25,1372
7029,2015-06-25,2882
3145,2015-06-25,1849
5397,2015-06-25,2447
7389,2015-06-25,2982
6970,2015-06-25,2867
13732,2015-06-25,4669
12049,2015-06-25,4230
445,2015-06-25,1122
2378,2015-06-25,1649
7219,2015-06-25,2938
4192,2015-06-25,2125
511,2015-06-26,1140
1444,2015-06-26,1395
10083,2015-06-26,3707
12990,2015-06-26,4473
9116,2015-06-26,3461
5306,2015-06-26,2427
11153,2015-06-26,3995
1474,2015-06-26,1407
2557,2015-06-26,1698
6132,2015-06-26,2645
1688,2015-06-26,1465
5265,2015-06-26,2413
13701,2015-06-27,4662
7516,2015-06-27,3018
9266,2015-06-27,3495
5972,2015-06-27,2601
12710,2015-06-27,4397
1772,2015-06-27,1483
7372,2015-06-27,2978
6133,2015-06-27,2645
9547,2015-06-27,3564
13879,2015-06-27,4700
3485,2015-06-27,1932
3143,2015-06-27,1848
5181,2015-06-27,2391
899,2015-06-27,1245
10610,2015-06-27,3844
366,2015-06-27,1102
2724,2015-06-27,1744
8549,2015-06-27,3296
13322,2015-06-27,4563
4696,2015-06-27,2260
10305,2015-06-27,3763
4483,2015-06-27,2203
10502,2015-06-27,3815
8333,2015-06-28,3237
8393,2015-06-28,3252
11858,2015-06-28,4184
837,2015-06-28,1231
12816,2015-06-28,4428
93,2015-06-28,1023
7903,2015-06-28,3119
8790,2015-06-28,3361
6265,2015-06-28,2682
8590,2015-06-28,3307
2535,2015-06-28,1692
7661,2015-06-28,3054
8862,2015-06-28,3385
1347,2015-06-28,1370
7805,2015-06-28,3094
14746,2015-06-28,4937
12146,2015-06-28,4257
9916,2015-06-28,3663
12086,2015-06-28,4240
3921,2015-06-28,2050
8808,2015-06-28,3365
9186,2015-06-28,3476
4008,2015-06-28,2070
10519,2015-06-28,3819
14758,2015-06-29,4939
7861,2015-06-29,3109
5313,2015-06-29,2429
5321,2015-06-29,2431
4703,2015-06-29,2261
14457,2015-06-29,4852
8801,2015-06-29,3364
675,2015-06-29,1183
11499,2015-06-29,4096
1134,2015-06-29,1311
13133,2015-06-29,4511
3154,2015-06-29,1851
5564,2015-06-29,2496
11266,2015-06-29,4027
7415,2015-06-29,2990
8280,2015-06-29,3221
8632,2015-06-29,3317
14236,2015-06-29,4796
4873,2015-06-29,2307
8225,2015-06-29,3206
9014,2015-06-29,3429
7150,2015-06-30,2919
2382,2015-06-30,1649
13417,2015-06-30,4588
648,2015-06-30,1175
12923,2015-06-30,4455
8475,2015-06-30,3276
4415,2015-06-30,2184
3199,2015-06-30,1864
4889,2015-06-30,2311
11979,2015-06-30,4215
10921,2015-06-30,3926
14837,2015-06-30,4959
5846,2015-06-30,2569
2466,2015-06-30,1670
1364,2015-06-30,1376
10596,2015-07-01,3842
13311,2015-07-01,4560
839,2015-07-01,1232
4420,2015-07-01,2186
6082,2015-07-01,2632
13833,2015-07-01,4693
249,2015-07-01,1068
1370,2015-07-01,1379
172,2015-07-01,1049
6166,2015-07-01,2655
3058,2015-07-01,1827
4726,2015-07-01,2270
2140,2015-07-01,1587
14118,2015-07-01,4765
8611,2015-07-01,3311
12583,2015-07-01,4363
5487,2015-07-01,2473
2797,2015-07-01,1762
12469,2015-07-01,4333
4861,2015-07-01,2304
3471,2015-07-02,1931
51,2015-07-02,1013
3996,2015-07-02,2069
10946,2015-07-02,3935
10417,2015-07-02,3793
8085,2015-07-02,3169
870,2015-07-02,1239
9520,2015-07-02,3559
13618,2015-07-02,4644
8746,2015-07-02,3352
8496,2015-07-02,3283
6483,2015-07-02,2740
4708,2015-07-02,2263
7055,2015-07-02,2891
3508,2015-07-02,1939
1480,2015-07-02,1409
4531,2015-07-02,2218
11739,2015-07-02,4154
11188,2015-07-02,4006
3280,2015-07-03,1885
10771,2015-07-03,3891
2924,2015-07-03,1793
13312,2015-07-03,4560
8118,2015-07-03,3180
9343,2015-07-03,3515
3575,2015-07-03,1958
5647,2015-07-03,2518
8537,2015-07-03,3294
1963,2015-07-03,1535
324,2015-07-03,1092
14395,2015-07-03,4836
8945,2015-07-03,3410
14589,2015-07-03,4890
5368,2015-07-03,2441
14167,2015-07-03,4780
3943,2015-07-03,2056
11438,2015-07-03,4080
4717,2015-07-03,2267
6757,2015-07-03,2807
4805,2015-07-03,2290
11272,2015-07-04,4030
1181,2015-07-04,1327
5637,2015-07-04,2517
7650,2015-07-04,3052
9256,2015-07-04,3494
14336,2015-07-04,4822
10643,2015-07-04,3853
6315,2015-07-04,2695
2605,2015-07-04,1715
7127,2015-07-04,2913
5557,2015-07-04,2495
14238,2015-07-04,4797
9865,2015-07-04,3651
3024,2015-07-04,1818
5519,2015-07-04,2483
14029,2015-07-04,4743
10133,2015-07-04,3721
9545,2015-07-04,3564
9961,2015-07-04,3675
8326,2015-07-04,3236
5933,2015-07-04,2592
5666,2015-07-04,2523
8383,2015-07-05,3251
1064,2015-07-05,1292
465,2015-07-05,1128
7674,2015-07-05,3060
14501,2015-07-05,4864
12293,2015-07-05,4293
1896,2015-07-05,1515
5465,2015-07-05,2467
12226,2015-07-05,4275
789,2015-07-05,1218
6516,2015-07-05,2747
2716,2015-07-05,1742
1345,2015-07-05,1370
14119,2015-07-05,4765
1495,2015-07-05,1412
13171,2015-07-05,4524
4109,2015-07-05,2100
2980,2015-07-06,1806
13953,2015-07-06,4721
9703,2015-07-06,3601
1759,2015-07-06,1482
4941,2015-07-06,2327
9302,2015-07-06,3504
6392,2015-07-06,2715
3660,2015-07-06,1983
11342,2015-07-06,4050
5698,2015-07-06,2532
1310,2015-07-06,1361
1713,2015-07-06,1472
190,2015-07-06,1052
3140,2015-07-06,1848
2207,2015-07-06,1605
13606,2015-07-06,4641
2416,2015-07-07,1656
10693,2015-07-07,3866
10671,2015-07-07,3861
14479,2015-07-07,4859
11379,2015-07-07,4065
3938,2015-07-07,2055
5323,2015-07-07,2432
14437,2015-07-07,4848
9565,2015-07-07,3571
10809,2015-07-07,3900
7905,2015-07-07,3120
2558,2015-07-07,1699
2883,2015-07-07,1783
9685,2015-07-07,3597
10348,2015-07-07,3775
8970,2015-07-07,3416
7812,2015-07-07,3096
1374,2015-07-07,1379
13843,2015-07-07,4694
3365,2015-07-07,1905
4622,2015-07-07,2240
2767,2015-07-08,1754
5408,2015-07-08,2449
13326,2015-07-08,4564
8426,2015-07-08,3262
9327,2015-07-08,3509
10095,2015-07-08,3711
11302,2015-07-08,4038
5057,2015-07-08,2357
11949,2015-07-08,4207
5078,2015-07-08,2362
8424,2015-07-08,3260
2857,2015-07-08,1777
1549,2015-07-08,1426
7096,2015-07-08,2906
1635,2015-07-08,1450
13539,2015-07-08,4623
3831,2015-07-08,2029
8183,2015-07-08,3195
9150,2015-07-08,3468
11267,2015-07-08,4028
5610,2015-07-08,2511
3690,2015-07-08,1993
2121,2015-07-08,1582
13976,2015-07-08,4726
14717,2015-07-08,4932
4505,2015-07-09,2210
3099,2015-07-09,1837
3270,2015-07-09,1882
13292,2015-07-09,4555
4199,2015-07-09,2128
5533,2015-07-09,2487
11909,2015-07-09,4196
3578,2015-07-09,1959
9571,2015-07-09,3572
199,2015-07-09,1053
9244,2015-07-09,3490
10045,2015-07-09,3695
546,2015-07-09,1148
9819,2015-07-10,3637
489,2015-07-10,1135
3460,2015-07-10,1929
7598,2015-07-10,3041
14016,2015-07-10,4740
412,2015-07-10,1114
13687,2015-07-10,4660
1171,2015-07-10,1324
6138,2015-07-10,2648
10546,2015-07-10,3829
2129,2015-07-10,1584
5909,2015-07-10,2586
10550,2015-07-10,3830
1961,2015-07-10,1534
6092,2015-07-10,2633
2858,2015-07-10,1777
1041,2015-07-10,1286
1198,2015-07-10,1330
13421,2015-07-10,4589
10839,2015-07-10,3908
13029,2015-07-10,4487
4458,2015-07-10,2195
7409,2015-07-11,2990
10264,2015-07-11,3756
12579,2015-07-11,4362
14831,2015-07-11,4958
7768,2015-07-11,3085
9724,2015-07-11,3609
9451,2015-07-11,3542
2859,2015-07-11,1777
111,2015-07-11,1028
11808,2015-07-11,4170
4225,2015-07-11,2133
3151,2015-07-11,1851
14892,2015-07-11,4976
8905,2015-07-12,3399
8506,2015-07-12,3285
2869,2015-07-12,1780
6567,2015-07-12,2760
4987,2015-07-12,2340
7582,2015-07-12,3036
6663,2015-07-12,2785
3084,2015-07-12,1833
7464,2015-07-12,3005
10932,2015-07-12,3930
13997,2015-07-12,4734
9432,2015-07-12,3537
1314,2015-07-12,1361
12939,2015-07-12,4460
10118,2015-07-12,3718
5401,2015-07-12,2448
1776,2015-07-12,1485
6226,2015-07-12,2672
8454,2015-07-13,3268
2629,2015-07-13,1722
3209,2015-07-13,1866
2680,2015-07-13,1734
8485,2015-07-13,3280
8642,2015-07-13,3321
7583,2015-07-13,3036
117,2015-07-13,1032
13429,2015-07-13,4592
13451,2015-07-13,4597
1512,2015-07-13,1417
2198,2015-07-13,1603
1376,2015-07-13,1379
10231,2015-07-13,3746
6496,2015-07-13,2743
13680,2015-07-14,4658
9775,2015-07-14,3621
5829,2015-07-14,2564
13462,2015-07-14,4600
11200,2015-07-14,4009
440,2015-07-14,1120
9805,2015-07-14,3633
2081,2015-07-14,1572
9353,2015-07-14,3517
2173,2015-07-14,1596
11373,2015-07-14,4063
5613,2015-07-14,2511
7445,2015-07-14,2998
7120,2015-07-14,2911
14264,2015-07-14,4804
4312,2015-07-14,2157
2893,2015-07-15,1785
6421,2015-07-15,2721
1341,2015-07-15,1368
3509,2015-07-15,1939
5602,2015-07-15,2509
7501,2015-07-15,3014
11522,2015-07-15,4102
10200,2015-07-15,3738
13740,2015-07-15,4671
6997,2015-07-15,2873
6608,2015-07-15,2770
4594,2015-07-15,2234
10093,2015-07-15,3710
4946,2015-07-15,2329
14443,2015-07-15,4850
10015,2015-07-16,3687
4289,2015-07-16,2151
6968,2015-07-16,2867
7255,2015-07-16,2947
14148,2015-07-16,4774
4002,2015-07-16,2070
13405,2015-07-16,4585
4487,2015-07-16,2204
5845,2015-07-16,2569
13287,2015-07-16,4554
12636,2015-07-16,4376
6780,2015-07-16,2813
4938,2015-07-16,2326
988,2015-07-16,1275
5854,2015-07-17,2571
7701,2015-07-17,3067
10563,2015-07-17,3832
12064,2015-07-17,4234
6788,2015-07-17,2814
8596,2015-07-17,3308
7376,2015-07-17,2979
3878,2015-07-17,2041
6049,2015-07-17,2622
14719,2015-07-17,4932
9863,2015-07-17,3650
9373,2015-07-17,3521
6469,2015-07-17,2736
5028,2015-07-17,2349
14893,2015-07-17,4976
12305,2015-07-17,4295
4318,2015-07-17,2159
5340,2015-07-17,2435
5318,2015-07-18,2431
10355,2015-07-18,3776
10926,2015-07-18,3928
10172,2015-07-18,3732
14853,2015-07-18,4964
6699,2015-07-18,2794
6976,2015-07-18,2868
7821,2015-07-18,3099
12149,2015-07-18,4258
1670,2015-07-18,1459
2651,2015-07-18,1727
5108,2015-07-18,2370
4173,2015-07-18,2118
13722,2015-07-19,4667
13800,2015-07-19,4685
8906,2015-07-19,3399
67,2015-07-19,1016
7245,2015-07-19,2945
10593,2015-07-19,3841
11159,2015-07-19,3997
6274,2015-07-19,2685
4042,2015-07-19,2079
11574,2015-07-19,4113
1010,2015-07-19,1279
1658,2015-07-19,1456
7147,2015-07-19,2918
1355,2015-07-19,1373
7117,2015-07-19,2910
12021,2015-07-19,4223
3133,2015-07-19,1846
7990,2015-07-19,3141
3373,2015-07-19,1907
560,2015-07-19,1152
13497,2015-07-19,4610
4279,2015-07-19,2148
5456,2015-07-19,2464
248,2015-07-20,1067
11127,2015-07-20,3983
12131,2015-07-20,4254
1575,2015-07-20,1431
12543,2015-07-20,4352
9908,2015-07-20,3662
4502,2015-07-20,2209
13153,2015-07-20,4518
5788,2015-07-20,2553
2575,2015-07-20,1705
271,2015-07-20,1075
9655,2015-07-20,3591
10777,2015-07-20,3892
14221,2015-07-20,4792
9514,2015-07-20,3557
12023,2015-07-20,4223
13032,2015-07-20,4487
8254,2015-07-21,3215
7316,2015-07-21,2961
10498,2015-07-21,3814
3707,2015-07-21,1997
11551,2015-07-21,4108
12453,2015-07-21,4328
14006,2015-07-21,4736
34,2015-07-21,1008
9308,2015-07-21,3505
2987,2015-07-21,1808
9291,2015-07-21,3500
14612,2015-07-21,4895
2013,2015-07-21,1551
1036,2015-07-21,1285
12817,2015-07-21,4429
2020,2015-07-21,1553
1257,2015-07-21,1345
6603,2015-07-21,2769
13026,2015-07-21,4486
8634,2015-07-21,3318
10491,2015-07-21,3812
9628,2015-07-21,3585
7937,2015-07-21,3128
4548,2015-07-21,2222
4670,2015-07-21,2253
737,2015-07-22,1202
5632,2015-07-22,2515
9224,2015-07-22,3485
12736,2015-07-22,4405
3810,2015-07-22,2022
12884,2015-07-22,4444
1446,2015-07-22,1396
3553,2015-07-22,1949
14505,2015-07-22,4864
12637,2015-07-22,4376
13469,2015-07-22,4601
5841,2015-07-22,2568
9316,2015-07-22,3507
6595,2015-07-22,2765
13854,2015-07-22,4695
6462,2015-07-22,2733
10266,2015-07-22,3756
4525,2015-07-22,2215
2556,2015-07-22,1698
8786,2015-07-22,3361
12759,2015-07-22,4411
4294,2015-07-23,2152
5493,2015-07-23,2475
13120,2015-07-23,4509
2641,2015-07-23,1724
14328,2015-07-23,4820
744,2015-07-23,1204
9813,2015-07-23,3635
6447,2015-07-23,2729
3929,2015-07-23,2051
1076,2015-07-23,1295
4965,2015-07-23,2335
425,2015-07-23,1116
9506,2015-07-23,3554
2659,2015-07-23,1729
13294,2015-07-23,4555
3621,2015-07-23,1969
14874,2015-07-23,4970
1479,2015-07-23,1408
7018,2015-07-23,2879
11111,2015-07-23,3978
11137,2015-07-23,3986
2200,2015-07-23,1603
6588,2015-07-24,2764
3126,2015-07-24,1844
9113,2015-07-24,3460
1763,2015-07-24,1482
10311,2015-07-24,3764
12360,2015-07-24,4305
9494,2015-07-24,3551
10732,2015-07-24,3878
2896,2015-07-24,1785
9797,2015-07-24,3630
11134,2015-07-24,3985
3,2015-07-24,1000
3087,2015-07-24,1833
11243,2015-07-24,4019
5047,2015-07-24,2355
9041,2015-07-25,3438
8094,2015-07-25,3173
9904,2015-07-25,3661
2040,2015-07-25,1561
13626,2015-07-25,4645
4262,2015-07-25,2143
9322,2015-07-25,3508
8979,2015-07-25,3419
8685,2015-07-25,3331
12322,2015-07-25,4298
875,2015-07-25,1239
13019,2015-07-25,4485
236,2015-07-25,1064
11138,2015-07-25,3986
1850,2015-07-25,1503
6479,2015-07-25,2738
11121,2015-07-25,3982
8565,2015-07-25,3300
1606,2015-07-25,1442
3381,2015-07-26,1908
4830,2015-07-26,2294
14622,2015-07-26,4898
10411,2015-07-26,3790
8683,2015-07-26,3330
3960,2015-07-26,2060
14283,2015-07-26,4808
11528,2015-07-26,4103
1826,2015-07-26,1497
12673,2015-07-26,4387
9779,2015-07-26,3622
2437,2015-07-26,1660
11792,2015-07-26,4166
3164,2015-07-26,1854
11291,2015-07-26,4035
7958,2015-07-26,3135
12914,2015-07-27,4453
13344,2015-07-27,4569
11534,2015-07-27,4104
328,2015-07-27,1092
11094,2015-07-27,3973
11398,2015-07-27,4070
6224,2015-07-27,2671
11661,2015-07-27,4133
10164,2015-07-27,3730
1856,2015-07-27,1505
7669,2015-07-27,3058
435,2015-07-27,1118
5723,2015-07-27,2538
5461,2015-07-27,2466
14710,2015-07-27,4929
1090,2015-07-27,1298
6562,2015-07-27,2759
11737,2015-07-27,4153
13334,2015-07-27,4566
9294,2015-07-27,3501
12856,2015-07-28,4437
13271,2015-07-28,4548
4371,2015-07-28,2171
7119,2015-07-28,2910
8544,2015-07-28,3295
3844,2015-07-28,2032
14777,2015-07-28,4943
1298,2015-07-28,1357
1482,2015-07-28,1409
7532,2015-07-28,3023
14568,2015-07-28,4881
14474,2015-07-28,4857
2391,2015-07-28,1651
5559,2015-07-28,2495
2576,2015-07-28,1705
2127,2015-07-28,1583
10734,2015-07-28,3878
12311,2015-07-28,4296
4431,2015-07-28,2188
13281,2015-07-28,4551
12387,2015-07-28,4313
341,2015-07-28,1096
10588,2015-07-28,3840
10493,2015-07-28,3812
10024,2015-07-29,3689
4598,2015-07-29,2234
4151,2015-07-29,2110
6694,2015-07-29,2792
7991,2015-07-29,3141
9969,2015-07-29,3677
4714,2015-07-29,2265
3242,2015-07-29,1874
1476,2015-07-29,1407
8617,2015-07-29,3312
6878,2015-07-29,2842
13847,2015-07-29,4694
5392,2015-07-29,2446
3244,2015-07-29,1875
12284,2015-07-29,4291
3414,2015-07-29,1917
1726,2015-07-29,1474
13273,2015-07-30,4548
9139,2015-07-30,3465
4498,2015-07-30,2208
14231,2015-07-30,4795
12621,2015-07-30,4372
5961,2015-07-30,2599
389,2015-07-30,1108
10856,2015-07-30,3911
955,2015-07-30,1264
9367,2015-07-30,3519
9700,2015-07-30,3600
5500,2015-07-30,2476
12902,2015-07-30,4450
7950,2015-07-30,3132
4086,2015-07-30,2091
8410,2015-07-30,3256
10931,2015-07-30,3929
2964,2015-07-31,1800
5335,2015-07-31,2433
10962,2015-07-31,3938
12186,2015-07-31,4266
5412,2015-07-31,2450
6280,2015-07-31,2687
11869,2015-07-31,4187
8532,2015-07-31,3292
1326,2015-07-31,1364
773,2015-07-31,1212
43,2015-07-31,1010
6606,2015-07-31,2769
847,2015-07-31,1233
11253,2015-07-31,4022
9870,2015-07-31,3651
6549,2015-07-31,2756
5636,2015-07-31,2516
13633,2015-07-31,4646
7216,2015-07-31,2937
1264,2015-07-31,1347
1411,2015-07-31,1386
10710,2015-07-31,3871
3372,2015-07-31,1905
14309,2015-07-31,4816
2876,2015-08-01,1782
7681,2015-08-01,3062
13814,2015-08-01,4688
10323,2015-08-01,3768
9481,2015-08-01,3549
4315,2015-08-01,2158
12219,2015-08-01,4274
10307,2015-08-01,3764
9359,2015-08-01,3518
3675,2015-08-01,1990
13737,2015-08-01,4671
14903,2015-08-01,4982
6152,2015-08-01,2652
14199,2015-08-01,4787
8103,2015-08-01,3176
11339,2015-08-01,4049
10703,2015-08-01,3869
13868,2015-08-01,4699
2655,2015-08-01,1729
14656,2015-08-01,4913
1905,2015-08-01,1517
2484,2015-08-01,1678
1423,2015-08-01,1391
927,2015-08-02,1256
3687,2015-08-02,1992
12908,2015-08-02,4453
12999,2015-08-02,4478
5580,2015-08-02,2504
13662,2015-08-02,4655
3200,2015-08-02,1865
8036,2015-08-02,3156
10545,2015-08-02,3829
2263,2015-08-02,1618
9613,2015-08-02,3583
4367,2015-08-02,2171
12062,2015-08-02,4234
8911,2015-08-02,3401
2602,2015-08-02,1714
4083,2015-08-02,2091
13351,2015-08-02,4572
8528,2015-08-02,3291
4761,2015-08-02,2275
14782,2015-08-02,4945
6564,2015-08-02,2760
7086,2015-08-02,2903
6441,2015-08-02,2728
9199,2015-08-03,3481
11288,2015-08-03,4035
7447,2015-08-03,2999
13636,2015-08-03,4648
8152,2015-08-03,3186
3187,2015-08-03,1862
2241,2015-08-03,1613
12336,2015-08-03,4302
7221,2015-08-03,2939
4286,2015-08-03,2151
12766,2015-08-03,4413
7441,2015-08-03,2997
5055,2015-08-03,2357
9946,2015-08-03,3671
1888,2015-08-03,1513
10667,2015-08-03,3859
9960,2015-08-03,3675
13816,2015-08-03,4688
13881,2015-08-03,4702
482,2015-08-03,1133
5824,2015-08-03,2563
11750,2015-08-03,4156
6958,2015-08-03,2864
4540,2015-08-04,2220
173,2015-08-04,1049
3488,2015-08-04,1934
12292,2015-08-04,4293
14067,2015-08-04,4750
13241,2015-08-04,4540
4940,2015-08-04,2327
12115,2015-08-04,4249
2090,2015-08-04,1574
10408,2015-08-04,3790
3193,2015-08-04,1863
4734,2015-08-04,2271
8266,2015-08-04,3219
11919,2015-08-04,4199
14258,2015-08-04,4801
3324,2015-08-04,1894
13339,2015-08-04,4567
13433,2015-08-04,4593
6662,2015-08-04,2785
14299,2015-08-04,4813
1576,2015-08-04,1432
3600,2015-08-04,1965
2191,2015-08-04,1602
2029,2015-08-04,1557
11423,2015-08-04,4077
348,2015-08-05,1098
13373,2015-08-05,4576
1358,2015-08-05,1374
4849,2015-08-05,2300
8283,2015-08-05,3222
5011,2015-08-05,2346
3278,2015-08-05,1884
6923,2015-08-05,2855
4223,2015-08-05,2133
9108,2015-08-05,3459
9633,2015-08-05,3587
408,2015-08-05,1113
1339,2015-08-05,1367
9214,2015-08-05,3484
551,2015-08-06,1149
10290,2015-08-06,3761
14772,2015-08-06,4942
2217,2015-08-06,1608
10207,2015-08-06,3741
3489,2015-08-06,1934
13053,2015-08-06,4494
3565,2015-08-06,1954
12505,2015-08-06,4340
9674,2015-08-06,3595
1930,2015-08-06,1524
14860,2015-08-06,4967
12266,2015-08-06,4287
9991,2015-08-06,3682
4387,2015-08-06,2176
6624,2015-08-06,2775
594,2015-08-06,1162
10203,2015-08-06,3739
11239,2015-08-06,4019
2120,2015-08-06,1582
11956,2015-08-07,4210
13444,2015-08-07,4595
4307,2015-08-07,2156
13427,2015-08-07,4592
1528,2015-08-07,1421
13010,2015-08-07,4482
2111,2015-08-07,1580
3128,2015-08-07,1845
13893,2015-08-07,4706
12851,2015-08-07,4437
8138,2015-08-07,3183
5551,2015-08-07,2493
8308,2015-08-07,3229
10418,2015-08-07,3793
804,2015-08-07,1222
3406,2015-08-07,1915
2430,2015-08-07,1659
10714,2015-08-07,3872
4478,2015-08-07,2202
2957,2015-08-07,1799
6870,2015-08-07,2840
8207,2015-08-07,3203
11579,2015-08-07,4114
2843,2015-08-07,1774
1981,2015-08-07,1542
12925,2015-08-08,4456
14152,2015-08-08,4776
10028,2015-08-08,3691
2158,2015-08-08,1593
13076,2015-08-08,4499
5267,2015-08-08,2415
14872,2015-08-08,4970
7088,2015-08-08,2903
8227,2015-08-08,3207
10088,2015-08-08,3709
702,2015-08-08,1191
6953,2015-08-08,2862
11315,2015-08-08,4042
14362,2015-08-08,4828
4388,2015-08-08,2176
6566,2015-08-08,2760
10513,2015-08-08,3818
2243,2015-08-08,1613
13613,2015-08-08,4643
9849,2015-08-08,3646
2727,2015-08-08,1746
730,2015-08-08,1200
3661,2015-08-09,1983
8520,2015-08-09,3289
1397,2015-08-09,1384
12234,2015-08-09,4277
13094,2015-08-09,4503
2792,2015-08-09,1761
8340,2015-08-09,3241
7907,2015-08-09,3120
2327,2015-08-09,1633
5706,2015-08-09,2534
168,2015-08-09,1047
1185,2015-08-09,1327
7375,2015-08-09,2979
95,2015-08-10,1024
14611,2015-08-10,4895
13206,2015-08-10,4531
12006,2015-08-10,4220
6420,2015-08-10,2721
6494,2015-08-10,2743
3174,2015-08-10,1857
13615,2015-08-10,4643
4769,2015-08-10,2278
7640,2015-08-10,3050
10435,2015-08-10,3797
4200,2015-08-10,2128
573,2015-08-10,1155
11280,2015-08-10,4032
7143,2015-08-10,2918
7815,2015-08-10,3097
5417,2015-08-11,2452
7328,2015-08-11,2964
4143,2015-08-11,2108
10489,2015-08-11,3812
4207,2015-08-11,2129
7272,2015-08-11,2952
2011,2015-08-11,1551
6267,2015-08-11,2683
6255,2015-08-11,2680
8222,2015-08-11,3206
11591,2015-08-11,4117
4729,2015-08-11,2270
4375,2015-08-11,2173
5134,2015-08-11,2379
9553,2015-08-11,3568
11670,2015-08-11,4136
5687,2015-08-11,2527
13109,2015-08-11,4506
3990,2015-08-12,2067
7763,2015-08-12,3084
9954,2015-08-12,3673
183,2015-08-12,1051
1013,2015-08-12,1280
6720,2015-08-12,2799
5289,2015-08-12,2422
3185,2015-08-12,1861
7410,2015-08-12,2990
7947,2015-08-12,3132
5523,2015-08-12,2484
11763,2015-08-12,4160
14200,2015-08-12,4787
1042,2015-08-12,1286
12623,2015-08-12,4373
5805,2015-08-12,2558
9313,2015-08-12,3507
1962,2015-08-13,1534
1598,2015-08-13,1439
9750,2015-08-13,3615
11229,2015-08-13,4017
7988,2015-08-13,3141
5481,2015-08-13,2471
9957,2015-08-13,3674
12597,2015-08-13,4366
11572,2015-08-13,4113
13282,2015-08-13,4552
5738,2015-08-13,2543
9537,2015-08-13,3562
13478,2015-08-13,4605
2117,2015-08-13,1581
355,2015-08-13,1099
7454,2015-08-13,3002
8805,2015-08-13,3365
4132,2015-08-13,2106
10002,2015-08-13,3684
9102,2015-08-13,3458
11638,2015-08-13,4129
12694,2015-08-13,4392
528,2015-08-13,1144
844,2015-08-13,1233
2417,2015-08-13,1656
6856,2015-08-14,2836
7484,2015-08-14,3010
2319,2015-08-14,1631
7064,2015-08-14,2895
6359,2015-08-14,2706
12324,2015-08-14,4299
5311,2015-08-14,2428
5513,2015-08-14,2480
6842,2015-08-14,2833
12130,2015-08-14,4254
5582,2015-08-14,2504
10606,2015-08-14,3844
2580,2015-08-14,1706
6818,2015-08-14,2825
8753,2015-08-14,3353
310,2015-08-14,1087
11404,2015-08-14,4072
1977,2015-08-14,1540
7476,2015-08-14,3009
6244,2015-08-15,2676
2151,2015-08-15,1590
14839,2015-08-15,4960
2652,2015-08-15,1728
13110,2015-08-15,4507
13677,2015-08-15,4657
13014,2015-08-15,4483
2922,2015-08-15,1792
9320,2015-08-15,3508
5954,2015-08-15,2597
14290,2015-08-15,4810
14010,2015-08-15,4738
2940,2015-08-15,1796
4430,2015-08-15,2188
3782,2015-08-15,2016
4974,2015-08-15,2337
12136,2015-08-15,4255
1591,2015-08-15,1437
2363,2015-08-15,1646
6886,2015-08-15,2846
300,2015-08-15,1085
3455,2015-08-15,1928
11273,2015-08-15,4030
12952,2015-08-15,4463
14216,2015-08-15,4790
7663,2015-08-15,3056
3496,2015-08-15,1936
4059,2015-08-15,2084
9273,2015-08-15,3497
12695,2015-08-16,4392
3902,2015-08-16,2045
8994,2015-08-16,3424
4843,2015-08-16,2298
7808,2015-08-16,3095
3109,2015-08-16,1839
8000,2015-08-16,3144
4003,2015-08-16,2070
2880,2015-08-16,1782
7085,2015-08-16,2902
4426,2015-08-16,2187
3627,2015-08-16,1971
13516,2015-08-16,4616
8322,2015-08-16,3234
8917,2015-08-16,3402
8676,2015-08-16,3328
14178,2015-08-16,4782
4159,2015-08-16,2113
6307,2015-08-17,2693
8701,2015-08-17,3338
6087,2015-08-17,2632
10232,2015-08-17,3746
14398,2015-08-17,4836
7680,2015-08-17,3061
13579,2015-08-17,4633
11435,2015-08-17,4079
10447,2015-08-17,3801
652,2015-08-17,1176
1843,2015-08-17,1501
5403,2015-08-17,2448
1108,2015-08-17,1304
8871,2015-08-17,3389
9698,2015-08-17,3600
6163,2015-08-17,2654
1849,2015-08-17,1503
13299,2015-08-17,4556
8547,2015-08-17,3296
9595,2015-08-17,3579
6749,2015-08-17,2805
2666,2015-08-17,1731
8069,2015-08-18,3165
14795,2015-08-18,4949
13837,2015-08-18,4693
13885,2015-08-18,4704
7662,2015-08-18,3055
3399,2015-08-18,1913
14706,2015-08-18,4928
1155,2015-08-18,1319
8795,2015-08-18,3363
5098,2015-08-18,2366
12144,2015-08-18,4257
12228,2015-08-18,4275
13859,2015-08-18,4696
11788,2015-08-18,4165
4930,2015-08-18,2324
2205,2015-08-18,1604
9401,2015-08-18,3528
3418,2015-08-18,1919
12288,2015-08-18,4292
2510,2015-08-18,1685
6053,2015-08-18,2624
13436,2015-08-18,4593
10470,2015-08-18,3808
6379,2015-08-18,2711
6388,2015-08-18,2713
6598,2015-08-19,2766
8444,2015-08-19,3266
10701,2015-08-19,3868
5535,2015-08-19,2488
13807,2015-08-19,4686
5816,2015-08-19,2561
8597,2015-08-19,3308
11142,2015-08-19,3987
13352,2015-08-19,4572
12652,2015-08-19,4381
2463,2015-08-19,1669
8891,2015-08-19,3395
13886,2015-08-19,4704
9236,2015-08-19,3488
5191,2015-08-19,2394
14840,2015-08-19,4960
9640,2015-08-19,3588
98,2015-08-19,1025
1781,2015-08-20,1486
14281,2015-08-20,4808
6375,2015-08-20,2709
10918,2015-08-20,3926
10251,2015-08-20,3752
12037,2015-08-20,4227
254,2015-08-20,1069
2504,2015-08-20,1683
12965,2015-08-20,4466
5839,2015-08-20,2568
8978,2015-08-20,3419
12046,2015-08-20,4229
14895,2015-08-20,4977
12014,2015-08-20,4222
793,2015-08-20,1218
8079,2015-08-20,3167
10299,2015-08-20,3762
1701,2015-08-20,1467
3706,2015-08-20,1997
1081,2015-08-20,1296
2275,2015-08-20,1620
7633,2015-08-20,3048
3976,2015-08-21,2064
5312,2015-08-21,2428
12827,2015-08-21,4431
2461,2015-08-21,1668
1427,2015-08-21,1391
3739,2015-08-21,2004
12007,2015-08-21,4220
5172,2015-08-21,2390
11849,2015-08-21,4182
2528,2015-08-21,1690
14511,2015-08-21,4866
12145,2015-08-21,4257
589,2015-08-21,1160
10801,2015-08-21,3898
3022,2015-08-21,1817
10252,2015-08-21,3752
3617,2015-08-21,1968
4683,2015-08-21,2256
13887,2015-08-21,4704
1879,2015-08-21,1510
14761,2015-08-21,4940
3731,2015-08-21,2001
14453,2015-08-21,4852
7497,2015-08-21,3013
2762,2015-08-21,1753
13188,2015-08-21,4526
1535,2015-08-21,1422
6930,2015-08-21,2856
12860,2015-08-21,4439
12540,2015-08-21,4351
757,2015-08-21,1208
3903,2015-08-21,2046
8392,2015-08-22,3252
5276,2015-08-22,2419
5891,2015-08-22,2581
14129,2015-08-22,4769
12097,2015-08-22,4243
9024,2015-08-22,3433
6801,2015-08-22,2816
14547,2015-08-22,4875
10094,2015-08-22,3710
6716,2015-08-22,2798
1509,2015-08-22,1416
13775,2015-08-22,4680
7172,2015-08-22,2925
13941,2015-08-22,4719
12799,2015-08-22,4424
10211,2015-08-22,3742
3396,2015-08-22,1912
13347,2015-08-22,4570
7813,2015-08-22,3096
3725,2015-08-23,2000
11723,2015-08-23,4150
5333,2015-08-23,2433
11969,2015-08-23,4213
10797,2015-08-23,3897
10062,2015-08-23,3699
6016,2015-08-23,2613
4463,2015-08-23,2196
3971,2015-08-23,2063
5439,2015-08-23,2458
119,2015-08-23,1032
2487,2015-08-23,1678
12815,2015-08-23,4428
10438,2015-08-23,3797
10854,2015-08-23,3911
13078,2015-08-23,4499
12912,2015-08-23,4453
12347,2015-08-23,4303
679,2015-08-24,1185
7964,2015-08-24,3137
5767,2015-08-24,2549
3721,2015-08-24,1999
10058,2015-08-24,3698
12549,2015-08-24,4353
7340,2015-08-24,2969
14056,2015-08-24,4747
3234,2015-08-24,1872
1669,2015-08-24,1458
8658,2015-08-24,3324
13189,2015-08-24,4526
1755,2015-08-24,1480
1893,2015-08-24,1514
11559,2015-08-24,4109
5849,2015-08-24,2570
14157,2015-08-24,4778
13065,2015-08-24,4495
12296,2015-08-24,4293
10031,2015-08-24,3691
758,2015-08-24,1208
14244,2015-08-24,4798
13167,2015-08-24,4523
785,2015-08-25,1216
5595,2015-08-25,2507
13619,2015-08-25,4644
914,2015-08-25,1248
3795,2015-08-25,2018
12609,2015-08-25,4369
11544,2015-08-25,4106
2246,2015-08-25,1613
1443,2015-08-25,1395
3546,2015-08-25,1948
9174,2015-08-25,3474
9046,2015-08-25,3439
5863,2015-08-25,2574
14235,2015-08-25,4796
13724,2015-08-25,4667
581,2015-08-25,1158
13700,2015-08-25,4662
9334,2015-08-26,3511
5431,2015-08-26,2454
13471,2015-08-26,4602
5999,2015-08-26,2609
1734,2015-08-26,1476
1100,2015-08-26,1302
14811,2015-08-26,4952
11466,2015-08-26,4087
10227,2015-08-26,3745
10689,2015-08-26,3864
1145,2015-08-26,1315
13176,2015-08-26,4524
10008,2015-08-26,3685
6612,2015-08-26,2771
5302,2015-08-26,2426
9396,2015-08-26,3526
14697,2015-08-26,4924
12310,2015-08-26,4296
11324,2015-08-26,4044
116,2015-08-26,1031
11725,2015-08-26,4150
7601,2015-08-27,3041
13777,2015-08-27,4680
2632,2015-08-27,1722
4215,2015-08-27,2131
456,2015-08-27,1125
13500,2015-08-27,4611
4230,2015-08-27,2134
2322,2015-08-27,1632
12501,2015-08-27,4338
13802,2015-08-27,4685
9317,2015-08-27,3507
8359,2015-08-27,3246
9669,2015-08-27,3593
7521,2015-08-27,3020
2872,2015-08-27,1780
8827,2015-08-27,3374
4516,2015-08-27,2212
9955,2015-08-27,3673
13290,2015-08-27,4554
12683,2015-08-27,4389
1775,2015-08-27,1484
7984,2015-08-27,3140
5424,2015-08-28,2453
11952,2015-08-28,4207
10906,2015-08-28,3922
11013,2015-08-28,3955
3689,2015-08-28,1992
10466,2015-08-28,3806
1050,2015-08-28,1287
5110,2015-08-28,2370
11244,2015-08-28,4019
2368,2015-08-28,1646
14430,2015-08-28,4845
11179,2015-08-28,4002
3748,2015-08-28,2007
14576,2015-08-28,4883
4135,2015-08-28,2106
5069,2015-08-28,2359
997,2015-08-28,1276
3306,2015-08-28,1889
2660,2015-08-28,1729
5463,2015-08-28,2466
9464,2015-08-28,3545
5801,2015-08-28,2556
4591,2015-08-28,2233
9417,2015-08-29,3531
10012,2015-08-29,3686
7949,2015-08-29,3132
4648,2015-08-29,2246
9340,2015-08-29,3513
12454,2015-08-29,4328
11358,2015-08-29,4056
931,2015-08-29,1256
2689,2015-08-29,1736
9782,2015-08-29,3622
4168,2015-08-29,2116
14037,2015-08-29,4744
11287,2015-08-29,4034
2195,2015-08-29,1602
5196,2015-08-30,2394
7565,2015-08-30,3031
13922,2015-08-30,4714
8802,2015-08-30,3364
3751,2015-08-30,2008
7938,2015-08-30,3128
5694,2015-08-30,2530
6520,2015-08-30,2747
13335,2015-08-30,4566
5113,2015-08-30,2371
11896,2015-08-30,4193
6751,2015-08-30,2805
5342,2015-08-30,2435
14,2015-08-30,1002
9980,2015-08-30,3679
8950,2015-08-30,3410
3014,2015-08-30,1815
3771,2015-08-30,2013
10059,2015-08-30,3698
4831,2015-08-31,2294
7734,2015-08-31,3077
323,2015-08-31,1090
3527,2015-08-31,1944
1610,2015-08-31,1442
3386,2015-08-31,1909
9670,2015-08-31,3593
7312,2015-08-31,2960
3815,2015-08-31,2023
11156,2015-08-31,3996
5405,2015-08-31,2448
13736,2015-08-31,4670
9084,2015-08-31,3451
876,2015-08-31,1239
5054,2015-08-31,2356
667,2015-09-01,1182
7735,2015-09-01,3078
9425,2015-09-01,3535
9239,2015-09-01,3489
9967,2015-09-01,3677
13969,2015-09-01,4725
4421,2015-09-01,2186
8600,2015-09-02,3309
11091,2015-09-02,3973
5281,2015-09-02,2421
7592,2015-09-02,3039
5617,2015-09-02,2512
9653,2015-09-02,3591
9560,2015-09-02,3570
8420,2015-09-02,3259
6318,2015-09-02,2696
6718,2015-09-02,2799
204,2015-09-02,1054
2635,2015-09-02,1723
9748,2015-09-02,3615
13155,2015-09-02,4519
12134,2015-09-02,4255
9495,2015-09-02,3552
503,2015-09-02,1138
3965,2015-09-03,2062
6675,2015-09-03,2788
10123,2015-09-03,3719
12929,2015-09-03,4457
5114,2015-09-03,2372
6644,2015-09-03,2780
9066,2015-09-03,3447
5122,2015-09-03,2375
2424,2015-09-03,1658
10922,2015-09-03,3927
3106,2015-09-03,1839
4368,2015-09-03,2171
10084,2015-09-03,3708
13967,2015-09-03,4724
10632,2015-09-03,3850
13261,2015-09-03,4546
14536,2015-09-03,4873
5553,2015-09-03,2494
11175,2015-09-03,4002
4441,2015-09-03,2193
3608,2015-09-03,1967
6995,2015-09-03,2873
13125,2015-09-03,4510
12963,2015-09-03,4466
4292,2015-09-03,2152
10439,2015-09-04,3798
6593,2015-09-04,2765
5235,2015-09-04,2406
1253,2015-09-04,1344
2818,2015-09-04,1768
7761,2015-09-04,3084
1566,2015-09-04,1430
9809,2015-09-04,3635
4088,2015-09-04,2092
586,2015-09-04,1160
3479,2015-09-04,1932
13100,2015-09-04,4504
10275,2015-09-04,3758
7816,2015-09-04,3098
3836,2015-09-04,2030
4115,2015-09-04,2101
11682,2015-09-04,4138
5884,2015-09-04,2580
8141,2015-09-04,3184
13935,2015-09-04,4718
10600,2015-09-04,3843
174,2015-09-05,1049
12573,2015-09-05,4361
2692,2015-09-05,1737
3225,2015-09-05,1870
222,2015-09-05,1061
2536,2015-09-05,1693
7049,2015-09-05,2888
14595,2015-09-05,4891
12587,2015-09-05,4364
3188,2015-09-05,1862
10178,2015-09-05,3734
14345,2015-09-05,4825
7269,2015-09-05,2951
4744,2015-09-05,2272
14228,2015-09-06,4794
4897,2015-09-06,2314
7071,2015-09-06,2899
4801,2015-09-06,2289
12491,2015-09-06,4338
1601,2015-09-06,1440
5223,2015-09-06,2402
1296,2015-09-06,1357
11794,2015-09-06,4167
12187,2015-09-06,4267
10404,2015-09-06,3789
9600,2015-09-06,3581
14732,2015-09-06,4934
1007,2015-09-06,1279
13981,2015-09-06,4728
14779,2015-09-06,4944
4340,2015-09-06,2165
11840,2015-09-07,4180
11312,2015-09-07,4041
2197,2015-09-07,1603
7627,2015-09-07,3047
10077,2015-09-07,3705
3481,2015-09-07,1932
4158,2015-09-07,2113
1908,2015-09-07,1518
10698,2015-09-07,3867
12988,2015-09-07,4473
14610,2015-09-07,4895
13820,2015-09-07,4689
4504,2015-09-07,2210
3444,2015-09-07,1924
6299,2015-09-07,2691
14103,2015-09-08,4761
5019,2015-09-08,2348
12665,2015-09-08,4386
5299,2015-09-08,2426
5101,2015-09-08,2369
130,2015-09-08,1035
12274,2015-09-08,4289
5389,2015-09-08,2446
9271,2015-09-08,3497
799,2015-09-08,1220
1312,2015-09-08,1361
1293,2015-09-08,1356
331,2015-09-08,1094
1102,2015-09-08,1303
3672,2015-09-08,1988
6767,2015-09-08,2810
5086,2015-09-08,2364
10089,2015-09-08,3709
3797,2015-09-08,2019
10281,2015-09-08,3759
3095,2015-09-08,1836
9206,2015-09-08,3483
6535,2015-09-08,2753
14019,2015-09-08,4741
12917,2015-09-09,4455
3228,2015-09-09,1870
2639,2015-09-09,1724
13850,2015-09-09,4695
395,2015-09-09,1110
11616,2015-09-09,4124
5246,2015-09-09,2408
3028,2015-09-09,1819
3728,2015-09-09,2001
11126,2015-09-09,3983
7008,2015-09-09,2876
5575,2015-09-09,2501
2665,2015-09-09,1731
7002,2015-09-09,2874
286,2015-09-09,1079
3674,2015-09-09,1989
14480,2015-09-09,4859
6926,2015-09-09,2855
3644,2015-09-09,1979
2620,2015-09-10,1719
8386,2015-09-10,3251
1008,2015-09-10,1279
10792,2015-09-10,3896
11410,2015-09-10,4074
5673,2015-09-10,2524
3026,2015-09-10,1818
13340,2015-09-10,4567
12464,2015-09-10,4331
3970,2015-09-10,2063
3175,2015-09-10,1857
8398,2015-09-10,3254
6719,2015-09-10,2799
6792,2015-09-10,2815
9095,2015-09-10,3456
6401,2015-09-10,2716
6192,2015-09-10,2663
4806,2015-09-10,2290
12482,2015-09-10,4336
6238,2015-09-10,2675
9663,2015-09-10,3593
13778,2015-09-11,4681
6100,2015-09-11,2636
3925,2015-09-11,2051
7390,2015-09-11,2983
13864,2015-09-11,4697
12168,2015-09-11,4262
14189,2015-09-11,4784
6486,2015-09-11,2741
6382,2015-09-11,2712
10871,2015-09-11,3915
9672,2015-09-11,3594
3131,2015-09-11,1846
10760,2015-09-11,3886
11872,2015-09-11,4189
1299,2015-09-11,1358
12227,2015-09-11,4275
14213,2015-09-11,4789
8622,2015-09-12,3315
278,2015-09-12,1077
6695,2015-09-12,2794
13205,2015-09-12,4530
537,2015-09-12,1146
970,2015-09-12,1269
5106,2015-09-12,2370
12422,2015-09-12,4321
9875,2015-09-12,3653
11889,2015-09-12,4192
8673,2015-09-12,3328
12264,2015-09-12,4286
6713,2015-09-12,2797
2800,2015-09-13,1763
9405,2015-09-13,3529
9093,2015-09-13,3455
12117,2015-09-13,4249
10882,2015-09-13,3917
6378,2015-09-13,2711
7201,2015-09-13,2934
2879,2015-09-13,1782
14545,2015-09-13,4875
211,2015-09-13,1056
575,2015-09-13,1156
4600,2015-09-13,2235
1219,2015-09-13,1335
13226,2015-09-13,4536
14305,2015-09-13,4814
8531,2015-09-13,3292
8932,2015-09-13,3406
14192,2015-09-13,4785
14417,2015-09-13,4841
12191,2015-09-13,4267
14488,2015-09-13,4861
13639,2015-09-14,4648
6037,2015-09-14,2618
2485,2015-09-14,1678
9112,2015-09-14,3460
14695,2015-09-14,4924
6527,2015-09-14,2750
7544,2015-09-14,3027
8800,2015-09-14,3364
14789,2015-09-14,4947
13755,2015-09-14,4675
776,2015-09-14,1213
14591,2015-09-14,4890
12248,2015-09-14,4281
6278,2015-09-14,2687
11865,2015-09-14,4187
13806,2015-09-14,4686
1261,2015-09-15,1347
6239,2015-09-15,2675
13160,2015-09-15,4521
1945,2015-09-15,1528
12373,2015-09-15,4309
4903,2015-09-15,2315
10366,2015-09-15,3779
7546,2015-09-15,3027
8123,2015-09-15,3180
7599,2015-09-15,3041
10501,2015-09-15,3815
3263,2015-09-15,1880
4635,2015-09-15,2243
10573,2015-09-16,3835
14640,2015-09-16,4906
10436,2015-09-16,3797
11115,2015-09-16,3980
12670,2015-09-16,4387
14814,2015-09-16,4953
6697,2015-09-16,2794
11710,2015-09-16,4147
5441,2015-09-16,2459
10345,2015-09-16,3774
11112,2015-09-16,3979
3517,2015-09-16,1941
1241,2015-09-16,1341
1165,2015-09-16,1322
6912,2015-09-16,2851
558,2015-09-17,1151
3456,2015-09-17,1928
3930,2015-09-17,2053
3088,2015-09-17,1834
2622,2015-09-17,1719
7091,2015-09-17,2904
13910,2015-09-17,4711
11376,2015-09-17,4064
11053,2015-09-17,3963
6099,2015-09-17,2635
2768,2015-09-17,1754
5012,2015-09-17,2346
14459,2015-09-17,4853
1266,2015-09-17,1348
13374,2015-09-17,4576
10727,2015-09-17,3877
2935,2015-09-17,1794
10607,2015-09-17,3844
230,2015-09-18,1062
14667,2015-09-18,4915
7584,2015-09-18,3036
11049,2015-09-18,3962
2585,2015-09-18,1708
1657,2015-09-18,1456
14087,2015-09-18,4756
5338,2015-09-18,2434
6789,2015-09-18,2814
9872,2015-09-18,3652
1514,2015-09-18,1417
477,2015-09-18,1130
3628,2015-09-18,1971
12085,2015-09-18,4240
11402,2015-09-19,4071
1717,2015-09-19,1472
7294,2015-09-19,2957
1287,2015-09-19,1355
2662,2015-09-19,1730
4851,2015-09-19,2300
9518,2015-09-19,3558
5135,2015-09-19,2379
3237,2015-09-19,1873
6861,2015-09-19,2837
4413,2015-09-19,2184
14008,2015-09-19,4737
14531,2015-09-19,4871
6994,2015-09-19,2872
5996,2015-09-19,2608
10611,2015-09-19,3845
14173,2015-09-19,4780
7009,2015-09-19,2876
6482,2015-09-19,2739
2341,2015-09-19,1636
4112,2015-09-19,2100
14128,2015-09-20,4769
11106,2015-09-20,3976
7492,2015-09-20,3012
14321,2015-09-20,4819
9839,2015-09-20,3643
11437,2015-09-20,4079
4624,2015-09-20,2240
6202,2015-09-20,2664
5514,2015-09-20,2480
4724,2015-09-20,2269
4811,2015-09-20,2291
1885,2015-09-20,1512
12729,2015-09-20,4403
938,2015-09-20,1259
8341,2015-09-20,3241
9666,2015-09-20,3593
4361,2015-09-20,2169
11050,2015-09-20,3962
5985,2015-09-20,2604
6249,2015-09-21,2678
14069,2015-09-21,4750
12838,2015-09-21,4434
14560,2015-09-21,4878
11039,2015-09-21,3960
1900,2015-09-21,1515
2928,2015-09-21,1793
2083,2015-09-21,1572
9975,2015-09-21,3679
2871,2015-09-21,1780
3932,2015-09-21,2053
6347,2015-09-21,2703
12866,2015-09-21,4440
3743,2015-09-22,2005
4515,2015-09-22,2212
1213,2015-09-22,1333
9304,2015-09-22,3504
1058,2015-09-22,1290
8584,2015-09-22,3306
6164,2015-09-22,2654
5442,2015-09-22,2459
6768,2015-09-22,2810
4510,2015-09-22,2211
5842,2015-09-22,2568
3967,2015-09-22,2062
3435,2015-09-22,1922
1030,2015-09-22,1283
7703,2015-09-22,3067
7512,2015-09-22,3017
11639,2015-09-22,4129
3867,2015-09-22,2039
12660,2015-09-22,4384
479,2015-09-22,1132
9220,2015-09-22,3484
7186,2015-09-22,2928
9269,2015-09-22,3496
14691,2015-09-23,4923
9922,2015-09-23,3665
10373,2015-09-23,3781
11523,2015-09-23,4102
6089,2015-09-23,2632
5059,2015-09-23,2357
9377,2015-09-23,3522
37,2015-09-23,1009
14863,2015-09-23,4967
6404,2015-09-23,2716
4828,2015-09-23,2294
5475,2015-09-23,2469
11470,2015-09-23,4088
11875,2015-09-23,4190
13813,2015-09-23,4687
6887,2015-09-23,2846
4792,2015-09-23,2287
2776,2015-09-23,1756
9618,2015-09-23,3583
13791,2015-09-23,4683
1782,2015-09-23,1486
3000,2015-09-23,1811
8959,2015-09-23,3413
12569,2015-09-24,4359
9434,2015-09-24,3537
1547,2015-09-24,1425
4147,2015-09-24,2109
2930,2015-09-24,1793
10401,2015-09-24,3787
11747,2015-09-24,4155
14819,2015-09-24,4954
9274,2015-09-24,3497
10020,2015-09-24,3688
4176,2015-09-24,2119
11767,2015-09-24,4161
9605,2015-09-24,3581
3350,2015-09-24,1900
6217,2015-09-24,2669
898,2015-09-24,1245
3880,2015-09-24,2041
9129,2015-09-24,3463
6448,2015-09-24,2729
805,2015-09-24,1222
12485,2015-09-25,4336
9978,2015-09-25,3679
14023,2015-09-25,4741
12271,2015-09-25,4288
4713,2015-09-25,2265
8021,2015-09-25,3151
4507,2015-09-25,2210
7756,2015-09-25,3082
10529,2015-09-25,3822
2561,2015-09-25,1699
12831,2015-09-25,4432
12072,2015-09-25,4235
346,2015-09-25,1097
5937,2015-09-25,2592
13603,2015-09-25,4640
3272,2015-09-25,1882
12349,2015-09-25,4303
3389,2015-09-25,1910
6385,2015-09-26,2712
13942,2015-09-26,4719
442,2015-09-26,1120
2785,2015-09-26,1759
10295,2015-09-26,3761
2890,2015-09-26,1784
1153,2015-09-26,1318
9893,2015-09-26,3658
3635,2015-09-26,1975
731,2015-09-26,1200
10927,2015-09-26,3928
7437,2015-09-26,2996
3894,2015-09-26,2044
502,2015-09-26,1137
7231,2015-09-26,2941
4229,2015-09-26,2134
8468,2015-09-26,3273
5280,2015-09-27,2420
549,2015-09-27,1148
6080,2015-09-27,2631
1976,2015-09-27,1539
3197,2015-09-27,1864
11553,2015-09-27,4108
14115,2015-09-27,4764
9530,2015-09-27,3560
10338,2015-09-27,3772
2960,2015-09-27,1799
7793,2015-09-27,3090
9737,2015-09-27,3612
354,2015-09-27,1098
4488,2015-09-27,2204
13408,2015-09-28,4585
14289,2015-09-28,4809
4249,2015-09-28,2140
13183,2015-09-28,4525
6488,2015-09-28,2741
10075,2015-09-28,3704
7341,2015-09-28,2969
13121,2015-09-28,4509
8913,2015-09-28,3401
8585,2015-09-28,3306
4864,2015-09-28,2305
3083,2015-09-28,1832
713,2015-09-28,1195
2410,2015-09-28,1654
7513,2015-09-28,3017
5833,2015-09-28,2565
5446,2015-09-28,2460
10261,2015-09-28,3755
1681,2015-09-28,1463
4482,2015-09-28,2202
2725,2015-09-28,1744
5929,2015-09-28,2590
14045,2015-09-29,4745
9531,2015-09-29,3560
11124,2015-09-29,3982
7616,2015-09-29,3044
6701,2015-09-29,2794
5608,2015-09-29,2510
9891,2015-09-29,3657
12449,2015-09-29,4326
14124,2015-09-29,4766
9399,2015-09-29,3527
5645,2015-09-29,2517
962,2015-09-29,1265
1818,2015-09-29,1494
3415,2015-09-29,1918
1393,2015-09-29,1382
5341,2015-09-29,2435
8204,2015-09-29,3202
11494,2015-09-29,4095
13212,2015-09-29,4531
4290,2015-09-29,2151
4102,2015-09-29,2095
9465,2015-09-29,3545
11458,2015-09-29,4085
1101,2015-09-29,1302
2806,2015-09-29,1764
12298,2015-09-30,4293
3318,2015-09-30,1892
6440,2015-09-30,2727
4451,2015-09-30,2193
69,2015-09-30,1016
8065,2015-09-30,3164
4716,2015-09-30,2266
8244,2015-09-30,3211
7894,2015-09-30,3117
4012,2015-09-30,2071
4731,2015-09-30,2270
9511,2015-09-30,3556
10540,2015-09-30,3827
973,2015-09-30,1269
74,2015-09-30,1017
14642,2015-09-30,4906
6802,2015-09-30,2816
11486,2015-09-30,4092
3525,2015-09-30,1943
12223,2015-09-30,4274
2201,2015-09-30,1603
12654,2015-09-30,4381
12335,2015-09-30,4301
10668,2015-09-30,3859
13576,2015-09-30,4632
8724,2015-09-30,3345
10876,2015-09-30,3915
10359,2015-10-01,3778
6779,2015-10-01,2813
4104,2015-10-01,2097
378,2015-10-01,1107
10997,2015-10-01,3950
6795,2015-10-01,2816
6047,2015-10-01,2622
10661,2015-10-01,3857
11903,2015-10-01,4195
6884,2015-10-01,2845
14318,2015-10-01,4819
5932,2015-10-01,2592
4142,2015-10-01,2108
1807,2015-10-01,1493
9022,2015-10-01,3433
12646,2015-10-01,4379
9063,2015-10-01,3445
11117,2015-10-02,3981
4695,2015-10-02,2260
14014,2015-10-02,4740
13338,2015-10-02,4567
52,2015-10-02,1013
1719,2015-10-02,1473
13815,2015-10-02,4688
9842,2015-10-02,3644
7602,2015-10-02,3042
6727,2015-10-02,2800
13898,2015-10-02,4708
2790,2015-10-02,1761
13364,2015-10-03,4574
10051,2015-10-03,3697
5073,2015-10-03,2361
13848,2015-10-03,4695
11996,2015-10-03,4218
12017,2015-10-03,4223
7227,2015-10-03,2941
59,2015-10-03,1014
2032,2015-10-03,1559
12123,2015-10-03,4251
33,2015-10-03,1008
3614,2015-10-03,1968
6055,2015-10-03,2625
10722,2015-10-03,3876
4499,2015-10-03,2209
957,2015-10-03,1265
1630,2015-10-03,1449
14778,2015-10-03,4944
3323,2015-10-03,1894
14541,2015-10-03,4875
6356,2015-10-03,2706
14357,2015-10-03,4827
9075,2015-10-03,3450
47,2015-10-03,1012
14921,2015-10-04,4988
14458,2015-10-04,4853
4655,2015-10-04,2250
9158,2015-10-04,3470
205,2015-10-04,1054
5157,2015-10-04,2386
13939,2015-10-04,4719
1483,2015-10-04,1410
5447,2015-10-04,2461
9200,2015-10-04,3481
11555,2015-10-04,4109
12024,2015-10-04,4224
11471,2015-10-04,4089
9551,2015-10-04,3567
10877,2015-10-04,3916
10978,2015-10-04,3945
4704,2015-10-04,2262
5204,2015-10-04,2397
13573,2015-10-04,4632
1795,2015-10-04,1490
2545,2015-10-04,1696
321,2015-10-04,1090
12787,2015-10-04,4418
10153,2015-10-04,3728
1533,2015-10-04,1422
6146,2015-10-05,2650
12628,2015-10-05,4375
7604,2015-10-05,3042
5150,2015-10-05,2383
2164,2015-10-05,1595
3693,2015-10-05,1994
9643,2015-10-05,3589
10754,2015-10-05,3883
9740,2015-10-05,3613
11032,2015-10-05,3959
66,2015-10-05,1016
10308,2015-10-05,3764
35,2015-10-05,1009
12754,2015-10-05,4410
1317,2015-10-06,1362
3052,2015-10-06,1825
10819,2015-10-06,3903
8588,2015-10-06,3307
12881,2015-10-06,4444
8563,2015-10-06,3300
10452,2015-10-06,3803
7799,2015-10-06,3094
14596,2015-10-06,4891
170,2015-10-06,1048
4839,2015-10-06,2298
13977,2015-10-06,4727
7059,2015-10-06,2893
5322,2015-10-06,2432
7630,2015-10-06,3048
4320,2015-10-06,2160
5597,2015-10-06,2508
10326,2015-10-07,3768
1773,2015-10-07,1484
9471,2015-10-07,3547
5466,2015-10-07,2467
11972,2015-10-07,4214
4179,2015-10-07,2120
10891,2015-10-07,3919
3433,2015-10-07,1922
533,2015-10-07,1145
7247,2015-10-07,2946
4966,2015-10-07,2336
1202,2015-10-07,1331
4984,2015-10-07,2340
3919,2015-10-07,2049
13112,2015-10-07,4508
13178,2015-10-07,4525
8458,2015-10-07,3269
3870,2015-10-07,2040
2468,2015-10-07,1672
6271,2015-10-07,2685
12018,2015-10-07,4223
8705,2015-10-08,3339
4664,2015-10-08,2252
10109,2015-10-08,3716
13418,2015-10-08,4589
12275,2015-10-08,4289
2298,2015-10-08,1625
13638,2015-10-08,4648
422,2015-10-08,1116
896,2015-10-08,1245
13804,2015-10-08,4686
8023,2015-10-08,3153
11813,2015-10-08,4172
4332,2015-10-08,2164
9828,2015-10-08,3640
6303,2015-10-09,2692
1612,2015-10-09,1443
7358,2015-10-09,2975
3474,2015-10-09,1931
5837,2015-10-09,2568
5139,2015-10-09,2380
1704,2015-10-09,1468
325,2015-10-09,1092
3798,2015-10-09,2019
12852,2015-10-09,4437
3107,2015-10-09,1839
6847,2015-10-09,2835
4866,2015-10-09,2306
4461,2015-10-09,2196
6301,2015-10-09,2691
2907,2015-10-09,1788
13400,2015-10-09,4584
625,2015-10-09,1170
1542,2015-10-09,1424
5460,2015-10-10,2466
2345,2015-10-10,1639
6050,2015-10-10,2623
10364,2015-10-10,3779
7505,2015-10-10,3015
13357,2015-10-10,4573
7265,2015-10-10,2950
4986,2015-10-10,2340
4471,2015-10-10,2200
12483,2015-10-10,4336
5586,2015-10-10,2505
14813,2015-10-10,4953
12562,2015-10-10,4357
6491,2015-10-10,2742
1823,2015-10-10,1497
14184,2015-10-10,4783
12188,2015-10-10,4267
9072,2015-10-10,3449
11684,2015-10-10,4138
2878,2015-10-10,1782
9216,2015-10-10,3484
6533,2015-10-10,2752
3849,2015-10-11,2034
12432,2015-10-11,4323
4433,2015-10-11,2190
1361,2015-10-11,1375
14855,2015-10-11,4965
12494,2015-10-11,4338
9306,2015-10-11,3505
2848,2015-10-11,1775
14363,2015-10-11,4828
7144,2015-10-11,2918
9454,2015-10-11,3543
4418,2015-10-11,2185
9947,2015-10-11,3671
8648,2015-10-11,3322
10623,2015-10-11,3848
6645,2015-10-11,2780
12768,2015-10-11,4413
6797,2015-10-11,2816
13734,2015-10-11,4670
11228,2015-10-11,4017
7697,2015-10-11,3066
6688,2015-10-11,2790
3753,2015-10-11,2009
7152,2015-10-11,2920
2475,2015-10-11,1676
9161,2015-10-12,3471
1439,2015-10-12,1395
9054,2015-10-12,3442
2574,2015-10-12,1705
9992,2015-10-12,3682
7032,2015-10-12,2883
184,2015-10-12,1051
1369,2015-10-12,1378
12603,2015-10-12,4368
12471,2015-10-12,4334
6880,2015-10-12,2843
952,2015-10-12,1264
13230,2015-10-12,4537
12479,2015-10-12,4335
11158,2015-10-12,3997
14429,2015-10-12,4845
14563,2015-10-12,4879
9720,2015-10-12,3608
13828,2015-10-12,4691
10406,2015-10-12,3789
12755,2015-10-12,4410
81,2015-10-13,1020
10236,2015-10-13,3748
2145,2015-10-13,1588
2183,2015-10-13,1599
13852,2015-10-13,4695
8223,2015-10-13,3206
13962,2015-10-13,4722
7807,2015-10-13,3095
13198,2015-10-13,4528
8614,2015-10-13,3312
7918,2015-10-13,3122
14270,2015-10-13,4805
4111,2015-10-13,2100
12076,2015-10-13,4236
2870,2015-10-13,1780
10599,2015-10-14,3842
14954,2015-10-14,4998
14438,2015-10-14,4848
3002,2015-10-14,1812
275,2015-10-14,1076
11927,2015-10-14,4201
832,2015-10-14,1231
6376,2015-10-14,2710
10559,2015-10-14,3831
13669,2015-10-14,4656
2728,2015-10-14,1746
5719,2015-10-14,2537
8271,2015-10-14,3220
1318,2015-10-14,1363
1617,2015-10-14,1444
4010,2015-10-14,2071
12443,2015-10-14,4325
655,2015-10-14,1177
12256,2015-10-14,4284
3636,2015-10-14,1976
9987,2015-10-14,3681
8745,2015-10-14,3351
7404,2015-10-14,2988
14755,2015-10-14,4939
2054,2015-10-15,1565
11400,2015-10-15,4071
3651,2015-10-15,1980
7726,2015-10-15,3075
3268,2015-10-15,1881
5394,2015-10-15,2447
3669,2015-10-15,1987
2627,2015-10-15,1721
8135,2015-10-15,3182
4656,2015-10-15,2250
13762,2015-10-15,4677
464,2015-10-15,1127
4078,2015-10-15,2089
9675,2015-10-15,3595
115,2015-10-15,1031
8675,2015-10-15,3328
5233,2015-10-15,2404
7865,2015-10-15,3111
529,2015-10-15,1144
10758,2015-10-15,3885
10451,2015-10-15,3802
13209,2015-10-16,4531
12798,2015-10-16,4424
14578,2015-10-16,4885
11257,2015-10-16,4024
266,2015-10-16,1074
6175,2015-10-16,2658
3450,2015-10-16,1926
11313,2015-10-16,4041
4079,2015-10-16,2089
9867,2015-10-16,3651
11388,2015-10-16,4067
11939,2015-10-16,4204
13586,2015-10-16,4635
5686,2015-10-16,2526
4039,2015-10-16,2078
12169,2015-10-16,4262
12001,2015-10-16,4219
155,2015-10-16,1042
6640,2015-10-17,2779
2840,2015-10-17,1773
5712,2015-10-17,2535
3255,2015-10-17,1878
7337,2015-10-17,2968
7781,2015-10-17,3089
5676,2015-10-17,2524
5102,2015-10-17,2369
6708,2015-10-17,2796
1992,2015-10-17,1545
578,2015-10-17,1158
6295,2015-10-17,2690
3499,2015-10-17,1937
1799,2015-10-17,1491
9556,2015-10-17,3568
12801,2015-10-17,4425
10603,2015-10-17,3843
13283,2015-10-17,4552
4581,2015-10-17,2231
4491,2015-10-17,2206
4627,2015-10-18,2241
11279,2015-10-18,4031
6367,2015-10-18,2707
1221,2015-10-18,1335
8762,2015-10-18,3355
4354,2015-10-18,2167
10034,2015-10-18,3692
12249,2015-10-18,4281
991,2015-10-18,1275
14051,2015-10-18,4746
171,2015-10-18,1048
10119,2015-10-18,3718
12975,2015-10-18,4469
6664,2015-10-18,2785
13196,2015-10-18,4527
3204,2015-10-18,1865
7225,2015-10-18,2940
10553,2015-10-18,3830
6335,2015-10-18,2700
3366,2015-10-18,1905
14705,2015-10-19,4927
7502,2015-10-19,3014
1166,2015-10-19,1322
13303,2015-10-19,4557
5691,2015-10-19,2528
13698,2015-10-19,4662
8124,2015-10-19,3180
13714,2015-10-19,4666
5331,2015-10-19,2433
4436,2015-10-19,2191
4085,2015-10-19,2091
8400,2015-10-19,3254
12159,2015-10-19,4260
11083,2015-10-19,3971
12382,2015-10-19,4312
1595,2015-10-19,1438
7537,2015-10-19,3025
3345,2015-10-19,1899
10751,2015-10-19,3882
7912,2015-10-20,3120
12681,2015-10-20,4389
3733,2015-10-20,2002
7644,2015-10-20,3050
13242,2015-10-20,4540
6296,2015-10-20,2690
10455,2015-10-20,3803
12855,2015-10-20,4437
4126,2015-10-20,2104
11357,2015-10-20,4056
11444,2015-10-20,4081
9876,2015-10-21,3653
9568,2015-10-21,3571
207,2015-10-21,1054
322,2015-10-21,1090
3356,2015-10-21,1902
12957,2015-10-21,4464
9472,2015-10-21,3547
5677,2015-10-21,2524
6197,2015-10-21,2663
11040,2015-10-21,3960
4751,2015-10-21,2273
4362,2015-10-21,2169
6001,2015-10-21,2610
8114,2015-10-21,3178
2248,2015-10-21,1614
5779,2015-10-21,2551
6790,2015-10-21,2814
3750,2015-10-21,2008
7094,2015-10-22,2905
9935,2015-10-22,3668
14186,2015-10-22,4783
3683,2015-10-22,1991
84,2015-10-22,1021
638,2015-10-22,1173
14810,2015-10-22,4952
3559,2015-10-22,1951
8115,2015-10-22,3178
1652,2015-10-22,1454
2929,2015-10-22,1793
5970,2015-10-22,2601
2914,2015-10-22,1789
8965,2015-10-23,3414
10019,2015-10-23,3688
5683,2015-10-23,2525
11133,2015-10-23,3985
1308,2015-10-23,1360
10448,2015-10-23,3801
3789,2015-10-23,2017
13027,2015-10-23,4486
2049,2015-10-23,1564
11524,2015-10-23,4102
9059,2015-10-23,3443
11634,2015-10-23,4127
13254,2015-10-23,4543
3558,2015-10-23,1950
1001,2015-10-23,1277
11612,2015-10-23,4122
8934,2015-10-23,3406
259,2015-10-23,1072
8599,2015-10-23,3308
5803,2015-10-23,2557
13479,2015-10-23,4605
13510,2015-10-24,4614
14615,2015-10-24,4896
2816,2015-10-24,1767
14165,2015-10-24,4779
9966,2015-10-24,3676
12920,2015-10-24,4455
3346,2015-10-24,1899
1065,2015-10-24,1292
6692,2015-10-24,2792
5887,2015-10-24,2580
7359,2015-10-24,2975
8146,2015-10-24,3184
5239,2015-10-24,2406
3632,2015-10-24,1973
14950,2015-10-24,4996
5870,2015-10-25,2577
5264,2015-10-25,2413
8445,2015-10-25,3266
4438,2015-10-25,2191
1334,2015-10-25,1366
1881,2015-10-25,1510
5085,2015-10-25,2363
10838,2015-10-25,3907
8807,2015-10-25,3365
9001,2015-10-25,3426
3426,2015-10-25,1921
8489,2015-10-25,3281
11861,2015-10-25,4186
4571,2015-10-25,2229
13867,2015-10-25,4698
13402,2015-10-25,4584
12468,2015-10-25,4332
14153,2015-10-25,4776
4604,2015-10-25,2235
161,2015-10-25,1044
6987,2015-10-25,2870
14649,2015-10-26,4909
5910,2015-10-26,2586
10091,2015-10-26,3709
8471,2015-10-26,3275
11915,2015-10-26,4197
9251,2015-10-26,3491
3708,2015-10-26,1997
7766,2015-10-26,3084
4753,2015-10-26,2273
567,2015-10-26,1153
12290,2015-10-26,4292
12307,2015-10-26,4295
10468,2015-10-26,3807
12488,2015-10-26,4337
9042,2015-10-26,3438
9364,2015-10-26,3518
10770,2015-10-26,3890
14548,2015-10-26,4875
1069,2015-10-26,1293
12413,2015-10-26,4319
3172,2015-10-26,1856
7564,2015-10-27,3031
196,2015-10-27,1052
4777,2015-10-27,2281
242,2015-10-27,1065
1857,2015-10-27,1505
13831,2015-10-27,4692
375,2015-10-27,1104
12425,2015-10-27,4321
5445,2015-10-27,2460
1571,2015-10-27,1430
10351,2015-10-27,3775
12317,2015-10-27,4297
5319,2015-10-27,2431
14230,2015-10-27,4794
5287,2015-10-27,2421
836,2015-10-27,1231
1645,2015-10-27,1452
10044,2015-10-27,3694
3613,2015-10-27,1967
13233,2015-10-27,4537
14274,2015-10-27,4806
11029,2015-10-27,3958
701,2015-10-27,1190
14036,2015-10-28,4744
12087,2015-10-28,4240
284,2015-10-28,1078
2867,2015-10-28,1779
4148,2015-10-28,2109
9211,2015-10-28,3483
9660,2015-10-28,3592
14113,2015-10-28,4763
5522,2015-10-28,2483
14394,2015-10-28,4835
11868,2015-10-28,4187
6623,2015-10-28,2774
1829,2015-10-28,1498
10412,2015-10-28,3790
13169,2015-10-28,4523
8605,2015-10-28,3309
7688,2015-10-28,3063
4517,2015-10-28,2212
6828,2015-10-29,2829
13080,2015-10-29,4499
14925,2015-10-29,4988
2273,2015-10-29,1619
13354,2015-10-29,4572
12781,2015-10-29,4416
4314,2015-10-29,2157
7177,2015-10-29,2926
14516,2015-10-29,4867
13388,2015-10-29,4579
13049,2015-10-29,4493
10913,2015-10-29,3924
500,2015-10-29,1136
8949,2015-10-29,3410
6108,2015-10-30,2639
4697,2015-10-30,2260
340,2015-10-30,1095
11005,2015-10-30,3952
7012,2015-10-30,2876
3391,2015-10-30,1910
2563,2015-10-30,1700
2419,2015-10-30,1656
14111,2015-10-30,4762
3511,2015-10-30,1939
1243,2015-10-30,1341
7922,2015-10-31,3122
6824,2015-10-31,2827
14735,2015-10-31,4934
5358,2015-10-31,2439
12104,2015-10-31,4244
6069,2015-10-31,2627
12431,2015-10-31,4322
1847,2015-10-31,1502
14147,2015-10-31,4773
13757,2015-10-31,4675
2903,2015-10-31,1787
14571,2015-10-31,4882
4082,2015-10-31,2089
6869,2015-10-31,2839
3655,2015-10-31,1981
11493,2015-11-01,4095
9085,2015-11-01,3452
5544,2015-11-01,2492
13666,2015-11-01,4656
2839,2015-11-01,1773
5018,2015-11-01,2348
7005,2015-11-01,2875
4885,2015-11-01,2311
4359,2015-11-01,2169
9132,2015-11-01,3465
8362,2015-11-01,3247
3048,2015-11-01,1824
11604,2015-11-01,4121
1249,2015-11-01,1343
2497,2015-11-01,1682
342,2015-11-01,1097
10425,2015-11-01,3794
13051,2015-11-02,4494
2645,2015-11-02,1726
6305,2015-11-02,2693
2289,2015-11-02,1623
9771,2015-11-02,3621
4896,2015-11-02,2314
14887,2015-11-02,4975
11726,2015-11-02,4151
11405,2015-11-02,4073
1328,2015-11-02,1365
5627,2015-11-02,2514
14292,2015-11-02,4811
1197,2015-11-02,1330
2835,2015-11-02,1772
6837,2015-11-02,2832
9661,2015-11-03,3593
10711,2015-11-03,3872
10535,2015-11-03,3827
6424,2015-11-03,2723
494,2015-11-03,1136
2938,2015-11-03,1796
14368,2015-11-03,4829
11882,2015-11-03,4191
11451,2015-11-03,4084
12648,2015-11-03,4380
7022,2015-11-03,2880
11519,2015-11-03,4102
13156,2015-11-03,4519
10284,2015-11-03,3760
11911,2015-11-03,4197
1095,2015-11-03,1301
1167,2015-11-03,1323
12950,2015-11-03,4463
1869,2015-11-04,1509
7246,2015-11-04,2946
711,2015-11-04,1195
14784,2015-11-04,4946
11028,2015-11-04,3958
4705,2015-11-04,2262
7141,2015-11-04,2918
13798,2015-11-04,4685
14222,2015-11-04,4793
11262,2015-11-04,4025
11227,2015-11-04,4017
7787,2015-11-04,3090
6297,2015-11-04,2691
6293,2015-11-04,2690
13140,2015-11-04,4513
9642,2015-11-04,3589
13324,2015-11-04,4564
6962,2015-11-04,2865
4799,2015-11-04,2289
10663,2015-11-04,3857
13377,2015-11-04,4577
7499,2015-11-04,3014
2203,2015-11-04,1604
8186,2015-11-04,3196
8078,2015-11-04,3167
9576,2015-11-05,3574
12338,2015-11-05,4302
13745,2015-11-05,4672
12047,2015-11-05,4230
7677,2015-11-05,3061
3274,2015-11-05,1883
8401,2015-11-05,3255
14502,2015-11-05,4864
5271,2015-11-05,2416
9301,2015-11-05,3504
8939,2015-11-05,3408
4089,2015-11-06,2092
5623,2015-11-06,2513
14552,2015-11-06,4877
1078,2015-11-06,1296
11301,2015-11-06,4038
12446,2015-11-06,4326
11790,2015-11-06,4166
1897,2015-11-06,1515
13023,2015-11-06,4486
2235,2015-11-06,1612
3756,2015-11-06,2010
4161,2015-11-06,2114
6625,2015-11-06,2775
10928,2015-11-06,3929
8453,2015-11-06,3268
11663,2015-11-06,4134
10783,2015-11-06,3894
12564,2015-11-06,4358
10220,2015-11-06,3744
11646,2015-11-06,4130
11697,2015-11-06,4144
9912,2015-11-07,3663
8269,2015-11-07,3220
4054,2015-11-07,2083
1143,2015-11-07,1315
11908,2015-11-07,4196
83,2015-11-07,1021
11636,2015-11-07,4129
4170,2015-11-07,2117
13291,2015-11-07,4555
8660,2015-11-07,3325
8882,2015-11-07,3393
6242,2015-11-07,2676
1004,2015-11-07,1278
1956,2015-11-07,1533
1573,2015-11-07,1431
13494,2015-11-07,4609
6806,2015-11-07,2818
5715,2015-11-07,2536
6578,2015-11-07,2762
7223,2015-11-07,2940
13882,2015-11-08,4702
1053,2015-11-08,1289
8053,2015-11-08,3161
14078,2015-11-08,4753
6925,2015-11-08,2855
3206,2015-11-08,1866
5704,2015-11-08,2534
12410,2015-11-08,4319
3969,2015-11-08,2063
1487,2015-11-08,1410
6137,2015-11-08,2648
13414,2015-11-08,4588
9225,2015-11-08,3486
6119,2015-11-08,2643
13135,2015-11-08,4512
3940,2015-11-08,2055
7175,2015-11-08,2926
8747,2015-11-08,3352
7577,2015-11-08,3035
2440,2015-11-08,1661
10317,2015-11-08,3766
12713,2015-11-08,4398
3290,2015-11-09,1887
1179,2015-11-09,1326
3166,2015-11-09,1855
12714,2015-11-09,4398
10230,2015-11-09,3746
9381,2015-11-09,3523
8385,2015-11-09,3251
9369,2015-11-09,3520
317,2015-11-09,1088
2614,2015-11-09,1717
8755,2015-11-09,3354
13025,2015-11-09,4486
12868,2015-11-09,4441
14142,2015-11-09,4773
7073,2015-11-09,2899
1899,2015-11-09,1515
14161,2015-11-09,4779
13275,2015-11-09,4550
1832,2015-11-09,1499
7423,2015-11-09,2992
726,2015-11-09,1199
210,2015-11-09,1056
9874,2015-11-09,3653
2406,2015-11-09,1654
6475,2015-11-09,2738
1686,2015-11-09,1465
6864,2015-11-10,2838
2218,2015-11-10,1608
10042,2015-11-10,3694
7631,2015-11-10,3048
5428,2015-11-10,2454
5492,2015-11-10,2475
5711,2015-11-10,2535
9312,2015-11-10,3507
13769,2015-11-10,4679
10365,2015-11-10,3779
6451,2015-11-10,2730
182,2015-11-10,1051
10309,2015-11-10,3764
12992,2015-11-10,4474
5547,2015-11-10,2492
4435,2015-11-10,2191
12470,2015-11-10,4334
10973,2015-11-10,3942
10110,2015-11-10,3716
2521,2015-11-10,1688
4848,2015-11-10,2299
218,2015-11-10,1058
3045,2015-11-11,1823
5099,2015-11-11,2368
5288,2015-11-11,2422
4720,2015-11-11,2267
2213,2015-11-11,1606
2204,2015-11-11,1604
5957,2015-11-11,2598
3422,2015-11-11,1921
9424,2015-11-11,3534
3029,2015-11-11,1819
2447,2015-11-11,1663
7500,2015-11-11,3014
5759,2015-11-11,2548
8840,2015-11-11,3380
6135,2015-11-11,2646
5792,2015-11-11,2555
11755,2015-11-11,4158
3556,2015-11-11,1950
11841,2015-11-11,4180
6807,2015-11-11,2818
13805,2015-11-12,4686
6967,2015-11-12,2867
11692,2015-11-12,4141
448,2015-11-12,1123
626,2015-11-12,1170
819,2015-11-12,1226
11632,2015-11-12,4127
8654,2015-11-12,3323
8821,2015-11-12,3370
1569,2015-11-12,1430
11076,2015-11-12,3968
6107,2015-11-12,2639
11372,2015-11-12,4063
1889,2015-11-12,1513
4274,2015-11-12,2147
706,2015-11-12,1193
10155,2015-11-12,3728
350,2015-11-12,1098
14397,2015-11-13,4836
14375,2015-11-13,4831
6657,2015-11-13,2784
1027,2015-11-13,1283
12268,2015-11-13,4288
4937,2015-11-13,2326
3407,2015-11-13,1916
2721,2015-11-13,1743
3124,2015-11-13,1844
11285,2015-11-13,4034
3949,2015-11-13,2057
11829,2015-11-13,4178
10490,2015-11-13,3812
2219,2015-11-13,1608
14866,2015-11-13,4968
12656,2015-11-13,4382
5169,2015-11-13,2389
238,2015-11-13,1065
13394,2015-11-13,4582
8780,2015-11-14,3360
12429,2015-11-14,4322
3926,2015-11-14,2051
11430,2015-11-14,4078
5894,2015-11-14,2582
8202,2015-11-14,3202
9151,2015-11-14,3468
14503,2015-11-14,4864
3800,2015-11-14,2019
11502,2015-11-14,4097
7911,2015-11-14,3120
2486,2015-11-14,1678
9055,2015-11-14,3442
8877,2015-11-14,3390
8323,2015-11-14,3235
7451,2015-11-14,3001
12055,2015-11-14,4232
753,2015-11-14,1207
14027,2015-11-15,4742
12600,2015-11-15,4367
11168,2015-11-15,3999
7526,2015-11-15,3022
14348,2015-11-15,4825
5379,2015-11-15,2443
8972,2015-11-15,3416
11548,2015-11-15,4107
9120,2015-11-15,3462
398,2015-11-15,1110
11215,2015-11-15,4014
1866,2015-11-15,1508
9333,2015-11-15,3511
6334,2015-11-15,2700
3468,2015-11-15,1930
657,2015-11-15,1178
5724,2015-11-15,2539
2803,2015-11-15,1764
6896,2015-11-15,2848
14530,2015-11-15,4871
5350,2015-11-15,2437
13566,2015-11-16,4629
5760,2015-11-16,2548
7367,2015-11-16,2977
665,2015-11-16,1181
6781,2015-11-16,2813
10038,2015-11-16,3693
1496,2015-11-16,1412
12158,2015-11-16,4260
7854,2015-11-16,3107
5682,2015-11-16,2525
3408,2015-11-16,1916
6352,2015-11-16,2705
11169,2015-11-16,3999
12826,2015-11-16,4431
8005,2015-11-16,3145
7315,2015-11-16,2961
7989,2015-11-16,3141
1637,2015-11-16,1450
8636,2015-11-17,3319
13697,2015-11-17,4662
13488,2015-11-17,4607
11231,2015-11-17,4018
3445,2015-11-17,1924
9337,2015-11-17,3512
5886,2015-11-17,2580
304,2015-11-17,1086
12664,2015-11-17,4385
4527,2015-11-17,2216
953,2015-11-17,1264
5590,2015-11-17,2506
3080,2015-11-17,1832
3883,2015-11-17,2042
2550,2015-11-17,1697
11693,2015-11-17,4142
7623,2015-11-18,3046
9264,2015-11-18,3495
6351,2015-11-18,2704
6061,2015-11-18,2625
13458,2015-11-18,4598
10677,2015-11-18,3862
9094,2015-11-18,3455
5750,2015-11-18,2545
5253,2015-11-18,2410
4164,2015-11-18,2115
10625,2015-11-18,3848
10761,2015-11-18,3886
1235,2015-11-18,1340
1023,2015-11-18,1282
14790,2015-11-18,4947
11136,2015-11-18,3986
3515,2015-11-18,1940
9242,2015-11-18,3489
13844,2015-11-18,4694
3884,2015-11-19,2042
270,2015-11-19,1075
48,2015-11-19,1012
10954,2015-11-19,3937
1404,2015-11-19,1385
7040,2015-11-19,2885
10984,2015-11-19,3946
8501,2015-11-19,3284
3805,2015-11-19,2020
2830,2015-11-19,1770
8623,2015-11-19,3315
14071,2015-11-19,4751
2060,2015-11-19,1566
6556,2015-11-19,2758
4197,2015-11-19,2127
2310,2015-11-19,1628
13039,2015-11-19,4489
830,2015-11-19,1230
7165,2015-11-19,2924
455,2015-11-19,1125
14266,2015-11-19,4804
11392,2015-11-19,4068
404,2015-11-20,1111
399,2015-11-20,1110
1659,2015-11-20,1456
8233,2015-11-20,3208
2667,2015-11-20,1731
588,2015-11-20,1160
1741,2015-11-20,1477
14720,2015-11-20,4932
4739,2015-11-20,2271
2414,2015-11-20,1655
851,2015-11-20,1234
8346,2015-11-20,3244
1114,2015-11-20,1306
3315,2015-11-20,1892
9915,2015-11-20,3663
3647,2015-11-20,1979
3006,2015-11-20,1814
8145,2015-11-20,3184
5285,2015-11-21,2421
3648,2015-11-21,1979
10196,2015-11-21,3737
12557,2015-11-21,4355
1753,2015-11-21,1480
5254,2015-11-21,2410
9219,2015-11-21,3484
6313,2015-11-21,2694
939,2015-11-21,1259
10209,2015-11-21,3741
3054,2015-11-21,1825
728,2015-11-21,1199
9692,2015-11-21,3599
13980,2015-11-21,4727
14243,2015-11-21,4798
4789,2015-11-21,2286
12008,2015-11-21,4220
1384,2015-11-21,1380
11182,2015-11-21,4003
8168,2015-11-21,3190
13092,2015-11-22,4502
10288,2015-11-22,3760
5194,2015-11-22,2394
12638,2015-11-22,4376
10775,2015-11-22,3891
9210,2015-11-22,3483
6149,2015-11-22,2650
14175,2015-11-22,4781
721,2015-11-22,1197
9470,2015-11-22,3546
5286,2015-11-22,2421
12968,2015-11-22,4467
1762,2015-11-22,1482
13998,2015-11-22,4734
5569,2015-11-22,2499
3090,2015-11-22,1834
6808,2015-11-22,2818
2597,2015-11-22,1711
5959,2015-11-22,2599
2465,2015-11-22,1670
6284,2015-11-22,2688
1082,2015-11-23,1296
3563,2015-11-23,1952
6548,2015-11-23,2756
2124,2015-11-23,1583
11012,2015-11-23,3955
5080,2015-11-23,2362
12906,2015-11-23,4452
8100,2015-11-23,3175
11073,2015-11-23,3967
10718,2015-11-23,3872
3747,2015-11-23,2007
994,2015-11-23,1276
8164,2015-11-23,3189
954,2015-11-23,1264
3734,2015-11-23,2003
13894,2015-11-23,4706
4053,2015-11-23,2082
14773,2015-11-23,4942
11993,2015-11-23,4217
6893,2015-11-23,2847
5346,2015-11-24,2436
3947,2015-11-24,2056
14225,2015-11-24,4793
14803,2015-11-24,4951
8022,2015-11-24,3152
14273,2015-11-24,4806
4134,2015-11-24,2106
5737,2015-11-24,2542
5758,2015-11-24,2547
14951,2015-11-24,4996
12699,2015-11-24,4393
9275,2015-11-24,3497
11803,2015-11-24,4169
6898,2015-11-24,2849
6314,2015-11-24,2694
4336,2015-11-24,2164
14752,2015-11-24,4938
7074,2015-11-24,2899
9983,2015-11-24,3680
12467,2015-11-24,4332
9599,2015-11-24,3580
5517,2015-11-24,2481
9114,2015-11-24,3460
4358,2015-11-25,2168
7276,2015-11-25,2952
13491,2015-11-25,4608
7563,2015-11-25,3031
1644,2015-11-25,1452
12077,2015-11-25,4236
6165,2015-11-25,2654
7371,2015-11-25,2978
9821,2015-11-25,3637
4,2015-11-25,1000
2336,2015-11-25,1635
8156,2015-11-25,3186
164,2015-11-25,1045
4899,2015-11-25,2314
14650,2015-11-25,4910
5532,2015-11-25,2486
12236,2015-11-25,4277
9543,2015-11-25,3563
14638,2015-11-25,4905
9699,2015-11-26,3600
6229,2015-11-26,2672
4526,2015-11-26,2215
13098,2015-11-26,4503
149,2015-11-26,1040
5814,2015-11-26,2560
11688,2015-11-26,4139
918,2015-11-26,1251
10143,2015-11-26,3724
1979,2015-11-26,1540
5877,2015-11-26,2578
8229,2015-11-26,3207
3668,2015-11-26,1985
1937,2015-11-26,1526
10427,2015-11-26,3794
1558,2015-11-26,1427
1406,2015-11-26,1385
10342,2015-11-27,3773
13551,2015-11-27,4624
3258,2015-11-27,1878
716,2015-11-27,1196
8336,2015-11-27,3239
2302,2015-11-27,1625
8199,2015-11-27,3201
2719,2015-11-27,1742
3047,2015-11-27,1823
4754,2015-11-27,2273
9067,2015-11-27,3447
3121,2015-11-27,1843
10186,2015-11-27,3736
3973,2015-11-27,2063
7705,2015-11-27,3067
941,2015-11-27,1259
9905,2015-11-27,3661
6095,2015-11-27,2633
9147,2015-11-27,3467
8070,2015-11-27,3165
14360,2015-11-27,4827
7298,2015-11-27,2957
13017,2015-11-27,4484
4139,2015-11-27,2107
9979,2015-11-27,3679
13367,2015-11-27,4574
9723,2015-11-27,3608
6250,2015-11-28,2678
11564,2015-11-28,4110
6145,2015-11-28,2649
14333,2015-11-28,4821
1233,2015-11-28,1339
6442,2015-11-28,2728
12697,2015-11-28,4392
4432,2015-11-28,2188
5229,2015-11-28,2403
9473,2015-11-28,3547
1597,2015-11-28,1438
13237,2015-11-28,4538
4954,2015-11-28,2331
1788,2015-11-28,1488
11666,2015-11-28,4134
7595,2015-11-28,3039
10183,2015-11-28,3735
11505,2015-11-28,4097
12877,2015-11-28,4442
6332,2015-11-28,2699
4989,2015-11-28,2340
4017,2015-11-28,2072
12544,2015-11-28,4352
1901,2015-11-28,1515
7649,2015-11-29,3051
1286,2015-11-29,1354
12857,2015-11-29,4437
10175,2015-11-29,3732
671,2015-11-29,1182
4939,2015-11-29,2326
2381,2015-11-29,1649
8858,2015-11-29,3384
8664,2015-11-29,3325
2455,2015-11-29,1665
3353,2015-11-29,1901
13390,2015-11-29,4580
1337,2015-11-29,1366
9073,2015-11-29,3449
13214,2015-11-29,4532
4511,2015-11-29,2211
14662,2015-11-29,4914
10160,2015-11-29,3729
1204,2015-11-29,1331
13122,2015-11-29,4509
10817,2015-11-29,3902
3135,2015-11-29,1846
9300,2015-11-29,3503
13609,2015-11-29,4641
7581,2015-11-29,3035
13565,2015-11-29,4628
428,2015-11-29,1116
8760,2015-11-29,3354
6596,2015-11-30,2765
319,2015-11-30,1088
8576,2015-11-30,3304
1855,2015-11-30,1504
8306,2015-11-30,3227
9971,2015-11-30,3677
2976,2015-11-30,1804
13012,2015-11-30,4482
5588,2015-11-30,2505
14854,2015-11-30,4964
11535,2015-11-30,4104
2056,2015-11-30,1565
2434,2015-11-30,1659
9467,2015-11-30,3545
7132,2015-11-30,2914
1974,2015-11-30,1538
13368,2015-11-30,4574
7700,2015-11-30,3066
809,2015-11-30,1223
12886,2015-12-01,4445
7508,2015-12-01,3016
14498,2015-12-01,4864
11599,2015-12-01,4120
6118,2015-12-01,2643
11322,2015-12-01,4044
12862,2015-12-01,4440
7952,2015-12-01,3133
1691,2015-12-01,1466
11986,2015-12-01,4217
6261,2015-12-01,2682
12558,2015-12-01,4356
623,2015-12-01,1170
4620,2015-12-01,2240
5226,2015-12-01,2403
5873,2015-12-01,2578
3354,2015-12-01,1902
12109,2015-12-01,4246
998,2015-12-01,1277
6638,2015-12-01,2779
1282,2015-12-01,1354
8875,2015-12-01,3390
6844,2015-12-02,2834
2187,2015-12-02,1601
12818,2015-12-02,4430
8423,2015-12-02,3260
7287,2015-12-02,2956
10262,2015-12-02,3756
9807,2015-12-02,3634
21,2015-12-02,1004
5561,2015-12-02,2496
4528,2015-12-02,2217
3284,2015-12-02,1886
13970,2015-12-02,4725
10647,2015-12-02,3855
13612,2015-12-02,4643
1205,2015-12-02,1332
11931,2015-12-02,4202
8761,2015-12-02,3355
13399,2015-12-02,4584
6947,2015-12-02,2861
13713,2015-12-02,4666
13022,2015-12-02,4486
14400,2015-12-02,4837
4578,2015-12-03,2231
3201,2015-12-03,1865
6033,2015-12-03,2618
13610,2015-12-03,4642
9614,2015-12-03,3583
8087,2015-12-03,3170
14380,2015-12-03,4832
260,2015-12-03,1073
7777,2015-12-03,3088
11536,2015-12-03,4105
10738,2015-12-03,3879
12079,2015-12-03,4238
7652,2015-12-03,3053
10617,2015-12-03,3847
2249,2015-12-03,1615
12301,2015-12-03,4294
10360,2015-12-03,3778
2799,2015-12-03,1763
2856,2015-12-03,1777
7381,2015-12-03,2981
12428,2015-12-03,4322
2328,2015-12-03,1634
9906,2015-12-03,3662
885,2015-12-04,1242
4030,2015-12-04,2076
7834,2015-12-04,3102
7116,2015-12-04,2910
4787,2015-12-04,2286
895,2015-12-04,1245
13000,2015-12-04,4478
553,2015-12-04,1150
9995,2015-12-04,3683
6615,2015-12-04,2772
14500,2015-12-04,4864
6973,2015-12-04,2868
2472,2015-12-04,1674
12084,2015-12-04,4240
2925,2015-12-04,1793
5496,2015-12-04,2476
12116,2015-12-04,4249
2338,2015-12-05,1636
5178,2015-12-05,2391
8977,2015-12-05,3419
5158,2015-12-05,2386
2905,2015-12-05,1788
10998,2015-12-05,3950
2624,2015-12-05,1720
8733,2015-12-05,3348
5791,2015-12-05,2555
12477,2015-12-05,4335
12366,2015-12-05,4308
12285,2015-12-05,4292
9845,2015-12-05,3645
13221,2015-12-05,4535
7678,2015-12-05,3061
2589,2015-12-05,1710
5671,2015-12-05,2524
9997,2015-12-05,3683
2110,2015-12-05,1580
1928,2015-12-05,1524
6071,2015-12-06,2629
12033,2015-12-06,4226
10169,2015-12-06,3732
3118,2015-12-06,1843
7696,2015-12-06,3066
1602,2015-12-06,1440
3439,2015-12-06,1923
10194,2015-12-06,3737
13623,2015-12-06,4645
8157,2015-12-06,3188
5572,2015-12-06,2500
12243,2015-12-06,4280
12233,2015-12-06,4277
12026,2015-12-06,4224
4614,2015-12-06,2238
5656,2015-12-06,2520
10575,2015-12-06,3836
3898,2015-12-07,2045
4408,2015-12-07,2184
6815,2015-12-07,2824
13150,2015-12-07,4516
8926,2015-12-07,3404
950,2015-12-07,1264
12343,2015-12-07,4303
6245,2015-12-07,2677
14325,2015-12-07,4820
2397,2015-12-07,1653
6157,2015-12-07,2653
5236,2015-12-07,2406
8427,2015-12-08,3262
4976,2015-12-08,2338
3745,2015-12-08,2006
8706,2015-12-08,3339
10221,2015-12-08,3744
14636,2015-12-08,4903
8113,2015-12-08,3178
1524,2015-12-08,1420
12281,2015-12-08,4291
3535,2015-12-08,1946
4942,2015-12-08,2327
2488,2015-12-08,1679
7727,2015-12-08,3076
13428,2015-12-08,4592
13419,2015-12-08,4589
6179,2015-12-08,2659
8349,2015-12-08,3245
14419,2015-12-08,4842
4352,2015-12-08,2167
7338,2015-12-08,2969
2636,2015-12-08,1723
2257,2015-12-08,1616
563,2015-12-08,1153
2479,2015-12-09,1677
1005,2015-12-09,1278
45,2015-12-09,1011
8653,2015-12-09,3323
13476,2015-12-09,4604
12282,2015-12-09,4291
3678,2015-12-09,1991
12091,2015-12-09,4242
10923,2015-12-09,3927
2189,2015-12-09,1601
8439,2015-12-09,3265
5123,2015-12-09,2375
14390,2015-12-09,4835
14049,2015-12-09,4746
11590,2015-12-10,4117
9808,2015-12-10,3634
6230,2015-12-10,2673
6981,2015-12-10,2869
13172,2015-12-10,4524
13561,2015-12-10,4628
12993,2015-12-10,4474
727,2015-12-10,1199
13372,2015-12-10,4575
14750,2015-12-10,4938
7632,2015-12-10,3048
4348,2015-12-10,2166
8217,2015-12-11,3205
11600,2015-12-11,4120
5861,2015-12-11,2574
7169,2015-12-11,2925
5020,2015-12-11,2348
10142,2015-12-11,3724
5978,2015-12-11,2602
11391,2015-12-11,4068
7145,2015-12-11,2918
9352,2015-12-11,3517
11367,2015-12-11,4060
12147,2015-12-11,4258
8942,2015-12-11,3409
1909,2015-12-11,1518
3279,2015-12-11,1884
9566,2015-12-11,3571
12718,2015-12-11,4400
12417,2015-12-11,4320
10195,2015-12-12,3737
4268,2015-12-12,2145
5324,2015-12-12,2432
688,2015-12-12,1187
10060,2015-12-12,3699
12081,2015-12-12,4238
552,2015-12-12,1149
2717,2015-12-12,1742
9726,2015-12-12,3609
7060,2015-12-12,2893
9846,2015-12-12,3645
2052,2015-12-12,1565
10687,2015-12-12,3864
5639,2015-12-12,2517
8292,2015-12-12,3225
12179,2015-12-12,4265
4618,2015-12-13,2239
9349,2015-12-13,3516
886,2015-12-13,1242
3579,2015-12-13,1959
8129,2015-12-13,3181
9811,2015-12-13,3635
8887,2015-12-13,3394
10785,2015-12-13,3894
1270,2015-12-13,1349
5261,2015-12-13,2413
9365,2015-12-13,3519
9686,2015-12-13,3597
10763,2015-12-13,3888
6043,2015-12-14,2620
6208,2015-12-14,2666
12380,2015-12-14,4312
5889,2015-12-14,2581
10580,2015-12-14,3838
11164,2015-12-14,3998
2053,2015-12-14,1565
9180,2015-12-14,3475
6882,2015-12-14,2843
3657,2015-12-14,1982
14929,2015-12-14,4990
11615,2015-12-14,4123
1780,2015-12-14,1486
141,2015-12-14,1038
9657,2015-12-14,3592
887,2015-12-14,1242
5660,2015-12-14,2521
599,2015-12-14,1163
9549,2015-12-14,3566
10453,2015-12-14,3803
8974,2015-12-15,3417
3963,2015-12-15,2061
5182,2015-12-15,2392
5625,2015-12-15,2513
2320,2015-12-15,1632
5063,2015-12-15,2358
3934,2015-12-15,2054
14058,2015-12-15,4748
13487,2015-12-15,4607
4958,2015-12-15,2332
7643,2015-12-15,3050
911,2015-12-15,1248
3588,2015-12-15,1961
13468,2015-12-15,4601
2656,2015-12-15,1729
9638,2015-12-15,3588
8709,2015-12-15,3341
11856,2015-12-15,4184
6437,2015-12-15,2727
137,2015-12-16,1037
4542,2015-12-16,2221
5964,2015-12-16,2600
6551,2015-12-16,2757
11890,2015-12-16,4192
9090,2015-12-16,3453
3911,2015-12-16,2048
6170,2015-12-16,2656
4791,2015-12-16,2287
1305,2015-12-16,1360
5926,2015-12-16,2590
1618,2015-12-16,1444
3892,2015-12-16,2044
4786,2015-12-16,2285
13525,2015-12-16,4618
8081,2015-12-16,3168
13963,2015-12-16,4722
756,2015-12-16,1208
13062,2015-12-16,4495
9877,2015-12-16,3654
5003,2015-12-17,2344
9091,2015-12-17,3454
13765,2015-12-17,4678
10126,2015-12-17,3719
11317,2015-12-17,4042
5009,2015-12-17,2345
7831,2015-12-17,3101
2227,2015-12-17,1609
14418,2015-12-17,4841
12680,2015-12-17,4389
10043,2015-12-17,3694
10346,2015-12-17,3774
12434,2015-12-17,4323
9677,2015-12-17,3595
2387,2015-12-17,1651
10516,2015-12-17,3818
14685,2015-12-17,4922
1728,2015-12-17,1475
4904,2015-12-17,2315
1570,2015-12-17,1430
9623,2015-12-17,3584
10848,2015-12-18,3910
5444,2015-12-18,2460
5541,2015-12-18,2490
3030,2015-12-18,1819
2983,2015-12-18,1807
4543,2015-12-18,2221
4678,2015-12-18,2255
9934,2015-12-18,3668
11190,2015-12-18,4006
11991,2015-12-18,4217
7562,2015-12-18,3031
8319,2015-12-18,3232
12935,2015-12-18,4459
6811,2015-12-18,2822
13557,2015-12-18,4627
6579,2015-12-18,2762
10504,2015-12-18,3816
7518,2015-12-19,3019
4004,2015-12-19,2070
6827,2015-12-19,2829
5220,2015-12-19,2401
13096,2015-12-19,4503
7308,2015-12-19,2960
12070,2015-12-19,4235
12056,2015-12-19,4232
4817,2015-12-19,2293
3758,2015-12-19,2010
1398,2015-12-19,1384
14410,2015-12-19,4839
10811,2015-12-20,3900
6945,2015-12-20,2860
4118,2015-12-20,2101
4906,2015-12-20,2315
7051,2015-12-20,2888
9704,2015-12-20,3601
2910,2015-12-20,1788
4397,2015-12-20,2178
12764,2015-12-20,4412
12333,2015-12-20,4301
4024,2015-12-20,2074
2370,2015-12-20,1647
10099,2015-12-20,3712
3908,2015-12-20,2047
14448,2015-12-20,4851
2715,2015-12-20,1741
13231,2015-12-20,4537
14924,2015-12-20,4988
3827,2015-12-20,2028
14314,2015-12-20,4817
6876,2015-12-20,2841
6989,2015-12-20,2871
9049,2015-12-21,3440
1447,2015-12-21,1397
5423,2015-12-21,2453
12126,2015-12-21,4251
1676,2015-12-21,1461
444,2015-12-21,1122
13138,2015-12-21,4512
8880,2015-12-21,3391
12519,2015-12-21,4343
2894,2015-12-21,1785
9237,2015-12-21,3488
11328,2015-12-22,4045
8252,2015-12-22,3214
11275,2015-12-22,4030
3764,2015-12-22,2011
4569,2015-12-22,2229
11771,2015-12-22,4162
2295,2015-12-22,1624
6804,2015-12-22,2817
10017,2015-12-22,3687
7270,2015-12-22,2951
9820,2015-12-22,3637
5540,2015-12-22,2489
7913,2015-12-23,3120
14540,2015-12-23,4874
3854,2015-12-23,2035
11184,2015-12-23,4003
12791,2015-12-23,4419
4595,2015-12-23,2234
12915,2015-12-23,4454
8509,2015-12-23,3286
9976,2015-12-23,3679
8242,2015-12-23,3210
6246,2015-12-23,2677
14608,2015-12-23,4894
3765,2015-12-23,2011
9227,2015-12-23,3486
12779,2015-12-23,4416
5774,2015-12-23,2550
13359,2015-12-23,4573
11195,2015-12-23,4007
5794,2015-12-23,2555
6969,2015-12-23,2867
10456,2015-12-23,3803
12980,2015-12-23,4470
12848,2015-12-23,4436
7867,2015-12-23,3111
2778,2015-12-23,1757
4596,2015-12-24,2234
11046,2015-12-24,3961
11877,2015-12-24,4190
8615,2015-12-24,3312
12593,2015-12-24,4364
7452,2015-12-24,3001
11594,2015-12-24,4118
14254,2015-12-24,4800
14043,2015-12-24,4745
9078,2015-12-24,3450
7796,2015-12-24,3092
13556,2015-12-24,4626
8826,2015-12-24,3373
1680,2015-12-24,1463
8191,2015-12-24,3199
9146,2015-12-24,3467
8010,2015-12-24,3147
10806,2015-12-24,3899
4855,2015-12-24,2301
5761,2015-12-25,2548
1141,2015-12-25,1313
1226,2015-12-25,1337
13673,2015-12-25,4656
7654,2015-12-25,3053
8644,2015-12-25,3321
12507,2015-12-25,4340
9606,2015-12-25,3581
7954,2015-12-25,3133
11118,2015-12-25,3981
434,2015-12-25,1118
8238,2015-12-25,3209
3282,2015-12-25,1885
6820,2015-12-25,2825
2664,2015-12-25,1730
12350,2015-12-25,4303
7357,2015-12-26,2974
5453,2015-12-26,2463
6154,2015-12-26,2652
2649,2015-12-26,1726
12922,2015-12-26,4455
8524,2015-12-26,3289
13177,2015-12-26,4524
14911,2015-12-26,4985
14960,2015-12-26,4999
11756,2015-12-26,4158
8389,2015-12-26,3251
7161,2015-12-26,2922
11681,2015-12-26,4137
6846,2015-12-26,2834
6471,2015-12-26,2736
14953,2015-12-27,4997
5459,2015-12-27,2465
1174,2015-12-27,1324
14082,2015-12-27,4755
9043,2015-12-27,3438
9833,2015-12-27,3641
11306,2015-12-27,4039
14268,2015-12-27,4804
574,2015-12-27,1155
5592,2015-12-27,2506
5599,2015-12-27,2508
11878,2015-12-27,4190
12016,2015-12-27,4222
8463,2015-12-27,3271
7608,2015-12-27,3042
6643,2015-12-27,2779
3964,2015-12-27,2061
5334,2015-12-27,2433
7470,2015-12-27,3006
2801,2015-12-27,1763
2538,2015-12-27,1693
4550,2015-12-28,2222
7038,2015-12-28,2884
1470,2015-12-28,1406
4835,2015-12-28,2295
3709,2015-12-28,1997
11480,2015-12-28,4091
307,2015-12-28,1086
5917,2015-12-28,2588
2586,2015-12-28,1708
11758,2015-12-28,4159
12364,2015-12-28,4306
7021,2015-12-28,2879
6590,2015-12-28,2764
8325,2015-12-28,3235
13944,2015-12-28,4719
7689,2015-12-28,3063
8239,2015-12-28,3209
9781,2015-12-28,3622
5399,2015-12-28,2447
5404,2015-12-29,2448
11300,2015-12-29,4037
11495,2015-12-29,4095
11205,2015-12-29,4010
795,2015-12-29,1218
802,2015-12-29,1220
6858,2015-12-29,2836
4878,2015-12-29,2309
5826,2015-12-29,2563
12261,2015-12-29,4285
8586,2015-12-29,3306
6821,2015-12-29,2825
7897,2015-12-29,3118
8797,2015-12-29,3363
606,2015-12-29,1165
11922,2015-12-29,4199
9806,2015-12-29,3633
13627,2015-12-29,4645
1302,2015-12-29,1358
8819,2015-12-29,3369
1619,2015-12-29,1444
12545,2015-12-29,4352
1801,2015-12-30,1491
6770,2015-12-30,2810
13330,2015-12-30,4565
10202,2015-12-30,3738
11084,2015-12-30,3971
11361,2015-12-30,4058
14497,2015-12-30,4863
9597,2015-12-30,3579
7444,2015-12-30,2997
9540,2015-12-30,3562
6689,2015-12-30,2790
3594,2015-12-30,1963
2826,2015-12-30,1769
8172,2015-12-30,3191
1874,2015-12-30,1509
5596,2015-12-30,2507
1942,2015-12-30,1527
7343,2015-12-30,2970
4250,2015-12-30,2140
